2021-10-30 17:04:01.405151,ABS,22,19.2,20.6,19.95,"4,30",20,"48,60",20.05,"34,30",20.05,"54,50",-0.55,-2.7%,20.1,"15,10",20.15,"19,20",20.2,"53,90","1,746,30",20.5,19.9,N,N,N
2021-10-30 17:04:02.203191,ABS,22,19.2,20.6,19.95,"4,30",20,"48,60",20.05,"34,30",20.05,"54,50",-0.55,-2.7%,20.1,"15,10",20.15,"19,20",20.2,"53,90","1,746,30",20.5,19.9,N,N,N
2021-10-30 17:04:03.037245,ABS,22,19.2,20.6,19.95,"4,30",20,"48,60",20.05,"34,30",20.05,"54,50",-0.55,-2.7%,20.1,"15,10",20.15,"19,20",20.2,"53,90","1,746,30",20.5,19.9,N,N,N
2021-10-30 17:04:03.819209,ABS,22,19.2,20.6,19.95,"4,30",20,"48,60",20.05,"34,30",20.05,"54,50",-0.55,-2.7%,20.1,"15,10",20.15,"19,20",20.2,"53,90","1,746,30",20.5,19.9,N,N,N
2021-10-30 17:04:04.605266,ABS,22,19.2,20.6,19.95,"4,30",20,"48,60",20.05,"34,30",20.05,"54,50",-0.55,-2.7%,20.1,"15,10",20.15,"19,20",20.2,"53,90","1,746,30",20.5,19.9,N,N,N
2021-10-30 17:04:05.359225,ABS,22,19.2,20.6,19.95,"4,30",20,"48,60",20.05,"34,30",20.05,"54,50",-0.55,-2.7%,20.1,"15,10",20.15,"19,20",20.2,"53,90","1,746,30",20.5,19.9,N,N,N
2021-10-30 17:04:06.113313,ABS,22,19.2,20.6,19.95,"4,30",20,"48,60",20.05,"34,30",20.05,"54,50",-0.55,-2.7%,20.1,"15,10",20.15,"19,20",20.2,"53,90","1,746,30",20.5,19.9,N,N,N
2021-10-30 17:04:06.893874,ABS,22,19.2,20.6,19.95,"4,30",20,"48,60",20.05,"34,30",20.05,"54,50",-0.55,-2.7%,20.1,"15,10",20.15,"19,20",20.2,"53,90","1,746,30",20.5,19.9,N,N,N
2021-10-30 17:04:07.646380,ABS,22,19.2,20.6,19.95,"4,30",20,"48,60",20.05,"34,30",20.05,"54,50",-0.55,-2.7%,20.1,"15,10",20.15,"19,20",20.2,"53,90","1,746,30",20.5,19.9,N,N,N
2021-10-30 17:04:08.426693,ABS,22,19.2,20.6,19.95,"4,30",20,"48,60",20.05,"34,30",20.05,"54,50",-0.55,-2.7%,20.1,"15,10",20.15,"19,20",20.2,"53,90","1,746,30",20.5,19.9,N,N,N
2021-10-30 17:04:09.195394,ABS,22,19.2,20.6,19.95,"4,30",20,"48,60",20.05,"34,30",20.05,"54,50",-0.55,-2.7%,20.1,"15,10",20.15,"19,20",20.2,"53,90","1,746,30",20.5,19.9,N,N,N
2021-10-30 17:04:09.976725,ABS,22,19.2,20.6,19.95,"4,30",20,"48,60",20.05,"34,30",20.05,"54,50",-0.55,-2.7%,20.1,"15,10",20.15,"19,20",20.2,"53,90","1,746,30",20.5,19.9,N,N,N
2021-10-30 17:04:11.510465,ABS,22,19.2,20.6,19.95,"4,30",20,"48,60",20.05,"34,30",20.05,"54,50",-0.55,-2.7%,20.1,"15,10",20.15,"19,20",20.2,"53,90","1,746,30",20.5,19.9,N,N,N
2021-10-30 17:04:12.526803,ABS,22,19.2,20.6,19.95,"4,30",20,"48,60",20.05,"34,30",20.05,"54,50",-0.55,-2.7%,20.1,"15,10",20.15,"19,20",20.2,"53,90","1,746,30",20.5,19.9,N,N,N
2021-10-30 17:04:13.366467,ABS,22,19.2,20.6,19.95,"4,30",20,"48,60",20.05,"34,30",20.05,"54,50",-0.55,-2.7%,20.1,"15,10",20.15,"19,20",20.2,"53,90","1,746,30",20.5,19.9,N,N,N
2021-10-30 17:04:14.159521,ABS,22,19.2,20.6,19.95,"4,30",20,"48,60",20.05,"34,30",20.05,"54,50",-0.55,-2.7%,20.1,"15,10",20.15,"19,20",20.2,"53,90","1,746,30",20.5,19.9,N,N,N
2021-10-30 17:04:14.941973,ABS,22,19.2,20.6,19.95,"4,30",20,"48,60",20.05,"34,30",20.05,"54,50",-0.55,-2.7%,20.1,"15,10",20.15,"19,20",20.2,"53,90","1,746,30",20.5,19.9,N,N,N
2021-10-30 17:04:15.715554,ABS,22,19.2,20.6,19.95,"4,30",20,"48,60",20.05,"34,30",20.05,"54,50",-0.55,-2.7%,20.1,"15,10",20.15,"19,20",20.2,"53,90","1,746,30",20.5,19.9,N,N,N
2021-10-30 17:04:16.561010,ABS,22,19.2,20.6,19.95,"4,30",20,"48,60",20.05,"34,30",20.05,"54,50",-0.55,-2.7%,20.1,"15,10",20.15,"19,20",20.2,"53,90","1,746,30",20.5,19.9,N,N,N
2021-10-30 17:04:17.315191,ABS,22,19.2,20.6,19.95,"4,30",20,"48,60",20.05,"34,30",20.05,"54,50",-0.55,-2.7%,20.1,"15,10",20.15,"19,20",20.2,"53,90","1,746,30",20.5,19.9,N,N,N
2021-10-30 17:04:18.086045,ABS,22,19.2,20.6,19.95,"4,30",20,"48,60",20.05,"34,30",20.05,"54,50",-0.55,-2.7%,20.1,"15,10",20.15,"19,20",20.2,"53,90","1,746,30",20.5,19.9,N,N,N
2021-10-30 17:04:18.885062,ABS,22,19.2,20.6,19.95,"4,30",20,"48,60",20.05,"34,30",20.05,"54,50",-0.55,-2.7%,20.1,"15,10",20.15,"19,20",20.2,"53,90","1,746,30",20.5,19.9,N,N,N
2021-10-30 17:04:19.657636,ABS,22,19.2,20.6,19.95,"4,30",20,"48,60",20.05,"34,30",20.05,"54,50",-0.55,-2.7%,20.1,"15,10",20.15,"19,20",20.2,"53,90","1,746,30",20.5,19.9,N,N,N
2021-10-30 17:04:20.427010,ABS,22,19.2,20.6,19.95,"4,30",20,"48,60",20.05,"34,30",20.05,"54,50",-0.55,-2.7%,20.1,"15,10",20.15,"19,20",20.2,"53,90","1,746,30",20.5,19.9,N,N,N
2021-10-30 17:04:21.177033,ABS,22,19.2,20.6,19.95,"4,30",20,"48,60",20.05,"34,30",20.05,"54,50",-0.55,-2.7%,20.1,"15,10",20.15,"19,20",20.2,"53,90","1,746,30",20.5,19.9,N,N,N
2021-10-30 17:04:21.974319,ABS,22,19.2,20.6,19.95,"4,30",20,"48,60",20.05,"34,30",20.05,"54,50",-0.55,-2.7%,20.1,"15,10",20.15,"19,20",20.2,"53,90","1,746,30",20.5,19.9,N,N,N
2021-10-30 17:04:22.719755,ABS,22,19.2,20.6,19.95,"4,30",20,"48,60",20.05,"34,30",20.05,"54,50",-0.55,-2.7%,20.1,"15,10",20.15,"19,20",20.2,"53,90","1,746,30",20.5,19.9,N,N,N
2021-10-30 17:04:23.458620,ABS,22,19.2,20.6,19.95,"4,30",20,"48,60",20.05,"34,30",20.05,"54,50",-0.55,-2.7%,20.1,"15,10",20.15,"19,20",20.2,"53,90","1,746,30",20.5,19.9,N,N,N
2021-10-30 17:04:24.240197,ABS,22,19.2,20.6,19.95,"4,30",20,"48,60",20.05,"34,30",20.05,"54,50",-0.55,-2.7%,20.1,"15,10",20.15,"19,20",20.2,"53,90","1,746,30",20.5,19.9,N,N,N
2021-10-30 17:04:24.990229,ABS,22,19.2,20.6,19.95,"4,30",20,"48,60",20.05,"34,30",20.05,"54,50",-0.55,-2.7%,20.1,"15,10",20.15,"19,20",20.2,"53,90","1,746,30",20.5,19.9,N,N,N
2021-10-30 17:04:25.777166,ABS,22,19.2,20.6,19.95,"4,30",20,"48,60",20.05,"34,30",20.05,"54,50",-0.55,-2.7%,20.1,"15,10",20.15,"19,20",20.2,"53,90","1,746,30",20.5,19.9,N,N,N
2021-10-30 17:04:26.571838,ABS,22,19.2,20.6,19.95,"4,30",20,"48,60",20.05,"34,30",20.05,"54,50",-0.55,-2.7%,20.1,"15,10",20.15,"19,20",20.2,"53,90","1,746,30",20.5,19.9,N,N,N
2021-10-30 17:04:27.381837,ABS,22,19.2,20.6,19.95,"4,30",20,"48,60",20.05,"34,30",20.05,"54,50",-0.55,-2.7%,20.1,"15,10",20.15,"19,20",20.2,"53,90","1,746,30",20.5,19.9,N,N,N
2021-10-30 17:04:28.130894,ABS,22,19.2,20.6,19.95,"4,30",20,"48,60",20.05,"34,30",20.05,"54,50",-0.55,-2.7%,20.1,"15,10",20.15,"19,20",20.2,"53,90","1,746,30",20.5,19.9,N,N,N
2021-10-30 17:04:28.855898,ABS,22,19.2,20.6,19.95,"4,30",20,"48,60",20.05,"34,30",20.05,"54,50",-0.55,-2.7%,20.1,"15,10",20.15,"19,20",20.2,"53,90","1,746,30",20.5,19.9,N,N,N
2021-10-30 17:04:29.704610,ABS,22,19.2,20.6,19.95,"4,30",20,"48,60",20.05,"34,30",20.05,"54,50",-0.55,-2.7%,20.1,"15,10",20.15,"19,20",20.2,"53,90","1,746,30",20.5,19.9,N,N,N
2021-10-30 17:04:30.427252,ABS,22,19.2,20.6,19.95,"4,30",20,"48,60",20.05,"34,30",20.05,"54,50",-0.55,-2.7%,20.1,"15,10",20.15,"19,20",20.2,"53,90","1,746,30",20.5,19.9,N,N,N
2021-10-30 17:04:31.214990,ABS,22,19.2,20.6,19.95,"4,30",20,"48,60",20.05,"34,30",20.05,"54,50",-0.55,-2.7%,20.1,"15,10",20.15,"19,20",20.2,"53,90","1,746,30",20.5,19.9,N,N,N
2021-10-30 17:04:31.990980,ABS,22,19.2,20.6,19.95,"4,30",20,"48,60",20.05,"34,30",20.05,"54,50",-0.55,-2.7%,20.1,"15,10",20.15,"19,20",20.2,"53,90","1,746,30",20.5,19.9,N,N,N
2021-10-30 17:04:32.777342,ABS,22,19.2,20.6,19.95,"4,30",20,"48,60",20.05,"34,30",20.05,"54,50",-0.55,-2.7%,20.1,"15,10",20.15,"19,20",20.2,"53,90","1,746,30",20.5,19.9,N,N,N
2021-10-30 17:04:33.550033,ABS,22,19.2,20.6,19.95,"4,30",20,"48,60",20.05,"34,30",20.05,"54,50",-0.55,-2.7%,20.1,"15,10",20.15,"19,20",20.2,"53,90","1,746,30",20.5,19.9,N,N,N
2021-10-30 17:04:34.277388,ABS,22,19.2,20.6,19.95,"4,30",20,"48,60",20.05,"34,30",20.05,"54,50",-0.55,-2.7%,20.1,"15,10",20.15,"19,20",20.2,"53,90","1,746,30",20.5,19.9,N,N,N
2021-10-30 17:04:35.079052,ABS,22,19.2,20.6,19.95,"4,30",20,"48,60",20.05,"34,30",20.05,"54,50",-0.55,-2.7%,20.1,"15,10",20.15,"19,20",20.2,"53,90","1,746,30",20.5,19.9,N,N,N
2021-10-30 17:04:35.855097,ABS,22,19.2,20.6,19.95,"4,30",20,"48,60",20.05,"34,30",20.05,"54,50",-0.55,-2.7%,20.1,"15,10",20.15,"19,20",20.2,"53,90","1,746,30",20.5,19.9,N,N,N
2021-10-30 17:04:36.635522,ABS,22,19.2,20.6,19.95,"4,30",20,"48,60",20.05,"34,30",20.05,"54,50",-0.55,-2.7%,20.1,"15,10",20.15,"19,20",20.2,"53,90","1,746,30",20.5,19.9,N,N,N
2021-10-30 17:04:37.377471,ABS,22,19.2,20.6,19.95,"4,30",20,"48,60",20.05,"34,30",20.05,"54,50",-0.55,-2.7%,20.1,"15,10",20.15,"19,20",20.2,"53,90","1,746,30",20.5,19.9,N,N,N
2021-10-30 17:04:38.189157,ABS,22,19.2,20.6,19.95,"4,30",20,"48,60",20.05,"34,30",20.05,"54,50",-0.55,-2.7%,20.1,"15,10",20.15,"19,20",20.2,"53,90","1,746,30",20.5,19.9,N,N,N
2021-10-30 17:04:38.941761,ABS,22,19.2,20.6,19.95,"4,30",20,"48,60",20.05,"34,30",20.05,"54,50",-0.55,-2.7%,20.1,"15,10",20.15,"19,20",20.2,"53,90","1,746,30",20.5,19.9,N,N,N
2021-10-30 17:04:39.711199,ABS,22,19.2,20.6,19.95,"4,30",20,"48,60",20.05,"34,30",20.05,"54,50",-0.55,-2.7%,20.1,"15,10",20.15,"19,20",20.2,"53,90","1,746,30",20.5,19.9,N,N,N
2021-10-30 17:04:40.577550,ABS,22,19.2,20.6,19.95,"4,30",20,"48,60",20.05,"34,30",20.05,"54,50",-0.55,-2.7%,20.1,"15,10",20.15,"19,20",20.2,"53,90","1,746,30",20.5,19.9,N,N,N
2021-10-30 17:04:42.201257,ABS,22,19.2,20.6,19.95,"4,30",20,"48,60",20.05,"34,30",20.05,"54,50",-0.55,-2.7%,20.1,"15,10",20.15,"19,20",20.2,"53,90","1,746,30",20.5,19.9,N,N,N
2021-10-30 17:04:43.148283,ABS,22,19.2,20.6,19.95,"4,30",20,"48,60",20.05,"34,30",20.05,"54,50",-0.55,-2.7%,20.1,"15,10",20.15,"19,20",20.2,"53,90","1,746,30",20.5,19.9,N,N,N
2021-10-30 17:04:44.060330,ABS,22,19.2,20.6,19.95,"4,30",20,"48,60",20.05,"34,30",20.05,"54,50",-0.55,-2.7%,20.1,"15,10",20.15,"19,20",20.2,"53,90","1,746,30",20.5,19.9,N,N,N
2021-10-30 17:04:45.059083,ABS,22,19.2,20.6,19.95,"4,30",20,"48,60",20.05,"34,30",20.05,"54,50",-0.55,-2.7%,20.1,"15,10",20.15,"19,20",20.2,"53,90","1,746,30",20.5,19.9,N,N,N
2021-10-30 17:04:45.905762,ABS,22,19.2,20.6,19.95,"4,30",20,"48,60",20.05,"34,30",20.05,"54,50",-0.55,-2.7%,20.1,"15,10",20.15,"19,20",20.2,"53,90","1,746,30",20.5,19.9,N,N,N
2021-10-30 17:04:46.834059,ABS,22,19.2,20.6,19.95,"4,30",20,"48,60",20.05,"34,30",20.05,"54,50",-0.55,-2.7%,20.1,"15,10",20.15,"19,20",20.2,"53,90","1,746,30",20.5,19.9,N,N,N
2021-10-30 17:04:47.718422,ABS,22,19.2,20.6,19.95,"4,30",20,"48,60",20.05,"34,30",20.05,"54,50",-0.55,-2.7%,20.1,"15,10",20.15,"19,20",20.2,"53,90","1,746,30",20.5,19.9,N,N,N
2021-10-30 17:04:48.652464,ABS,22,19.2,20.6,19.95,"4,30",20,"48,60",20.05,"34,30",20.05,"54,50",-0.55,-2.7%,20.1,"15,10",20.15,"19,20",20.2,"53,90","1,746,30",20.5,19.9,N,N,N
2021-10-30 17:04:49.454068,ABS,22,19.2,20.6,19.95,"4,30",20,"48,60",20.05,"34,30",20.05,"54,50",-0.55,-2.7%,20.1,"15,10",20.15,"19,20",20.2,"53,90","1,746,30",20.5,19.9,N,N,N
2021-10-30 17:04:50.223864,ABS,22,19.2,20.6,19.95,"4,30",20,"48,60",20.05,"34,30",20.05,"54,50",-0.55,-2.7%,20.1,"15,10",20.15,"19,20",20.2,"53,90","1,746,30",20.5,19.9,N,N,N
2021-10-30 17:04:51.064909,ABS,22,19.2,20.6,19.95,"4,30",20,"48,60",20.05,"34,30",20.05,"54,50",-0.55,-2.7%,20.1,"15,10",20.15,"19,20",20.2,"53,90","1,746,30",20.5,19.9,N,N,N
2021-10-30 17:04:51.855516,ABS,22,19.2,20.6,19.95,"4,30",20,"48,60",20.05,"34,30",20.05,"54,50",-0.55,-2.7%,20.1,"15,10",20.15,"19,20",20.2,"53,90","1,746,30",20.5,19.9,N,N,N
2021-10-30 17:04:52.664578,ABS,22,19.2,20.6,19.95,"4,30",20,"48,60",20.05,"34,30",20.05,"54,50",-0.55,-2.7%,20.1,"15,10",20.15,"19,20",20.2,"53,90","1,746,30",20.5,19.9,N,N,N
2021-10-30 17:04:53.437547,ABS,22,19.2,20.6,19.95,"4,30",20,"48,60",20.05,"34,30",20.05,"54,50",-0.55,-2.7%,20.1,"15,10",20.15,"19,20",20.2,"53,90","1,746,30",20.5,19.9,N,N,N
2021-10-30 17:04:54.177919,ABS,22,19.2,20.6,19.95,"4,30",20,"48,60",20.05,"34,30",20.05,"54,50",-0.55,-2.7%,20.1,"15,10",20.15,"19,20",20.2,"53,90","1,746,30",20.5,19.9,N,N,N
2021-10-30 17:04:55.023020,ABS,22,19.2,20.6,19.95,"4,30",20,"48,60",20.05,"34,30",20.05,"54,50",-0.55,-2.7%,20.1,"15,10",20.15,"19,20",20.2,"53,90","1,746,30",20.5,19.9,N,N,N
2021-10-30 17:04:55.817288,ABS,22,19.2,20.6,19.95,"4,30",20,"48,60",20.05,"34,30",20.05,"54,50",-0.55,-2.7%,20.1,"15,10",20.15,"19,20",20.2,"53,90","1,746,30",20.5,19.9,N,N,N
2021-10-30 17:04:56.603692,ABS,22,19.2,20.6,19.95,"4,30",20,"48,60",20.05,"34,30",20.05,"54,50",-0.55,-2.7%,20.1,"15,10",20.15,"19,20",20.2,"53,90","1,746,30",20.5,19.9,N,N,N
2021-10-30 17:04:57.368617,ABS,22,19.2,20.6,19.95,"4,30",20,"48,60",20.05,"34,30",20.05,"54,50",-0.55,-2.7%,20.1,"15,10",20.15,"19,20",20.2,"53,90","1,746,30",20.5,19.9,N,N,N
2021-10-30 17:04:58.169743,ABS,22,19.2,20.6,19.95,"4,30",20,"48,60",20.05,"34,30",20.05,"54,50",-0.55,-2.7%,20.1,"15,10",20.15,"19,20",20.2,"53,90","1,746,30",20.5,19.9,N,N,N
2021-10-30 17:04:59.510210,ABS,22,19.2,20.6,19.95,"4,30",20,"48,60",20.05,"34,30",20.05,"54,50",-0.55,-2.7%,20.1,"15,10",20.15,"19,20",20.2,"53,90","1,746,30",20.5,19.9,N,N,N
2021-10-30 17:05:00.599726,ABS,22,19.2,20.6,19.95,"4,30",20,"48,60",20.05,"34,30",20.05,"54,50",-0.55,-2.7%,20.1,"15,10",20.15,"19,20",20.2,"53,90","1,746,30",20.5,19.9,N,N,N
2021-10-30 17:05:01.478241,ABS,22,19.2,20.6,19.95,"4,30",20,"48,60",20.05,"34,30",20.05,"54,50",-0.55,-2.7%,20.1,"15,10",20.15,"19,20",20.2,"53,90","1,746,30",20.5,19.9,N,N,N
2021-10-30 17:05:02.279604,ABS,22,19.2,20.6,19.95,"4,30",20,"48,60",20.05,"34,30",20.05,"54,50",-0.55,-2.7%,20.1,"15,10",20.15,"19,20",20.2,"53,90","1,746,30",20.5,19.9,N,N,N
2021-10-30 17:05:03.158844,ABS,22,19.2,20.6,19.95,"4,30",20,"48,60",20.05,"34,30",20.05,"54,50",-0.55,-2.7%,20.1,"15,10",20.15,"19,20",20.2,"53,90","1,746,30",20.5,19.9,N,N,N
2021-10-30 17:05:03.955864,ABS,22,19.2,20.6,19.95,"4,30",20,"48,60",20.05,"34,30",20.05,"54,50",-0.55,-2.7%,20.1,"15,10",20.15,"19,20",20.2,"53,90","1,746,30",20.5,19.9,N,N,N
2021-10-30 17:05:04.753867,ABS,22,19.2,20.6,19.95,"4,30",20,"48,60",20.05,"34,30",20.05,"54,50",-0.55,-2.7%,20.1,"15,10",20.15,"19,20",20.2,"53,90","1,746,30",20.5,19.9,N,N,N
2021-10-30 17:05:05.964588,ABS,22,19.2,20.6,19.95,"4,30",20,"48,60",20.05,"34,30",20.05,"54,50",-0.55,-2.7%,20.1,"15,10",20.15,"19,20",20.2,"53,90","1,746,30",20.5,19.9,N,N,N
2021-10-30 17:05:06.980929,ABS,22,19.2,20.6,19.95,"4,30",20,"48,60",20.05,"34,30",20.05,"54,50",-0.55,-2.7%,20.1,"15,10",20.15,"19,20",20.2,"53,90","1,746,30",20.5,19.9,N,N,N
2021-10-30 17:05:08.107087,ABS,22,19.2,20.6,19.95,"4,30",20,"48,60",20.05,"34,30",20.05,"54,50",-0.55,-2.7%,20.1,"15,10",20.15,"19,20",20.2,"53,90","1,746,30",20.5,19.9,N,N,N
2021-10-30 17:05:08.915981,ABS,22,19.2,20.6,19.95,"4,30",20,"48,60",20.05,"34,30",20.05,"54,50",-0.55,-2.7%,20.1,"15,10",20.15,"19,20",20.2,"53,90","1,746,30",20.5,19.9,N,N,N
2021-10-30 17:05:09.724000,ABS,22,19.2,20.6,19.95,"4,30",20,"48,60",20.05,"34,30",20.05,"54,50",-0.55,-2.7%,20.1,"15,10",20.15,"19,20",20.2,"53,90","1,746,30",20.5,19.9,N,N,N
2021-10-30 17:05:10.490020,ABS,22,19.2,20.6,19.95,"4,30",20,"48,60",20.05,"34,30",20.05,"54,50",-0.55,-2.7%,20.1,"15,10",20.15,"19,20",20.2,"53,90","1,746,30",20.5,19.9,N,N,N
2021-10-30 17:05:12.256087,ABS,22,19.2,20.6,19.95,"4,30",20,"48,60",20.05,"34,30",20.05,"54,50",-0.55,-2.7%,20.1,"15,10",20.15,"19,20",20.2,"53,90","1,746,30",20.5,19.9,N,N,N
2021-10-30 17:05:13.063610,ABS,22,19.2,20.6,19.95,"4,30",20,"48,60",20.05,"34,30",20.05,"54,50",-0.55,-2.7%,20.1,"15,10",20.15,"19,20",20.2,"53,90","1,746,30",20.5,19.9,N,N,N
2021-10-30 17:05:14.078439,ABS,22,19.2,20.6,19.95,"4,30",20,"48,60",20.05,"34,30",20.05,"54,50",-0.55,-2.7%,20.1,"15,10",20.15,"19,20",20.2,"53,90","1,746,30",20.5,19.9,N,N,N
2021-10-30 17:05:15.124712,ABS,22,19.2,20.6,19.95,"4,30",20,"48,60",20.05,"34,30",20.05,"54,50",-0.55,-2.7%,20.1,"15,10",20.15,"19,20",20.2,"53,90","1,746,30",20.5,19.9,N,N,N
2021-10-30 17:05:15.904203,ABS,22,19.2,20.6,19.95,"4,30",20,"48,60",20.05,"34,30",20.05,"54,50",-0.55,-2.7%,20.1,"15,10",20.15,"19,20",20.2,"53,90","1,746,30",20.5,19.9,N,N,N
2021-10-30 17:05:16.711586,ABS,22,19.2,20.6,19.95,"4,30",20,"48,60",20.05,"34,30",20.05,"54,50",-0.55,-2.7%,20.1,"15,10",20.15,"19,20",20.2,"53,90","1,746,30",20.5,19.9,N,N,N
2021-10-30 17:05:17.759194,ABS,22,19.2,20.6,19.95,"4,30",20,"48,60",20.05,"34,30",20.05,"54,50",-0.55,-2.7%,20.1,"15,10",20.15,"19,20",20.2,"53,90","1,746,30",20.5,19.9,N,N,N
2021-10-30 17:05:18.612304,ABS,22,19.2,20.6,19.95,"4,30",20,"48,60",20.05,"34,30",20.05,"54,50",-0.55,-2.7%,20.1,"15,10",20.15,"19,20",20.2,"53,90","1,746,30",20.5,19.9,N,N,N
2021-10-30 17:05:19.396892,ABS,22,19.2,20.6,19.95,"4,30",20,"48,60",20.05,"34,30",20.05,"54,50",-0.55,-2.7%,20.1,"15,10",20.15,"19,20",20.2,"53,90","1,746,30",20.5,19.9,N,N,N
2021-10-30 17:05:20.178608,ABS,22,19.2,20.6,19.95,"4,30",20,"48,60",20.05,"34,30",20.05,"54,50",-0.55,-2.7%,20.1,"15,10",20.15,"19,20",20.2,"53,90","1,746,30",20.5,19.9,N,N,N
2021-10-30 17:05:20.976750,ABS,22,19.2,20.6,19.95,"4,30",20,"48,60",20.05,"34,30",20.05,"54,50",-0.55,-2.7%,20.1,"15,10",20.15,"19,20",20.2,"53,90","1,746,30",20.5,19.9,N,N,N
2021-10-30 17:05:21.775332,ABS,22,19.2,20.6,19.95,"4,30",20,"48,60",20.05,"34,30",20.05,"54,50",-0.55,-2.7%,20.1,"15,10",20.15,"19,20",20.2,"53,90","1,746,30",20.5,19.9,N,N,N
2021-10-30 17:05:23.008349,ABS,22,19.2,20.6,19.95,"4,30",20,"48,60",20.05,"34,30",20.05,"54,50",-0.55,-2.7%,20.1,"15,10",20.15,"19,20",20.2,"53,90","1,746,30",20.5,19.9,N,N,N
2021-10-30 17:05:24.190075,ABS,22,19.2,20.6,19.95,"4,30",20,"48,60",20.05,"34,30",20.05,"54,50",-0.55,-2.7%,20.1,"15,10",20.15,"19,20",20.2,"53,90","1,746,30",20.5,19.9,N,N,N
2021-10-30 17:05:25.128404,ABS,22,19.2,20.6,19.95,"4,30",20,"48,60",20.05,"34,30",20.05,"54,50",-0.55,-2.7%,20.1,"15,10",20.15,"19,20",20.2,"53,90","1,746,30",20.5,19.9,N,N,N
2021-10-30 17:05:25.931856,ABS,22,19.2,20.6,19.95,"4,30",20,"48,60",20.05,"34,30",20.05,"54,50",-0.55,-2.7%,20.1,"15,10",20.15,"19,20",20.2,"53,90","1,746,30",20.5,19.9,N,N,N
2021-10-30 17:05:26.678784,ABS,22,19.2,20.6,19.95,"4,30",20,"48,60",20.05,"34,30",20.05,"54,50",-0.55,-2.7%,20.1,"15,10",20.15,"19,20",20.2,"53,90","1,746,30",20.5,19.9,N,N,N
2021-10-30 17:05:27.561064,ABS,22,19.2,20.6,19.95,"4,30",20,"48,60",20.05,"34,30",20.05,"54,50",-0.55,-2.7%,20.1,"15,10",20.15,"19,20",20.2,"53,90","1,746,30",20.5,19.9,N,N,N
2021-10-30 17:05:28.321140,ABS,22,19.2,20.6,19.95,"4,30",20,"48,60",20.05,"34,30",20.05,"54,50",-0.55,-2.7%,20.1,"15,10",20.15,"19,20",20.2,"53,90","1,746,30",20.5,19.9,N,N,N
2021-10-30 17:05:29.128847,ABS,22,19.2,20.6,19.95,"4,30",20,"48,60",20.05,"34,30",20.05,"54,50",-0.55,-2.7%,20.1,"15,10",20.15,"19,20",20.2,"53,90","1,746,30",20.5,19.9,N,N,N
2021-10-30 17:05:29.922573,ABS,22,19.2,20.6,19.95,"4,30",20,"48,60",20.05,"34,30",20.05,"54,50",-0.55,-2.7%,20.1,"15,10",20.15,"19,20",20.2,"53,90","1,746,30",20.5,19.9,N,N,N
2021-10-30 17:05:30.728920,ABS,22,19.2,20.6,19.95,"4,30",20,"48,60",20.05,"34,30",20.05,"54,50",-0.55,-2.7%,20.1,"15,10",20.15,"19,20",20.2,"53,90","1,746,30",20.5,19.9,N,N,N
2021-10-30 17:05:31.778920,ABS,22,19.2,20.6,19.95,"4,30",20,"48,60",20.05,"34,30",20.05,"54,50",-0.55,-2.7%,20.1,"15,10",20.15,"19,20",20.2,"53,90","1,746,30",20.5,19.9,N,N,N
2021-10-30 17:05:32.840647,ABS,22,19.2,20.6,19.95,"4,30",20,"48,60",20.05,"34,30",20.05,"54,50",-0.55,-2.7%,20.1,"15,10",20.15,"19,20",20.2,"53,90","1,746,30",20.5,19.9,N,N,N
2021-10-30 17:05:33.749650,ABS,22,19.2,20.6,19.95,"4,30",20,"48,60",20.05,"34,30",20.05,"54,50",-0.55,-2.7%,20.1,"15,10",20.15,"19,20",20.2,"53,90","1,746,30",20.5,19.9,N,N,N
2021-10-30 17:05:34.519518,ABS,22,19.2,20.6,19.95,"4,30",20,"48,60",20.05,"34,30",20.05,"54,50",-0.55,-2.7%,20.1,"15,10",20.15,"19,20",20.2,"53,90","1,746,30",20.5,19.9,N,N,N
2021-10-30 17:05:35.456709,ABS,22,19.2,20.6,19.95,"4,30",20,"48,60",20.05,"34,30",20.05,"54,50",-0.55,-2.7%,20.1,"15,10",20.15,"19,20",20.2,"53,90","1,746,30",20.5,19.9,N,N,N
2021-10-30 17:05:36.232164,ABS,22,19.2,20.6,19.95,"4,30",20,"48,60",20.05,"34,30",20.05,"54,50",-0.55,-2.7%,20.1,"15,10",20.15,"19,20",20.2,"53,90","1,746,30",20.5,19.9,N,N,N
2021-10-30 17:05:37.051447,ABS,22,19.2,20.6,19.95,"4,30",20,"48,60",20.05,"34,30",20.05,"54,50",-0.55,-2.7%,20.1,"15,10",20.15,"19,20",20.2,"53,90","1,746,30",20.5,19.9,N,N,N
2021-10-30 17:05:37.880432,ABS,22,19.2,20.6,19.95,"4,30",20,"48,60",20.05,"34,30",20.05,"54,50",-0.55,-2.7%,20.1,"15,10",20.15,"19,20",20.2,"53,90","1,746,30",20.5,19.9,N,N,N
2021-10-30 17:05:38.637800,ABS,22,19.2,20.6,19.95,"4,30",20,"48,60",20.05,"34,30",20.05,"54,50",-0.55,-2.7%,20.1,"15,10",20.15,"19,20",20.2,"53,90","1,746,30",20.5,19.9,N,N,N
2021-10-30 17:05:39.429133,ABS,22,19.2,20.6,19.95,"4,30",20,"48,60",20.05,"34,30",20.05,"54,50",-0.55,-2.7%,20.1,"15,10",20.15,"19,20",20.2,"53,90","1,746,30",20.5,19.9,N,N,N
2021-10-30 17:05:40.879390,ABS,22,19.2,20.6,19.95,"4,30",20,"48,60",20.05,"34,30",20.05,"54,50",-0.55,-2.7%,20.1,"15,10",20.15,"19,20",20.2,"53,90","1,746,30",20.5,19.9,N,N,N
2021-10-30 17:05:42.065862,ABS,22,19.2,20.6,19.95,"4,30",20,"48,60",20.05,"34,30",20.05,"54,50",-0.55,-2.7%,20.1,"15,10",20.15,"19,20",20.2,"53,90","1,746,30",20.5,19.9,N,N,N
2021-10-30 17:05:42.923846,ABS,22,19.2,20.6,19.95,"4,30",20,"48,60",20.05,"34,30",20.05,"54,50",-0.55,-2.7%,20.1,"15,10",20.15,"19,20",20.2,"53,90","1,746,30",20.5,19.9,N,N,N
2021-10-30 17:05:43.803445,ABS,22,19.2,20.6,19.95,"4,30",20,"48,60",20.05,"34,30",20.05,"54,50",-0.55,-2.7%,20.1,"15,10",20.15,"19,20",20.2,"53,90","1,746,30",20.5,19.9,N,N,N
2021-10-30 17:05:44.587945,ABS,22,19.2,20.6,19.95,"4,30",20,"48,60",20.05,"34,30",20.05,"54,50",-0.55,-2.7%,20.1,"15,10",20.15,"19,20",20.2,"53,90","1,746,30",20.5,19.9,N,N,N
2021-10-30 17:05:45.407949,ABS,22,19.2,20.6,19.95,"4,30",20,"48,60",20.05,"34,30",20.05,"54,50",-0.55,-2.7%,20.1,"15,10",20.15,"19,20",20.2,"53,90","1,746,30",20.5,19.9,N,N,N
2021-10-30 17:05:46.224658,ABS,22,19.2,20.6,19.95,"4,30",20,"48,60",20.05,"34,30",20.05,"54,50",-0.55,-2.7%,20.1,"15,10",20.15,"19,20",20.2,"53,90","1,746,30",20.5,19.9,N,N,N
2021-10-30 17:05:47.057619,ABS,22,19.2,20.6,19.95,"4,30",20,"48,60",20.05,"34,30",20.05,"54,50",-0.55,-2.7%,20.1,"15,10",20.15,"19,20",20.2,"53,90","1,746,30",20.5,19.9,N,N,N
2021-10-30 17:05:47.892451,ABS,22,19.2,20.6,19.95,"4,30",20,"48,60",20.05,"34,30",20.05,"54,50",-0.55,-2.7%,20.1,"15,10",20.15,"19,20",20.2,"53,90","1,746,30",20.5,19.9,N,N,N
2021-10-30 17:05:48.716028,ABS,22,19.2,20.6,19.95,"4,30",20,"48,60",20.05,"34,30",20.05,"54,50",-0.55,-2.7%,20.1,"15,10",20.15,"19,20",20.2,"53,90","1,746,30",20.5,19.9,N,N,N
2021-10-30 17:05:49.620077,ABS,22,19.2,20.6,19.95,"4,30",20,"48,60",20.05,"34,30",20.05,"54,50",-0.55,-2.7%,20.1,"15,10",20.15,"19,20",20.2,"53,90","1,746,30",20.5,19.9,N,N,N
2021-10-30 17:05:50.659117,ABS,22,19.2,20.6,19.95,"4,30",20,"48,60",20.05,"34,30",20.05,"54,50",-0.55,-2.7%,20.1,"15,10",20.15,"19,20",20.2,"53,90","1,746,30",20.5,19.9,N,N,N
2021-10-30 17:05:51.875118,ABS,22,19.2,20.6,19.95,"4,30",20,"48,60",20.05,"34,30",20.05,"54,50",-0.55,-2.7%,20.1,"15,10",20.15,"19,20",20.2,"53,90","1,746,30",20.5,19.9,N,N,N
2021-10-30 17:05:52.904159,ABS,22,19.2,20.6,19.95,"4,30",20,"48,60",20.05,"34,30",20.05,"54,50",-0.55,-2.7%,20.1,"15,10",20.15,"19,20",20.2,"53,90","1,746,30",20.5,19.9,N,N,N
2021-10-30 17:05:53.827171,ABS,22,19.2,20.6,19.95,"4,30",20,"48,60",20.05,"34,30",20.05,"54,50",-0.55,-2.7%,20.1,"15,10",20.15,"19,20",20.2,"53,90","1,746,30",20.5,19.9,N,N,N
2021-10-30 17:05:54.729571,ABS,22,19.2,20.6,19.95,"4,30",20,"48,60",20.05,"34,30",20.05,"54,50",-0.55,-2.7%,20.1,"15,10",20.15,"19,20",20.2,"53,90","1,746,30",20.5,19.9,N,N,N
2021-10-30 17:05:55.529596,ABS,22,19.2,20.6,19.95,"4,30",20,"48,60",20.05,"34,30",20.05,"54,50",-0.55,-2.7%,20.1,"15,10",20.15,"19,20",20.2,"53,90","1,746,30",20.5,19.9,N,N,N
2021-10-30 17:05:56.327245,ABS,22,19.2,20.6,19.95,"4,30",20,"48,60",20.05,"34,30",20.05,"54,50",-0.55,-2.7%,20.1,"15,10",20.15,"19,20",20.2,"53,90","1,746,30",20.5,19.9,N,N,N
2021-10-30 17:05:57.266826,ABS,22,19.2,20.6,19.95,"4,30",20,"48,60",20.05,"34,30",20.05,"54,50",-0.55,-2.7%,20.1,"15,10",20.15,"19,20",20.2,"53,90","1,746,30",20.5,19.9,N,N,N
2021-10-30 17:05:58.063330,ABS,22,19.2,20.6,19.95,"4,30",20,"48,60",20.05,"34,30",20.05,"54,50",-0.55,-2.7%,20.1,"15,10",20.15,"19,20",20.2,"53,90","1,746,30",20.5,19.9,N,N,N
2021-10-30 17:05:58.873300,ABS,22,19.2,20.6,19.95,"4,30",20,"48,60",20.05,"34,30",20.05,"54,50",-0.55,-2.7%,20.1,"15,10",20.15,"19,20",20.2,"53,90","1,746,30",20.5,19.9,N,N,N
2021-10-30 17:05:59.726318,ABS,22,19.2,20.6,19.95,"4,30",20,"48,60",20.05,"34,30",20.05,"54,50",-0.55,-2.7%,20.1,"15,10",20.15,"19,20",20.2,"53,90","1,746,30",20.5,19.9,N,N,N
2021-10-30 17:06:00.617376,ABS,22,19.2,20.6,19.95,"4,30",20,"48,60",20.05,"34,30",20.05,"54,50",-0.55,-2.7%,20.1,"15,10",20.15,"19,20",20.2,"53,90","1,746,30",20.5,19.9,N,N,N
2021-10-30 17:06:01.442797,ABS,22,19.2,20.6,19.95,"4,30",20,"48,60",20.05,"34,30",20.05,"54,50",-0.55,-2.7%,20.1,"15,10",20.15,"19,20",20.2,"53,90","1,746,30",20.5,19.9,N,N,N
2021-10-30 17:06:02.296507,ABS,22,19.2,20.6,19.95,"4,30",20,"48,60",20.05,"34,30",20.05,"54,50",-0.55,-2.7%,20.1,"15,10",20.15,"19,20",20.2,"53,90","1,746,30",20.5,19.9,N,N,N
2021-10-30 17:06:03.078842,ABS,22,19.2,20.6,19.95,"4,30",20,"48,60",20.05,"34,30",20.05,"54,50",-0.55,-2.7%,20.1,"15,10",20.15,"19,20",20.2,"53,90","1,746,30",20.5,19.9,N,N,N
2021-10-30 17:06:03.905478,ABS,22,19.2,20.6,19.95,"4,30",20,"48,60",20.05,"34,30",20.05,"54,50",-0.55,-2.7%,20.1,"15,10",20.15,"19,20",20.2,"53,90","1,746,30",20.5,19.9,N,N,N
2021-10-30 17:06:04.757485,ABS,22,19.2,20.6,19.95,"4,30",20,"48,60",20.05,"34,30",20.05,"54,50",-0.55,-2.7%,20.1,"15,10",20.15,"19,20",20.2,"53,90","1,746,30",20.5,19.9,N,N,N
2021-10-30 17:06:05.611386,ABS,22,19.2,20.6,19.95,"4,30",20,"48,60",20.05,"34,30",20.05,"54,50",-0.55,-2.7%,20.1,"15,10",20.15,"19,20",20.2,"53,90","1,746,30",20.5,19.9,N,N,N
2021-10-30 17:06:06.424473,ABS,22,19.2,20.6,19.95,"4,30",20,"48,60",20.05,"34,30",20.05,"54,50",-0.55,-2.7%,20.1,"15,10",20.15,"19,20",20.2,"53,90","1,746,30",20.5,19.9,N,N,N
2021-10-30 17:06:07.205570,ABS,22,19.2,20.6,19.95,"4,30",20,"48,60",20.05,"34,30",20.05,"54,50",-0.55,-2.7%,20.1,"15,10",20.15,"19,20",20.2,"53,90","1,746,30",20.5,19.9,N,N,N
2021-10-30 17:06:08.129899,ABS,22,19.2,20.6,19.95,"4,30",20,"48,60",20.05,"34,30",20.05,"54,50",-0.55,-2.7%,20.1,"15,10",20.15,"19,20",20.2,"53,90","1,746,30",20.5,19.9,N,N,N
2021-10-30 17:06:08.952544,ABS,22,19.2,20.6,19.95,"4,30",20,"48,60",20.05,"34,30",20.05,"54,50",-0.55,-2.7%,20.1,"15,10",20.15,"19,20",20.2,"53,90","1,746,30",20.5,19.9,N,N,N
2021-10-30 17:06:09.829857,ABS,22,19.2,20.6,19.95,"4,30",20,"48,60",20.05,"34,30",20.05,"54,50",-0.55,-2.7%,20.1,"15,10",20.15,"19,20",20.2,"53,90","1,746,30",20.5,19.9,N,N,N
2021-10-30 17:06:11.103922,ABS,22,19.2,20.6,19.95,"4,30",20,"48,60",20.05,"34,30",20.05,"54,50",-0.55,-2.7%,20.1,"15,10",20.15,"19,20",20.2,"53,90","1,746,30",20.5,19.9,N,N,N
2021-10-30 17:06:12.348658,ABS,22,19.2,20.6,19.95,"4,30",20,"48,60",20.05,"34,30",20.05,"54,50",-0.55,-2.7%,20.1,"15,10",20.15,"19,20",20.2,"53,90","1,746,30",20.5,19.9,N,N,N
2021-10-30 17:06:13.268732,ABS,22,19.2,20.6,19.95,"4,30",20,"48,60",20.05,"34,30",20.05,"54,50",-0.55,-2.7%,20.1,"15,10",20.15,"19,20",20.2,"53,90","1,746,30",20.5,19.9,N,N,N
2021-10-30 17:06:14.120617,ABS,22,19.2,20.6,19.95,"4,30",20,"48,60",20.05,"34,30",20.05,"54,50",-0.55,-2.7%,20.1,"15,10",20.15,"19,20",20.2,"53,90","1,746,30",20.5,19.9,N,N,N
2021-10-30 17:06:15.389212,ABS,22,19.2,20.6,19.95,"4,30",20,"48,60",20.05,"34,30",20.05,"54,50",-0.55,-2.7%,20.1,"15,10",20.15,"19,20",20.2,"53,90","1,746,30",20.5,19.9,N,N,N
2021-10-30 17:06:16.517398,ABS,22,19.2,20.6,19.95,"4,30",20,"48,60",20.05,"34,30",20.05,"54,50",-0.55,-2.7%,20.1,"15,10",20.15,"19,20",20.2,"53,90","1,746,30",20.5,19.9,N,N,N
2021-10-30 17:06:18.155584,ABS,22,19.2,20.6,19.95,"4,30",20,"48,60",20.05,"34,30",20.05,"54,50",-0.55,-2.7%,20.1,"15,10",20.15,"19,20",20.2,"53,90","1,746,30",20.5,19.9,N,N,N
2021-10-30 17:06:19.216888,ABS,22,19.2,20.6,19.95,"4,30",20,"48,60",20.05,"34,30",20.05,"54,50",-0.55,-2.7%,20.1,"15,10",20.15,"19,20",20.2,"53,90","1,746,30",20.5,19.9,N,N,N
2021-10-30 17:06:20.078763,ABS,22,19.2,20.6,19.95,"4,30",20,"48,60",20.05,"34,30",20.05,"54,50",-0.55,-2.7%,20.1,"15,10",20.15,"19,20",20.2,"53,90","1,746,30",20.5,19.9,N,N,N
2021-10-30 17:06:20.967894,ABS,22,19.2,20.6,19.95,"4,30",20,"48,60",20.05,"34,30",20.05,"54,50",-0.55,-2.7%,20.1,"15,10",20.15,"19,20",20.2,"53,90","1,746,30",20.5,19.9,N,N,N
2021-10-30 17:06:21.780559,ABS,22,19.2,20.6,19.95,"4,30",20,"48,60",20.05,"34,30",20.05,"54,50",-0.55,-2.7%,20.1,"15,10",20.15,"19,20",20.2,"53,90","1,746,30",20.5,19.9,N,N,N
2021-10-30 17:06:22.931644,ABS,22,19.2,20.6,19.95,"4,30",20,"48,60",20.05,"34,30",20.05,"54,50",-0.55,-2.7%,20.1,"15,10",20.15,"19,20",20.2,"53,90","1,746,30",20.5,19.9,N,N,N
2021-10-30 17:06:23.935013,ABS,22,19.2,20.6,19.95,"4,30",20,"48,60",20.05,"34,30",20.05,"54,50",-0.55,-2.7%,20.1,"15,10",20.15,"19,20",20.2,"53,90","1,746,30",20.5,19.9,N,N,N
2021-10-30 17:06:24.730355,ABS,22,19.2,20.6,19.95,"4,30",20,"48,60",20.05,"34,30",20.05,"54,50",-0.55,-2.7%,20.1,"15,10",20.15,"19,20",20.2,"53,90","1,746,30",20.5,19.9,N,N,N
2021-10-30 17:06:25.573045,ABS,22,19.2,20.6,19.95,"4,30",20,"48,60",20.05,"34,30",20.05,"54,50",-0.55,-2.7%,20.1,"15,10",20.15,"19,20",20.2,"53,90","1,746,30",20.5,19.9,N,N,N
2021-10-30 17:06:26.345553,ABS,22,19.2,20.6,19.95,"4,30",20,"48,60",20.05,"34,30",20.05,"54,50",-0.55,-2.7%,20.1,"15,10",20.15,"19,20",20.2,"53,90","1,746,30",20.5,19.9,N,N,N
2021-10-30 17:06:27.210134,ABS,22,19.2,20.6,19.95,"4,30",20,"48,60",20.05,"34,30",20.05,"54,50",-0.55,-2.7%,20.1,"15,10",20.15,"19,20",20.2,"53,90","1,746,30",20.5,19.9,N,N,N
2021-10-30 17:06:28.002103,ABS,22,19.2,20.6,19.95,"4,30",20,"48,60",20.05,"34,30",20.05,"54,50",-0.55,-2.7%,20.1,"15,10",20.15,"19,20",20.2,"53,90","1,746,30",20.5,19.9,N,N,N
2021-10-30 17:06:29.130773,ABS,22,19.2,20.6,19.95,"4,30",20,"48,60",20.05,"34,30",20.05,"54,50",-0.55,-2.7%,20.1,"15,10",20.15,"19,20",20.2,"53,90","1,746,30",20.5,19.9,N,N,N
2021-10-30 17:06:29.930487,ABS,22,19.2,20.6,19.95,"4,30",20,"48,60",20.05,"34,30",20.05,"54,50",-0.55,-2.7%,20.1,"15,10",20.15,"19,20",20.2,"53,90","1,746,30",20.5,19.9,N,N,N
2021-10-30 17:06:30.777171,ABS,22,19.2,20.6,19.95,"4,30",20,"48,60",20.05,"34,30",20.05,"54,50",-0.55,-2.7%,20.1,"15,10",20.15,"19,20",20.2,"53,90","1,746,30",20.5,19.9,N,N,N
2021-10-30 17:06:31.614190,ABS,22,19.2,20.6,19.95,"4,30",20,"48,60",20.05,"34,30",20.05,"54,50",-0.55,-2.7%,20.1,"15,10",20.15,"19,20",20.2,"53,90","1,746,30",20.5,19.9,N,N,N
2021-10-30 17:06:32.380532,ABS,22,19.2,20.6,19.95,"4,30",20,"48,60",20.05,"34,30",20.05,"54,50",-0.55,-2.7%,20.1,"15,10",20.15,"19,20",20.2,"53,90","1,746,30",20.5,19.9,N,N,N
2021-10-30 17:06:33.207829,ABS,22,19.2,20.6,19.95,"4,30",20,"48,60",20.05,"34,30",20.05,"54,50",-0.55,-2.7%,20.1,"15,10",20.15,"19,20",20.2,"53,90","1,746,30",20.5,19.9,N,N,N
2021-10-30 17:06:34.229277,ABS,22,19.2,20.6,19.95,"4,30",20,"48,60",20.05,"34,30",20.05,"54,50",-0.55,-2.7%,20.1,"15,10",20.15,"19,20",20.2,"53,90","1,746,30",20.5,19.9,N,N,N
2021-10-30 17:06:35.198835,ABS,22,19.2,20.6,19.95,"4,30",20,"48,60",20.05,"34,30",20.05,"54,50",-0.55,-2.7%,20.1,"15,10",20.15,"19,20",20.2,"53,90","1,746,30",20.5,19.9,N,N,N
2021-10-30 17:06:35.995340,ABS,22,19.2,20.6,19.95,"4,30",20,"48,60",20.05,"34,30",20.05,"54,50",-0.55,-2.7%,20.1,"15,10",20.15,"19,20",20.2,"53,90","1,746,30",20.5,19.9,N,N,N
2021-10-30 17:06:36.770317,ABS,22,19.2,20.6,19.95,"4,30",20,"48,60",20.05,"34,30",20.05,"54,50",-0.55,-2.7%,20.1,"15,10",20.15,"19,20",20.2,"53,90","1,746,30",20.5,19.9,N,N,N
2021-10-30 17:06:37.620335,ABS,22,19.2,20.6,19.95,"4,30",20,"48,60",20.05,"34,30",20.05,"54,50",-0.55,-2.7%,20.1,"15,10",20.15,"19,20",20.2,"53,90","1,746,30",20.5,19.9,N,N,N
2021-10-30 17:06:38.422413,ABS,22,19.2,20.6,19.95,"4,30",20,"48,60",20.05,"34,30",20.05,"54,50",-0.55,-2.7%,20.1,"15,10",20.15,"19,20",20.2,"53,90","1,746,30",20.5,19.9,N,N,N
2021-10-30 17:06:39.230730,ABS,22,19.2,20.6,19.95,"4,30",20,"48,60",20.05,"34,30",20.05,"54,50",-0.55,-2.7%,20.1,"15,10",20.15,"19,20",20.2,"53,90","1,746,30",20.5,19.9,N,N,N
2021-10-30 17:06:40.911280,ABS,22,19.2,20.6,19.95,"4,30",20,"48,60",20.05,"34,30",20.05,"54,50",-0.55,-2.7%,20.1,"15,10",20.15,"19,20",20.2,"53,90","1,746,30",20.5,19.9,N,N,N
2021-10-30 17:06:41.901508,ABS,22,19.2,20.6,19.95,"4,30",20,"48,60",20.05,"34,30",20.05,"54,50",-0.55,-2.7%,20.1,"15,10",20.15,"19,20",20.2,"53,90","1,746,30",20.5,19.9,N,N,N
2021-10-30 17:06:42.687491,ABS,22,19.2,20.6,19.95,"4,30",20,"48,60",20.05,"34,30",20.05,"54,50",-0.55,-2.7%,20.1,"15,10",20.15,"19,20",20.2,"53,90","1,746,30",20.5,19.9,N,N,N
2021-10-30 17:06:43.521570,ABS,22,19.2,20.6,19.95,"4,30",20,"48,60",20.05,"34,30",20.05,"54,50",-0.55,-2.7%,20.1,"15,10",20.15,"19,20",20.2,"53,90","1,746,30",20.5,19.9,N,N,N
2021-10-30 17:06:44.342940,ABS,22,19.2,20.6,19.95,"4,30",20,"48,60",20.05,"34,30",20.05,"54,50",-0.55,-2.7%,20.1,"15,10",20.15,"19,20",20.2,"53,90","1,746,30",20.5,19.9,N,N,N
2021-10-30 17:06:45.135041,ABS,22,19.2,20.6,19.95,"4,30",20,"48,60",20.05,"34,30",20.05,"54,50",-0.55,-2.7%,20.1,"15,10",20.15,"19,20",20.2,"53,90","1,746,30",20.5,19.9,N,N,N
2021-10-30 17:06:46.246543,ABS,22,19.2,20.6,19.95,"4,30",20,"48,60",20.05,"34,30",20.05,"54,50",-0.55,-2.7%,20.1,"15,10",20.15,"19,20",20.2,"53,90","1,746,30",20.5,19.9,N,N,N
2021-10-30 17:06:47.019616,ABS,22,19.2,20.6,19.95,"4,30",20,"48,60",20.05,"34,30",20.05,"54,50",-0.55,-2.7%,20.1,"15,10",20.15,"19,20",20.2,"53,90","1,746,30",20.5,19.9,N,N,N
2021-10-30 17:06:48.110664,ABS,22,19.2,20.6,19.95,"4,30",20,"48,60",20.05,"34,30",20.05,"54,50",-0.55,-2.7%,20.1,"15,10",20.15,"19,20",20.2,"53,90","1,746,30",20.5,19.9,N,N,N
2021-10-30 17:06:48.910689,ABS,22,19.2,20.6,19.95,"4,30",20,"48,60",20.05,"34,30",20.05,"54,50",-0.55,-2.7%,20.1,"15,10",20.15,"19,20",20.2,"53,90","1,746,30",20.5,19.9,N,N,N
2021-10-30 17:06:49.779737,ABS,22,19.2,20.6,19.95,"4,30",20,"48,60",20.05,"34,30",20.05,"54,50",-0.55,-2.7%,20.1,"15,10",20.15,"19,20",20.2,"53,90","1,746,30",20.5,19.9,N,N,N
2021-10-30 17:06:50.534134,ABS,22,19.2,20.6,19.95,"4,30",20,"48,60",20.05,"34,30",20.05,"54,50",-0.55,-2.7%,20.1,"15,10",20.15,"19,20",20.2,"53,90","1,746,30",20.5,19.9,N,N,N
2021-10-30 17:06:51.714758,ABS,22,19.2,20.6,19.95,"4,30",20,"48,60",20.05,"34,30",20.05,"54,50",-0.55,-2.7%,20.1,"15,10",20.15,"19,20",20.2,"53,90","1,746,30",20.5,19.9,N,N,N
2021-10-30 17:06:52.631105,ABS,22,19.2,20.6,19.95,"4,30",20,"48,60",20.05,"34,30",20.05,"54,50",-0.55,-2.7%,20.1,"15,10",20.15,"19,20",20.2,"53,90","1,746,30",20.5,19.9,N,N,N
2021-10-30 17:06:53.549337,ABS,22,19.2,20.6,19.95,"4,30",20,"48,60",20.05,"34,30",20.05,"54,50",-0.55,-2.7%,20.1,"15,10",20.15,"19,20",20.2,"53,90","1,746,30",20.5,19.9,N,N,N
2021-10-30 17:06:54.480492,ABS,22,19.2,20.6,19.95,"4,30",20,"48,60",20.05,"34,30",20.05,"54,50",-0.55,-2.7%,20.1,"15,10",20.15,"19,20",20.2,"53,90","1,746,30",20.5,19.9,N,N,N
2021-10-30 17:06:55.250888,ABS,22,19.2,20.6,19.95,"4,30",20,"48,60",20.05,"34,30",20.05,"54,50",-0.55,-2.7%,20.1,"15,10",20.15,"19,20",20.2,"53,90","1,746,30",20.5,19.9,N,N,N
2021-10-30 17:06:56.253869,ABS,22,19.2,20.6,19.95,"4,30",20,"48,60",20.05,"34,30",20.05,"54,50",-0.55,-2.7%,20.1,"15,10",20.15,"19,20",20.2,"53,90","1,746,30",20.5,19.9,N,N,N
2021-10-30 17:06:57.556573,ABS,22,19.2,20.6,19.95,"4,30",20,"48,60",20.05,"34,30",20.05,"54,50",-0.55,-2.7%,20.1,"15,10",20.15,"19,20",20.2,"53,90","1,746,30",20.5,19.9,N,N,N
2021-10-30 17:06:58.719915,ABS,22,19.2,20.6,19.95,"4,30",20,"48,60",20.05,"34,30",20.05,"54,50",-0.55,-2.7%,20.1,"15,10",20.15,"19,20",20.2,"53,90","1,746,30",20.5,19.9,N,N,N
2021-10-30 17:06:59.717968,ABS,22,19.2,20.6,19.95,"4,30",20,"48,60",20.05,"34,30",20.05,"54,50",-0.55,-2.7%,20.1,"15,10",20.15,"19,20",20.2,"53,90","1,746,30",20.5,19.9,N,N,N
2021-10-30 17:07:00.648985,ABS,22,19.2,20.6,19.95,"4,30",20,"48,60",20.05,"34,30",20.05,"54,50",-0.55,-2.7%,20.1,"15,10",20.15,"19,20",20.2,"53,90","1,746,30",20.5,19.9,N,N,N
2021-10-30 17:07:01.665046,ABS,22,19.2,20.6,19.95,"4,30",20,"48,60",20.05,"34,30",20.05,"54,50",-0.55,-2.7%,20.1,"15,10",20.15,"19,20",20.2,"53,90","1,746,30",20.5,19.9,N,N,N
2021-10-30 17:07:02.819072,ABS,22,19.2,20.6,19.95,"4,30",20,"48,60",20.05,"34,30",20.05,"54,50",-0.55,-2.7%,20.1,"15,10",20.15,"19,20",20.2,"53,90","1,746,30",20.5,19.9,N,N,N
2021-10-30 17:07:03.745117,ABS,22,19.2,20.6,19.95,"4,30",20,"48,60",20.05,"34,30",20.05,"54,50",-0.55,-2.7%,20.1,"15,10",20.15,"19,20",20.2,"53,90","1,746,30",20.5,19.9,N,N,N
2021-10-30 17:07:04.513074,ABS,22,19.2,20.6,19.95,"4,30",20,"48,60",20.05,"34,30",20.05,"54,50",-0.55,-2.7%,20.1,"15,10",20.15,"19,20",20.2,"53,90","1,746,30",20.5,19.9,N,N,N
2021-10-30 17:07:05.381446,ABS,22,19.2,20.6,19.95,"4,30",20,"48,60",20.05,"34,30",20.05,"54,50",-0.55,-2.7%,20.1,"15,10",20.15,"19,20",20.2,"53,90","1,746,30",20.5,19.9,N,N,N
2021-10-30 17:07:06.255653,ABS,22,19.2,20.6,19.95,"4,30",20,"48,60",20.05,"34,30",20.05,"54,50",-0.55,-2.7%,20.1,"15,10",20.15,"19,20",20.2,"53,90","1,746,30",20.5,19.9,N,N,N
2021-10-30 17:07:07.053168,ABS,22,19.2,20.6,19.95,"4,30",20,"48,60",20.05,"34,30",20.05,"54,50",-0.55,-2.7%,20.1,"15,10",20.15,"19,20",20.2,"53,90","1,746,30",20.5,19.9,N,N,N
2021-10-30 17:07:08.054232,ABS,22,19.2,20.6,19.95,"4,30",20,"48,60",20.05,"34,30",20.05,"54,50",-0.55,-2.7%,20.1,"15,10",20.15,"19,20",20.2,"53,90","1,746,30",20.5,19.9,N,N,N
2021-10-30 17:07:08.823199,ABS,22,19.2,20.6,19.95,"4,30",20,"48,60",20.05,"34,30",20.05,"54,50",-0.55,-2.7%,20.1,"15,10",20.15,"19,20",20.2,"53,90","1,746,30",20.5,19.9,N,N,N
2021-10-30 17:07:09.673045,ABS,22,19.2,20.6,19.95,"4,30",20,"48,60",20.05,"34,30",20.05,"54,50",-0.55,-2.7%,20.1,"15,10",20.15,"19,20",20.2,"53,90","1,746,30",20.5,19.9,N,N,N
2021-10-30 17:07:10.426266,ABS,22,19.2,20.6,19.95,"4,30",20,"48,60",20.05,"34,30",20.05,"54,50",-0.55,-2.7%,20.1,"15,10",20.15,"19,20",20.2,"53,90","1,746,30",20.5,19.9,N,N,N
2021-10-30 17:07:12.296299,ABS,22,19.2,20.6,19.95,"4,30",20,"48,60",20.05,"34,30",20.05,"54,50",-0.55,-2.7%,20.1,"15,10",20.15,"19,20",20.2,"53,90","1,746,30",20.5,19.9,N,N,N
2021-10-30 17:07:13.410030,ABS,22,19.2,20.6,19.95,"4,30",20,"48,60",20.05,"34,30",20.05,"54,50",-0.55,-2.7%,20.1,"15,10",20.15,"19,20",20.2,"53,90","1,746,30",20.5,19.9,N,N,N
2021-10-30 17:07:14.341326,ABS,22,19.2,20.6,19.95,"4,30",20,"48,60",20.05,"34,30",20.05,"54,50",-0.55,-2.7%,20.1,"15,10",20.15,"19,20",20.2,"53,90","1,746,30",20.5,19.9,N,N,N
2021-10-30 17:07:15.350106,ABS,22,19.2,20.6,19.95,"4,30",20,"48,60",20.05,"34,30",20.05,"54,50",-0.55,-2.7%,20.1,"15,10",20.15,"19,20",20.2,"53,90","1,746,30",20.5,19.9,N,N,N
2021-10-30 17:07:16.387816,ABS,22,19.2,20.6,19.95,"4,30",20,"48,60",20.05,"34,30",20.05,"54,50",-0.55,-2.7%,20.1,"15,10",20.15,"19,20",20.2,"53,90","1,746,30",20.5,19.9,N,N,N
2021-10-30 17:07:17.347443,ABS,22,19.2,20.6,19.95,"4,30",20,"48,60",20.05,"34,30",20.05,"54,50",-0.55,-2.7%,20.1,"15,10",20.15,"19,20",20.2,"53,90","1,746,30",20.5,19.9,N,N,N
2021-10-30 17:07:18.184448,ABS,22,19.2,20.6,19.95,"4,30",20,"48,60",20.05,"34,30",20.05,"54,50",-0.55,-2.7%,20.1,"15,10",20.15,"19,20",20.2,"53,90","1,746,30",20.5,19.9,N,N,N
2021-10-30 17:07:18.968443,ABS,22,19.2,20.6,19.95,"4,30",20,"48,60",20.05,"34,30",20.05,"54,50",-0.55,-2.7%,20.1,"15,10",20.15,"19,20",20.2,"53,90","1,746,30",20.5,19.9,N,N,N
2021-10-30 17:07:19.814497,ABS,22,19.2,20.6,19.95,"4,30",20,"48,60",20.05,"34,30",20.05,"54,50",-0.55,-2.7%,20.1,"15,10",20.15,"19,20",20.2,"53,90","1,746,30",20.5,19.9,N,N,N
2021-10-30 17:07:20.671510,ABS,22,19.2,20.6,19.95,"4,30",20,"48,60",20.05,"34,30",20.05,"54,50",-0.55,-2.7%,20.1,"15,10",20.15,"19,20",20.2,"53,90","1,746,30",20.5,19.9,N,N,N
2021-10-30 17:07:21.626628,ABS,22,19.2,20.6,19.95,"4,30",20,"48,60",20.05,"34,30",20.05,"54,50",-0.55,-2.7%,20.1,"15,10",20.15,"19,20",20.2,"53,90","1,746,30",20.5,19.9,N,N,N
2021-10-30 17:07:22.401596,ABS,22,19.2,20.6,19.95,"4,30",20,"48,60",20.05,"34,30",20.05,"54,50",-0.55,-2.7%,20.1,"15,10",20.15,"19,20",20.2,"53,90","1,746,30",20.5,19.9,N,N,N
2021-10-30 17:07:23.231939,ABS,22,19.2,20.6,19.95,"4,30",20,"48,60",20.05,"34,30",20.05,"54,50",-0.55,-2.7%,20.1,"15,10",20.15,"19,20",20.2,"53,90","1,746,30",20.5,19.9,N,N,N
2021-10-30 17:07:24.038615,ABS,22,19.2,20.6,19.95,"4,30",20,"48,60",20.05,"34,30",20.05,"54,50",-0.55,-2.7%,20.1,"15,10",20.15,"19,20",20.2,"53,90","1,746,30",20.5,19.9,N,N,N
2021-10-30 17:07:24.885597,ABS,22,19.2,20.6,19.95,"4,30",20,"48,60",20.05,"34,30",20.05,"54,50",-0.55,-2.7%,20.1,"15,10",20.15,"19,20",20.2,"53,90","1,746,30",20.5,19.9,N,N,N
2021-10-30 17:07:25.760647,ABS,22,19.2,20.6,19.95,"4,30",20,"48,60",20.05,"34,30",20.05,"54,50",-0.55,-2.7%,20.1,"15,10",20.15,"19,20",20.2,"53,90","1,746,30",20.5,19.9,N,N,N
2021-10-30 17:07:26.528676,ABS,22,19.2,20.6,19.95,"4,30",20,"48,60",20.05,"34,30",20.05,"54,50",-0.55,-2.7%,20.1,"15,10",20.15,"19,20",20.2,"53,90","1,746,30",20.5,19.9,N,N,N
2021-10-30 17:07:27.361678,ABS,22,19.2,20.6,19.95,"4,30",20,"48,60",20.05,"34,30",20.05,"54,50",-0.55,-2.7%,20.1,"15,10",20.15,"19,20",20.2,"53,90","1,746,30",20.5,19.9,N,N,N
2021-10-30 17:07:28.159712,ABS,22,19.2,20.6,19.95,"4,30",20,"48,60",20.05,"34,30",20.05,"54,50",-0.55,-2.7%,20.1,"15,10",20.15,"19,20",20.2,"53,90","1,746,30",20.5,19.9,N,N,N
2021-10-30 17:07:29.597711,ABS,22,19.2,20.6,19.95,"4,30",20,"48,60",20.05,"34,30",20.05,"54,50",-0.55,-2.7%,20.1,"15,10",20.15,"19,20",20.2,"53,90","1,746,30",20.5,19.9,N,N,N
2021-10-30 17:07:30.568765,ABS,22,19.2,20.6,19.95,"4,30",20,"48,60",20.05,"34,30",20.05,"54,50",-0.55,-2.7%,20.1,"15,10",20.15,"19,20",20.2,"53,90","1,746,30",20.5,19.9,N,N,N
2021-10-30 17:07:31.409754,ABS,22,19.2,20.6,19.95,"4,30",20,"48,60",20.05,"34,30",20.05,"54,50",-0.55,-2.7%,20.1,"15,10",20.15,"19,20",20.2,"53,90","1,746,30",20.5,19.9,N,N,N
2021-10-30 17:07:32.299927,ABS,22,19.2,20.6,19.95,"4,30",20,"48,60",20.05,"34,30",20.05,"54,50",-0.55,-2.7%,20.1,"15,10",20.15,"19,20",20.2,"53,90","1,746,30",20.5,19.9,N,N,N
2021-10-30 17:07:33.074841,ABS,22,19.2,20.6,19.95,"4,30",20,"48,60",20.05,"34,30",20.05,"54,50",-0.55,-2.7%,20.1,"15,10",20.15,"19,20",20.2,"53,90","1,746,30",20.5,19.9,N,N,N
2021-10-30 17:07:33.934884,ABS,22,19.2,20.6,19.95,"4,30",20,"48,60",20.05,"34,30",20.05,"54,50",-0.55,-2.7%,20.1,"15,10",20.15,"19,20",20.2,"53,90","1,746,30",20.5,19.9,N,N,N
2021-10-30 17:07:34.711874,ABS,22,19.2,20.6,19.95,"4,30",20,"48,60",20.05,"34,30",20.05,"54,50",-0.55,-2.7%,20.1,"15,10",20.15,"19,20",20.2,"53,90","1,746,30",20.5,19.9,N,N,N
2021-10-30 17:07:35.554912,ABS,22,19.2,20.6,19.95,"4,30",20,"48,60",20.05,"34,30",20.05,"54,50",-0.55,-2.7%,20.1,"15,10",20.15,"19,20",20.2,"53,90","1,746,30",20.5,19.9,N,N,N
2021-10-30 17:07:36.391364,ABS,22,19.2,20.6,19.95,"4,30",20,"48,60",20.05,"34,30",20.05,"54,50",-0.55,-2.7%,20.1,"15,10",20.15,"19,20",20.2,"53,90","1,746,30",20.5,19.9,N,N,N
2021-10-30 17:07:37.282290,ABS,22,19.2,20.6,19.95,"4,30",20,"48,60",20.05,"34,30",20.05,"54,50",-0.55,-2.7%,20.1,"15,10",20.15,"19,20",20.2,"53,90","1,746,30",20.5,19.9,N,N,N
2021-10-30 17:07:38.123007,ABS,22,19.2,20.6,19.95,"4,30",20,"48,60",20.05,"34,30",20.05,"54,50",-0.55,-2.7%,20.1,"15,10",20.15,"19,20",20.2,"53,90","1,746,30",20.5,19.9,N,N,N
2021-10-30 17:07:38.918610,ABS,22,19.2,20.6,19.95,"4,30",20,"48,60",20.05,"34,30",20.05,"54,50",-0.55,-2.7%,20.1,"15,10",20.15,"19,20",20.2,"53,90","1,746,30",20.5,19.9,N,N,N
2021-10-30 17:07:39.809080,ABS,22,19.2,20.6,19.95,"4,30",20,"48,60",20.05,"34,30",20.05,"54,50",-0.55,-2.7%,20.1,"15,10",20.15,"19,20",20.2,"53,90","1,746,30",20.5,19.9,N,N,N
2021-10-30 17:07:40.579043,ABS,22,19.2,20.6,19.95,"4,30",20,"48,60",20.05,"34,30",20.05,"54,50",-0.55,-2.7%,20.1,"15,10",20.15,"19,20",20.2,"53,90","1,746,30",20.5,19.9,N,N,N
2021-10-30 17:07:41.430097,ABS,22,19.2,20.6,19.95,"4,30",20,"48,60",20.05,"34,30",20.05,"54,50",-0.55,-2.7%,20.1,"15,10",20.15,"19,20",20.2,"53,90","1,746,30",20.5,19.9,N,N,N
2021-10-30 17:07:43.621898,ABS,22,19.2,20.6,19.95,"4,30",20,"48,60",20.05,"34,30",20.05,"54,50",-0.55,-2.7%,20.1,"15,10",20.15,"19,20",20.2,"53,90","1,746,30",20.5,19.9,N,N,N
2021-10-30 17:07:44.604717,ABS,22,19.2,20.6,19.95,"4,30",20,"48,60",20.05,"34,30",20.05,"54,50",-0.55,-2.7%,20.1,"15,10",20.15,"19,20",20.2,"53,90","1,746,30",20.5,19.9,N,N,N
2021-10-30 17:07:45.532512,ABS,22,19.2,20.6,19.95,"4,30",20,"48,60",20.05,"34,30",20.05,"54,50",-0.55,-2.7%,20.1,"15,10",20.15,"19,20",20.2,"53,90","1,746,30",20.5,19.9,N,N,N
2021-10-30 17:07:46.319234,ABS,22,19.2,20.6,19.95,"4,30",20,"48,60",20.05,"34,30",20.05,"54,50",-0.55,-2.7%,20.1,"15,10",20.15,"19,20",20.2,"53,90","1,746,30",20.5,19.9,N,N,N
2021-10-30 17:07:47.220626,ABS,22,19.2,20.6,19.95,"4,30",20,"48,60",20.05,"34,30",20.05,"54,50",-0.55,-2.7%,20.1,"15,10",20.15,"19,20",20.2,"53,90","1,746,30",20.5,19.9,N,N,N
2021-10-30 17:07:48.207252,ABS,22,19.2,20.6,19.95,"4,30",20,"48,60",20.05,"34,30",20.05,"54,50",-0.55,-2.7%,20.1,"15,10",20.15,"19,20",20.2,"53,90","1,746,30",20.5,19.9,N,N,N
2021-10-30 17:07:49.082634,ABS,22,19.2,20.6,19.95,"4,30",20,"48,60",20.05,"34,30",20.05,"54,50",-0.55,-2.7%,20.1,"15,10",20.15,"19,20",20.2,"53,90","1,746,30",20.5,19.9,N,N,N
2021-10-30 17:07:50.078000,ABS,22,19.2,20.6,19.95,"4,30",20,"48,60",20.05,"34,30",20.05,"54,50",-0.55,-2.7%,20.1,"15,10",20.15,"19,20",20.2,"53,90","1,746,30",20.5,19.9,N,N,N
2021-10-30 17:07:51.206384,ABS,22,19.2,20.6,19.95,"4,30",20,"48,60",20.05,"34,30",20.05,"54,50",-0.55,-2.7%,20.1,"15,10",20.15,"19,20",20.2,"53,90","1,746,30",20.5,19.9,N,N,N
2021-10-30 17:07:52.129359,ABS,22,19.2,20.6,19.95,"4,30",20,"48,60",20.05,"34,30",20.05,"54,50",-0.55,-2.7%,20.1,"15,10",20.15,"19,20",20.2,"53,90","1,746,30",20.5,19.9,N,N,N
2021-10-30 17:07:52.902378,ABS,22,19.2,20.6,19.95,"4,30",20,"48,60",20.05,"34,30",20.05,"54,50",-0.55,-2.7%,20.1,"15,10",20.15,"19,20",20.2,"53,90","1,746,30",20.5,19.9,N,N,N
2021-10-30 17:07:53.861432,ABS,22,19.2,20.6,19.95,"4,30",20,"48,60",20.05,"34,30",20.05,"54,50",-0.55,-2.7%,20.1,"15,10",20.15,"19,20",20.2,"53,90","1,746,30",20.5,19.9,N,N,N
2021-10-30 17:07:54.770422,ABS,22,19.2,20.6,19.95,"4,30",20,"48,60",20.05,"34,30",20.05,"54,50",-0.55,-2.7%,20.1,"15,10",20.15,"19,20",20.2,"53,90","1,746,30",20.5,19.9,N,N,N
2021-10-30 17:07:55.678475,ABS,22,19.2,20.6,19.95,"4,30",20,"48,60",20.05,"34,30",20.05,"54,50",-0.55,-2.7%,20.1,"15,10",20.15,"19,20",20.2,"53,90","1,746,30",20.5,19.9,N,N,N
2021-10-30 17:07:56.473311,ABS,22,19.2,20.6,19.95,"4,30",20,"48,60",20.05,"34,30",20.05,"54,50",-0.55,-2.7%,20.1,"15,10",20.15,"19,20",20.2,"53,90","1,746,30",20.5,19.9,N,N,N
2021-10-30 17:07:57.261504,ABS,22,19.2,20.6,19.95,"4,30",20,"48,60",20.05,"34,30",20.05,"54,50",-0.55,-2.7%,20.1,"15,10",20.15,"19,20",20.2,"53,90","1,746,30",20.5,19.9,N,N,N
2021-10-30 17:07:58.107099,ABS,22,19.2,20.6,19.95,"4,30",20,"48,60",20.05,"34,30",20.05,"54,50",-0.55,-2.7%,20.1,"15,10",20.15,"19,20",20.2,"53,90","1,746,30",20.5,19.9,N,N,N
2021-10-30 17:07:58.878576,ABS,22,19.2,20.6,19.95,"4,30",20,"48,60",20.05,"34,30",20.05,"54,50",-0.55,-2.7%,20.1,"15,10",20.15,"19,20",20.2,"53,90","1,746,30",20.5,19.9,N,N,N
2021-10-30 17:07:59.909493,ABS,22,19.2,20.6,19.95,"4,30",20,"48,60",20.05,"34,30",20.05,"54,50",-0.55,-2.7%,20.1,"15,10",20.15,"19,20",20.2,"53,90","1,746,30",20.5,19.9,N,N,N
2021-10-30 17:08:01.255427,ABS,22,19.2,20.6,19.95,"4,30",20,"48,60",20.05,"34,30",20.05,"54,50",-0.55,-2.7%,20.1,"15,10",20.15,"19,20",20.2,"53,90","1,746,30",20.5,19.9,N,N,N
2021-10-30 17:08:02.279322,ABS,22,19.2,20.6,19.95,"4,30",20,"48,60",20.05,"34,30",20.05,"54,50",-0.55,-2.7%,20.1,"15,10",20.15,"19,20",20.2,"53,90","1,746,30",20.5,19.9,N,N,N
2021-10-30 17:08:03.327648,ABS,22,19.2,20.6,19.95,"4,30",20,"48,60",20.05,"34,30",20.05,"54,50",-0.55,-2.7%,20.1,"15,10",20.15,"19,20",20.2,"53,90","1,746,30",20.5,19.9,N,N,N
2021-10-30 17:08:04.329695,ABS,22,19.2,20.6,19.95,"4,30",20,"48,60",20.05,"34,30",20.05,"54,50",-0.55,-2.7%,20.1,"15,10",20.15,"19,20",20.2,"53,90","1,746,30",20.5,19.9,N,N,N
2021-10-30 17:08:05.269718,ABS,22,19.2,20.6,19.95,"4,30",20,"48,60",20.05,"34,30",20.05,"54,50",-0.55,-2.7%,20.1,"15,10",20.15,"19,20",20.2,"53,90","1,746,30",20.5,19.9,N,N,N
2021-10-30 17:08:06.303414,ABS,22,19.2,20.6,19.95,"4,30",20,"48,60",20.05,"34,30",20.05,"54,50",-0.55,-2.7%,20.1,"15,10",20.15,"19,20",20.2,"53,90","1,746,30",20.5,19.9,N,N,N
2021-10-30 17:08:07.218798,ABS,22,19.2,20.6,19.95,"4,30",20,"48,60",20.05,"34,30",20.05,"54,50",-0.55,-2.7%,20.1,"15,10",20.15,"19,20",20.2,"53,90","1,746,30",20.5,19.9,N,N,N
2021-10-30 17:08:08.080787,ABS,22,19.2,20.6,19.95,"4,30",20,"48,60",20.05,"34,30",20.05,"54,50",-0.55,-2.7%,20.1,"15,10",20.15,"19,20",20.2,"53,90","1,746,30",20.5,19.9,N,N,N
2021-10-30 17:08:08.901860,ABS,22,19.2,20.6,19.95,"4,30",20,"48,60",20.05,"34,30",20.05,"54,50",-0.55,-2.7%,20.1,"15,10",20.15,"19,20",20.2,"53,90","1,746,30",20.5,19.9,N,N,N
2021-10-30 17:08:09.687273,ABS,22,19.2,20.6,19.95,"4,30",20,"48,60",20.05,"34,30",20.05,"54,50",-0.55,-2.7%,20.1,"15,10",20.15,"19,20",20.2,"53,90","1,746,30",20.5,19.9,N,N,N
2021-10-30 17:08:10.463566,ABS,22,19.2,20.6,19.95,"4,30",20,"48,60",20.05,"34,30",20.05,"54,50",-0.55,-2.7%,20.1,"15,10",20.15,"19,20",20.2,"53,90","1,746,30",20.5,19.9,N,N,N
2021-10-30 17:08:11.333684,ABS,22,19.2,20.6,19.95,"4,30",20,"48,60",20.05,"34,30",20.05,"54,50",-0.55,-2.7%,20.1,"15,10",20.15,"19,20",20.2,"53,90","1,746,30",20.5,19.9,N,N,N
2021-10-30 17:08:13.117499,ABS,22,19.2,20.6,19.95,"4,30",20,"48,60",20.05,"34,30",20.05,"54,50",-0.55,-2.7%,20.1,"15,10",20.15,"19,20",20.2,"53,90","1,746,30",20.5,19.9,N,N,N
2021-10-30 17:08:13.980949,ABS,22,19.2,20.6,19.95,"4,30",20,"48,60",20.05,"34,30",20.05,"54,50",-0.55,-2.7%,20.1,"15,10",20.15,"19,20",20.2,"53,90","1,746,30",20.5,19.9,N,N,N
2021-10-30 17:08:14.760373,ABS,22,19.2,20.6,19.95,"4,30",20,"48,60",20.05,"34,30",20.05,"54,50",-0.55,-2.7%,20.1,"15,10",20.15,"19,20",20.2,"53,90","1,746,30",20.5,19.9,N,N,N
2021-10-30 17:08:15.657038,ABS,22,19.2,20.6,19.95,"4,30",20,"48,60",20.05,"34,30",20.05,"54,50",-0.55,-2.7%,20.1,"15,10",20.15,"19,20",20.2,"53,90","1,746,30",20.5,19.9,N,N,N
2021-10-30 17:08:16.433356,ABS,22,19.2,20.6,19.95,"4,30",20,"48,60",20.05,"34,30",20.05,"54,50",-0.55,-2.7%,20.1,"15,10",20.15,"19,20",20.2,"53,90","1,746,30",20.5,19.9,N,N,N
2021-10-30 17:08:17.306049,ABS,22,19.2,20.6,19.95,"4,30",20,"48,60",20.05,"34,30",20.05,"54,50",-0.55,-2.7%,20.1,"15,10",20.15,"19,20",20.2,"53,90","1,746,30",20.5,19.9,N,N,N
2021-10-30 17:08:18.133402,ABS,22,19.2,20.6,19.95,"4,30",20,"48,60",20.05,"34,30",20.05,"54,50",-0.55,-2.7%,20.1,"15,10",20.15,"19,20",20.2,"53,90","1,746,30",20.5,19.9,N,N,N
2021-10-30 17:08:18.928113,ABS,22,19.2,20.6,19.95,"4,30",20,"48,60",20.05,"34,30",20.05,"54,50",-0.55,-2.7%,20.1,"15,10",20.15,"19,20",20.2,"53,90","1,746,30",20.5,19.9,N,N,N
2021-10-30 17:08:19.809832,ABS,22,19.2,20.6,19.95,"4,30",20,"48,60",20.05,"34,30",20.05,"54,50",-0.55,-2.7%,20.1,"15,10",20.15,"19,20",20.2,"53,90","1,746,30",20.5,19.9,N,N,N
2021-10-30 17:08:20.583469,ABS,22,19.2,20.6,19.95,"4,30",20,"48,60",20.05,"34,30",20.05,"54,50",-0.55,-2.7%,20.1,"15,10",20.15,"19,20",20.2,"53,90","1,746,30",20.5,19.9,N,N,N
2021-10-30 17:08:21.632174,ABS,22,19.2,20.6,19.95,"4,30",20,"48,60",20.05,"34,30",20.05,"54,50",-0.55,-2.7%,20.1,"15,10",20.15,"19,20",20.2,"53,90","1,746,30",20.5,19.9,N,N,N
2021-10-30 17:08:22.728932,ABS,22,19.2,20.6,19.95,"4,30",20,"48,60",20.05,"34,30",20.05,"54,50",-0.55,-2.7%,20.1,"15,10",20.15,"19,20",20.2,"53,90","1,746,30",20.5,19.9,N,N,N
2021-10-30 17:08:23.705251,ABS,22,19.2,20.6,19.95,"4,30",20,"48,60",20.05,"34,30",20.05,"54,50",-0.55,-2.7%,20.1,"15,10",20.15,"19,20",20.2,"53,90","1,746,30",20.5,19.9,N,N,N
2021-10-30 17:08:24.733562,ABS,22,19.2,20.6,19.95,"4,30",20,"48,60",20.05,"34,30",20.05,"54,50",-0.55,-2.7%,20.1,"15,10",20.15,"19,20",20.2,"53,90","1,746,30",20.5,19.9,N,N,N
2021-10-30 17:08:25.742715,ABS,22,19.2,20.6,19.95,"4,30",20,"48,60",20.05,"34,30",20.05,"54,50",-0.55,-2.7%,20.1,"15,10",20.15,"19,20",20.2,"53,90","1,746,30",20.5,19.9,N,N,N
2021-10-30 17:08:26.683641,ABS,22,19.2,20.6,19.95,"4,30",20,"48,60",20.05,"34,30",20.05,"54,50",-0.55,-2.7%,20.1,"15,10",20.15,"19,20",20.2,"53,90","1,746,30",20.5,19.9,N,N,N
2021-10-30 17:08:27.720234,ABS,22,19.2,20.6,19.95,"4,30",20,"48,60",20.05,"34,30",20.05,"54,50",-0.55,-2.7%,20.1,"15,10",20.15,"19,20",20.2,"53,90","1,746,30",20.5,19.9,N,N,N
2021-10-30 17:08:28.699324,ABS,22,19.2,20.6,19.95,"4,30",20,"48,60",20.05,"34,30",20.05,"54,50",-0.55,-2.7%,20.1,"15,10",20.15,"19,20",20.2,"53,90","1,746,30",20.5,19.9,N,N,N
2021-10-30 17:08:29.555391,ABS,22,19.2,20.6,19.95,"4,30",20,"48,60",20.05,"34,30",20.05,"54,50",-0.55,-2.7%,20.1,"15,10",20.15,"19,20",20.2,"53,90","1,746,30",20.5,19.9,N,N,N
2021-10-30 17:08:30.354649,ABS,22,19.2,20.6,19.95,"4,30",20,"48,60",20.05,"34,30",20.05,"54,50",-0.55,-2.7%,20.1,"15,10",20.15,"19,20",20.2,"53,90","1,746,30",20.5,19.9,N,N,N
2021-10-30 17:08:31.185439,ABS,22,19.2,20.6,19.95,"4,30",20,"48,60",20.05,"34,30",20.05,"54,50",-0.55,-2.7%,20.1,"15,10",20.15,"19,20",20.2,"53,90","1,746,30",20.5,19.9,N,N,N
2021-10-30 17:08:32.015478,ABS,22,19.2,20.6,19.95,"4,30",20,"48,60",20.05,"34,30",20.05,"54,50",-0.55,-2.7%,20.1,"15,10",20.15,"19,20",20.2,"53,90","1,746,30",20.5,19.9,N,N,N
2021-10-30 17:08:33.390488,ABS,22,19.2,20.6,19.95,"4,30",20,"48,60",20.05,"34,30",20.05,"54,50",-0.55,-2.7%,20.1,"15,10",20.15,"19,20",20.2,"53,90","1,746,30",20.5,19.9,N,N,N
2021-10-30 17:08:34.483827,ABS,22,19.2,20.6,19.95,"4,30",20,"48,60",20.05,"34,30",20.05,"54,50",-0.55,-2.7%,20.1,"15,10",20.15,"19,20",20.2,"53,90","1,746,30",20.5,19.9,N,N,N
2021-10-30 17:08:35.373518,ABS,22,19.2,20.6,19.95,"4,30",20,"48,60",20.05,"34,30",20.05,"54,50",-0.55,-2.7%,20.1,"15,10",20.15,"19,20",20.2,"53,90","1,746,30",20.5,19.9,N,N,N
2021-10-30 17:08:36.191960,ABS,22,19.2,20.6,19.95,"4,30",20,"48,60",20.05,"34,30",20.05,"54,50",-0.55,-2.7%,20.1,"15,10",20.15,"19,20",20.2,"53,90","1,746,30",20.5,19.9,N,N,N
2021-10-30 17:08:36.979112,ABS,22,19.2,20.6,19.95,"4,30",20,"48,60",20.05,"34,30",20.05,"54,50",-0.55,-2.7%,20.1,"15,10",20.15,"19,20",20.2,"53,90","1,746,30",20.5,19.9,N,N,N
2021-10-30 17:08:37.815023,ABS,22,19.2,20.6,19.95,"4,30",20,"48,60",20.05,"34,30",20.05,"54,50",-0.55,-2.7%,20.1,"15,10",20.15,"19,20",20.2,"53,90","1,746,30",20.5,19.9,N,N,N
2021-10-30 17:08:38.586066,ABS,22,19.2,20.6,19.95,"4,30",20,"48,60",20.05,"34,30",20.05,"54,50",-0.55,-2.7%,20.1,"15,10",20.15,"19,20",20.2,"53,90","1,746,30",20.5,19.9,N,N,N
2021-10-30 17:08:39.781711,ABS,22,19.2,20.6,19.95,"4,30",20,"48,60",20.05,"34,30",20.05,"54,50",-0.55,-2.7%,20.1,"15,10",20.15,"19,20",20.2,"53,90","1,746,30",20.5,19.9,N,N,N
2021-10-30 17:08:40.557214,ABS,22,19.2,20.6,19.95,"4,30",20,"48,60",20.05,"34,30",20.05,"54,50",-0.55,-2.7%,20.1,"15,10",20.15,"19,20",20.2,"53,90","1,746,30",20.5,19.9,N,N,N
2021-10-30 17:08:41.679625,ABS,22,19.2,20.6,19.95,"4,30",20,"48,60",20.05,"34,30",20.05,"54,50",-0.55,-2.7%,20.1,"15,10",20.15,"19,20",20.2,"53,90","1,746,30",20.5,19.9,N,N,N
2021-10-30 17:08:42.723733,ABS,22,19.2,20.6,19.95,"4,30",20,"48,60",20.05,"34,30",20.05,"54,50",-0.55,-2.7%,20.1,"15,10",20.15,"19,20",20.2,"53,90","1,746,30",20.5,19.9,N,N,N
2021-10-30 17:08:43.679708,ABS,22,19.2,20.6,19.95,"4,30",20,"48,60",20.05,"34,30",20.05,"54,50",-0.55,-2.7%,20.1,"15,10",20.15,"19,20",20.2,"53,90","1,746,30",20.5,19.9,N,N,N
2021-10-30 17:08:44.534129,ABS,22,19.2,20.6,19.95,"4,30",20,"48,60",20.05,"34,30",20.05,"54,50",-0.55,-2.7%,20.1,"15,10",20.15,"19,20",20.2,"53,90","1,746,30",20.5,19.9,N,N,N
2021-10-30 17:08:45.584121,ABS,22,19.2,20.6,19.95,"4,30",20,"48,60",20.05,"34,30",20.05,"54,50",-0.55,-2.7%,20.1,"15,10",20.15,"19,20",20.2,"53,90","1,746,30",20.5,19.9,N,N,N
2021-10-30 17:08:46.434143,ABS,22,19.2,20.6,19.95,"4,30",20,"48,60",20.05,"34,30",20.05,"54,50",-0.55,-2.7%,20.1,"15,10",20.15,"19,20",20.2,"53,90","1,746,30",20.5,19.9,N,N,N
2021-10-30 17:08:47.333841,ABS,22,19.2,20.6,19.95,"4,30",20,"48,60",20.05,"34,30",20.05,"54,50",-0.55,-2.7%,20.1,"15,10",20.15,"19,20",20.2,"53,90","1,746,30",20.5,19.9,N,N,N
2021-10-30 17:08:48.266679,ABS,22,19.2,20.6,19.95,"4,30",20,"48,60",20.05,"34,30",20.05,"54,50",-0.55,-2.7%,20.1,"15,10",20.15,"19,20",20.2,"53,90","1,746,30",20.5,19.9,N,N,N
2021-10-30 17:08:49.080916,ABS,22,19.2,20.6,19.95,"4,30",20,"48,60",20.05,"34,30",20.05,"54,50",-0.55,-2.7%,20.1,"15,10",20.15,"19,20",20.2,"53,90","1,746,30",20.5,19.9,N,N,N
2021-10-30 17:08:49.955661,ABS,22,19.2,20.6,19.95,"4,30",20,"48,60",20.05,"34,30",20.05,"54,50",-0.55,-2.7%,20.1,"15,10",20.15,"19,20",20.2,"53,90","1,746,30",20.5,19.9,N,N,N
2021-10-30 17:08:51.034278,ABS,22,19.2,20.6,19.95,"4,30",20,"48,60",20.05,"34,30",20.05,"54,50",-0.55,-2.7%,20.1,"15,10",20.15,"19,20",20.2,"53,90","1,746,30",20.5,19.9,N,N,N
2021-10-30 17:08:51.878954,ABS,22,19.2,20.6,19.95,"4,30",20,"48,60",20.05,"34,30",20.05,"54,50",-0.55,-2.7%,20.1,"15,10",20.15,"19,20",20.2,"53,90","1,746,30",20.5,19.9,N,N,N
2021-10-30 17:08:52.702968,ABS,22,19.2,20.6,19.95,"4,30",20,"48,60",20.05,"34,30",20.05,"54,50",-0.55,-2.7%,20.1,"15,10",20.15,"19,20",20.2,"53,90","1,746,30",20.5,19.9,N,N,N
2021-10-30 17:08:53.518583,ABS,22,19.2,20.6,19.95,"4,30",20,"48,60",20.05,"34,30",20.05,"54,50",-0.55,-2.7%,20.1,"15,10",20.15,"19,20",20.2,"53,90","1,746,30",20.5,19.9,N,N,N
2021-10-30 17:08:54.370042,ABS,22,19.2,20.6,19.95,"4,30",20,"48,60",20.05,"34,30",20.05,"54,50",-0.55,-2.7%,20.1,"15,10",20.15,"19,20",20.2,"53,90","1,746,30",20.5,19.9,N,N,N
2021-10-30 17:08:55.174070,ABS,22,19.2,20.6,19.95,"4,30",20,"48,60",20.05,"34,30",20.05,"54,50",-0.55,-2.7%,20.1,"15,10",20.15,"19,20",20.2,"53,90","1,746,30",20.5,19.9,N,N,N
2021-10-30 17:08:56.358658,ABS,22,19.2,20.6,19.95,"4,30",20,"48,60",20.05,"34,30",20.05,"54,50",-0.55,-2.7%,20.1,"15,10",20.15,"19,20",20.2,"53,90","1,746,30",20.5,19.9,N,N,N
2021-10-30 17:08:57.245553,ABS,22,19.2,20.6,19.95,"4,30",20,"48,60",20.05,"34,30",20.05,"54,50",-0.55,-2.7%,20.1,"15,10",20.15,"19,20",20.2,"53,90","1,746,30",20.5,19.9,N,N,N
2021-10-30 17:08:58.106544,ABS,22,19.2,20.6,19.95,"4,30",20,"48,60",20.05,"34,30",20.05,"54,50",-0.55,-2.7%,20.1,"15,10",20.15,"19,20",20.2,"53,90","1,746,30",20.5,19.9,N,N,N
2021-10-30 17:08:58.910187,ABS,22,19.2,20.6,19.95,"4,30",20,"48,60",20.05,"34,30",20.05,"54,50",-0.55,-2.7%,20.1,"15,10",20.15,"19,20",20.2,"53,90","1,746,30",20.5,19.9,N,N,N
2021-10-30 17:08:59.677200,ABS,22,19.2,20.6,19.95,"4,30",20,"48,60",20.05,"34,30",20.05,"54,50",-0.55,-2.7%,20.1,"15,10",20.15,"19,20",20.2,"53,90","1,746,30",20.5,19.9,N,N,N
2021-10-30 17:09:00.658234,ABS,22,19.2,20.6,19.95,"4,30",20,"48,60",20.05,"34,30",20.05,"54,50",-0.55,-2.7%,20.1,"15,10",20.15,"19,20",20.2,"53,90","1,746,30",20.5,19.9,N,N,N
2021-10-30 17:09:01.684618,ABS,22,19.2,20.6,19.95,"4,30",20,"48,60",20.05,"34,30",20.05,"54,50",-0.55,-2.7%,20.1,"15,10",20.15,"19,20",20.2,"53,90","1,746,30",20.5,19.9,N,N,N
2021-10-30 17:09:02.673292,ABS,22,19.2,20.6,19.95,"4,30",20,"48,60",20.05,"34,30",20.05,"54,50",-0.55,-2.7%,20.1,"15,10",20.15,"19,20",20.2,"53,90","1,746,30",20.5,19.9,N,N,N
2021-10-30 17:09:03.484595,ABS,22,19.2,20.6,19.95,"4,30",20,"48,60",20.05,"34,30",20.05,"54,50",-0.55,-2.7%,20.1,"15,10",20.15,"19,20",20.2,"53,90","1,746,30",20.5,19.9,N,N,N
2021-10-30 17:09:04.306274,ABS,22,19.2,20.6,19.95,"4,30",20,"48,60",20.05,"34,30",20.05,"54,50",-0.55,-2.7%,20.1,"15,10",20.15,"19,20",20.2,"53,90","1,746,30",20.5,19.9,N,N,N
2021-10-30 17:09:05.127357,ABS,22,19.2,20.6,19.95,"4,30",20,"48,60",20.05,"34,30",20.05,"54,50",-0.55,-2.7%,20.1,"15,10",20.15,"19,20",20.2,"53,90","1,746,30",20.5,19.9,N,N,N
2021-10-30 17:09:05.933358,ABS,22,19.2,20.6,19.95,"4,30",20,"48,60",20.05,"34,30",20.05,"54,50",-0.55,-2.7%,20.1,"15,10",20.15,"19,20",20.2,"53,90","1,746,30",20.5,19.9,N,N,N
2021-10-30 17:09:06.782779,ABS,22,19.2,20.6,19.95,"4,30",20,"48,60",20.05,"34,30",20.05,"54,50",-0.55,-2.7%,20.1,"15,10",20.15,"19,20",20.2,"53,90","1,746,30",20.5,19.9,N,N,N
2021-10-30 17:09:07.907421,ABS,22,19.2,20.6,19.95,"4,30",20,"48,60",20.05,"34,30",20.05,"54,50",-0.55,-2.7%,20.1,"15,10",20.15,"19,20",20.2,"53,90","1,746,30",20.5,19.9,N,N,N
2021-10-30 17:09:08.984454,ABS,22,19.2,20.6,19.95,"4,30",20,"48,60",20.05,"34,30",20.05,"54,50",-0.55,-2.7%,20.1,"15,10",20.15,"19,20",20.2,"53,90","1,746,30",20.5,19.9,N,N,N
2021-10-30 17:09:09.965445,ABS,22,19.2,20.6,19.95,"4,30",20,"48,60",20.05,"34,30",20.05,"54,50",-0.55,-2.7%,20.1,"15,10",20.15,"19,20",20.2,"53,90","1,746,30",20.5,19.9,N,N,N
2021-10-30 17:09:10.920407,ABS,22,19.2,20.6,19.95,"4,30",20,"48,60",20.05,"34,30",20.05,"54,50",-0.55,-2.7%,20.1,"15,10",20.15,"19,20",20.2,"53,90","1,746,30",20.5,19.9,N,N,N
2021-10-30 17:09:12.497521,ABS,22,19.2,20.6,19.95,"4,30",20,"48,60",20.05,"34,30",20.05,"54,50",-0.55,-2.7%,20.1,"15,10",20.15,"19,20",20.2,"53,90","1,746,30",20.5,19.9,N,N,N
2021-10-30 17:09:13.693140,ABS,22,19.2,20.6,19.95,"4,30",20,"48,60",20.05,"34,30",20.05,"54,50",-0.55,-2.7%,20.1,"15,10",20.15,"19,20",20.2,"53,90","1,746,30",20.5,19.9,N,N,N
2021-10-30 17:09:14.536995,ABS,22,19.2,20.6,19.95,"4,30",20,"48,60",20.05,"34,30",20.05,"54,50",-0.55,-2.7%,20.1,"15,10",20.15,"19,20",20.2,"53,90","1,746,30",20.5,19.9,N,N,N
2021-10-30 17:09:15.332589,ABS,22,19.2,20.6,19.95,"4,30",20,"48,60",20.05,"34,30",20.05,"54,50",-0.55,-2.7%,20.1,"15,10",20.15,"19,20",20.2,"53,90","1,746,30",20.5,19.9,N,N,N
2021-10-30 17:09:16.184990,ABS,22,19.2,20.6,19.95,"4,30",20,"48,60",20.05,"34,30",20.05,"54,50",-0.55,-2.7%,20.1,"15,10",20.15,"19,20",20.2,"53,90","1,746,30",20.5,19.9,N,N,N
2021-10-30 17:09:16.969646,ABS,22,19.2,20.6,19.95,"4,30",20,"48,60",20.05,"34,30",20.05,"54,50",-0.55,-2.7%,20.1,"15,10",20.15,"19,20",20.2,"53,90","1,746,30",20.5,19.9,N,N,N
2021-10-30 17:09:17.804671,ABS,22,19.2,20.6,19.95,"4,30",20,"48,60",20.05,"34,30",20.05,"54,50",-0.55,-2.7%,20.1,"15,10",20.15,"19,20",20.2,"53,90","1,746,30",20.5,19.9,N,N,N
2021-10-30 17:09:19.114714,ABS,22,19.2,20.6,19.95,"4,30",20,"48,60",20.05,"34,30",20.05,"54,50",-0.55,-2.7%,20.1,"15,10",20.15,"19,20",20.2,"53,90","1,746,30",20.5,19.9,N,N,N
2021-10-30 17:09:19.969734,ABS,22,19.2,20.6,19.95,"4,30",20,"48,60",20.05,"34,30",20.05,"54,50",-0.55,-2.7%,20.1,"15,10",20.15,"19,20",20.2,"53,90","1,746,30",20.5,19.9,N,N,N
2021-10-30 17:09:20.881772,ABS,22,19.2,20.6,19.95,"4,30",20,"48,60",20.05,"34,30",20.05,"54,50",-0.55,-2.7%,20.1,"15,10",20.15,"19,20",20.2,"53,90","1,746,30",20.5,19.9,N,N,N
2021-10-30 17:09:21.679178,ABS,22,19.2,20.6,19.95,"4,30",20,"48,60",20.05,"34,30",20.05,"54,50",-0.55,-2.7%,20.1,"15,10",20.15,"19,20",20.2,"53,90","1,746,30",20.5,19.9,N,N,N
2021-10-30 17:09:22.618810,ABS,22,19.2,20.6,19.95,"4,30",20,"48,60",20.05,"34,30",20.05,"54,50",-0.55,-2.7%,20.1,"15,10",20.15,"19,20",20.2,"53,90","1,746,30",20.5,19.9,N,N,N
2021-10-30 17:09:23.422761,ABS,22,19.2,20.6,19.95,"4,30",20,"48,60",20.05,"34,30",20.05,"54,50",-0.55,-2.7%,20.1,"15,10",20.15,"19,20",20.2,"53,90","1,746,30",20.5,19.9,N,N,N
2021-10-30 17:09:24.455845,ABS,22,19.2,20.6,19.95,"4,30",20,"48,60",20.05,"34,30",20.05,"54,50",-0.55,-2.7%,20.1,"15,10",20.15,"19,20",20.2,"53,90","1,746,30",20.5,19.9,N,N,N
2021-10-30 17:09:25.389275,ABS,22,19.2,20.6,19.95,"4,30",20,"48,60",20.05,"34,30",20.05,"54,50",-0.55,-2.7%,20.1,"15,10",20.15,"19,20",20.2,"53,90","1,746,30",20.5,19.9,N,N,N
2021-10-30 17:09:26.185231,ABS,22,19.2,20.6,19.95,"4,30",20,"48,60",20.05,"34,30",20.05,"54,50",-0.55,-2.7%,20.1,"15,10",20.15,"19,20",20.2,"53,90","1,746,30",20.5,19.9,N,N,N
2021-10-30 17:09:27.030930,ABS,22,19.2,20.6,19.95,"4,30",20,"48,60",20.05,"34,30",20.05,"54,50",-0.55,-2.7%,20.1,"15,10",20.15,"19,20",20.2,"53,90","1,746,30",20.5,19.9,N,N,N
2021-10-30 17:09:27.870474,ABS,22,19.2,20.6,19.95,"4,30",20,"48,60",20.05,"34,30",20.05,"54,50",-0.55,-2.7%,20.1,"15,10",20.15,"19,20",20.2,"53,90","1,746,30",20.5,19.9,N,N,N
2021-10-30 17:09:28.695000,ABS,22,19.2,20.6,19.95,"4,30",20,"48,60",20.05,"34,30",20.05,"54,50",-0.55,-2.7%,20.1,"15,10",20.15,"19,20",20.2,"53,90","1,746,30",20.5,19.9,N,N,N
2021-10-30 17:09:29.506009,ABS,22,19.2,20.6,19.95,"4,30",20,"48,60",20.05,"34,30",20.05,"54,50",-0.55,-2.7%,20.1,"15,10",20.15,"19,20",20.2,"53,90","1,746,30",20.5,19.9,N,N,N
2021-10-30 17:09:30.623941,ABS,22,19.2,20.6,19.95,"4,30",20,"48,60",20.05,"34,30",20.05,"54,50",-0.55,-2.7%,20.1,"15,10",20.15,"19,20",20.2,"53,90","1,746,30",20.5,19.9,N,N,N
2021-10-30 17:09:31.472003,ABS,22,19.2,20.6,19.95,"4,30",20,"48,60",20.05,"34,30",20.05,"54,50",-0.55,-2.7%,20.1,"15,10",20.15,"19,20",20.2,"53,90","1,746,30",20.5,19.9,N,N,N
2021-10-30 17:09:32.300055,ABS,22,19.2,20.6,19.95,"4,30",20,"48,60",20.05,"34,30",20.05,"54,50",-0.55,-2.7%,20.1,"15,10",20.15,"19,20",20.2,"53,90","1,746,30",20.5,19.9,N,N,N
2021-10-30 17:09:33.122080,ABS,22,19.2,20.6,19.95,"4,30",20,"48,60",20.05,"34,30",20.05,"54,50",-0.55,-2.7%,20.1,"15,10",20.15,"19,20",20.2,"53,90","1,746,30",20.5,19.9,N,N,N
2021-10-30 17:09:33.924012,ABS,22,19.2,20.6,19.95,"4,30",20,"48,60",20.05,"34,30",20.05,"54,50",-0.55,-2.7%,20.1,"15,10",20.15,"19,20",20.2,"53,90","1,746,30",20.5,19.9,N,N,N
2021-10-30 17:09:34.723153,ABS,22,19.2,20.6,19.95,"4,30",20,"48,60",20.05,"34,30",20.05,"54,50",-0.55,-2.7%,20.1,"15,10",20.15,"19,20",20.2,"53,90","1,746,30",20.5,19.9,N,N,N
2021-10-30 17:09:35.871173,ABS,22,19.2,20.6,19.95,"4,30",20,"48,60",20.05,"34,30",20.05,"54,50",-0.55,-2.7%,20.1,"15,10",20.15,"19,20",20.2,"53,90","1,746,30",20.5,19.9,N,N,N
2021-10-30 17:09:36.715126,ABS,22,19.2,20.6,19.95,"4,30",20,"48,60",20.05,"34,30",20.05,"54,50",-0.55,-2.7%,20.1,"15,10",20.15,"19,20",20.2,"53,90","1,746,30",20.5,19.9,N,N,N
2021-10-30 17:09:37.562212,ABS,22,19.2,20.6,19.95,"4,30",20,"48,60",20.05,"34,30",20.05,"54,50",-0.55,-2.7%,20.1,"15,10",20.15,"19,20",20.2,"53,90","1,746,30",20.5,19.9,N,N,N
2021-10-30 17:09:38.354822,ABS,22,19.2,20.6,19.95,"4,30",20,"48,60",20.05,"34,30",20.05,"54,50",-0.55,-2.7%,20.1,"15,10",20.15,"19,20",20.2,"53,90","1,746,30",20.5,19.9,N,N,N
2021-10-30 17:09:39.172236,ABS,22,19.2,20.6,19.95,"4,30",20,"48,60",20.05,"34,30",20.05,"54,50",-0.55,-2.7%,20.1,"15,10",20.15,"19,20",20.2,"53,90","1,746,30",20.5,19.9,N,N,N
2021-10-30 17:09:40.035599,ABS,22,19.2,20.6,19.95,"4,30",20,"48,60",20.05,"34,30",20.05,"54,50",-0.55,-2.7%,20.1,"15,10",20.15,"19,20",20.2,"53,90","1,746,30",20.5,19.9,N,N,N
2021-10-30 17:09:40.860311,ABS,22,19.2,20.6,19.95,"4,30",20,"48,60",20.05,"34,30",20.05,"54,50",-0.55,-2.7%,20.1,"15,10",20.15,"19,20",20.2,"53,90","1,746,30",20.5,19.9,N,N,N
2021-10-30 17:09:42.465268,ABS,22,19.2,20.6,19.95,"4,30",20,"48,60",20.05,"34,30",20.05,"54,50",-0.55,-2.7%,20.1,"15,10",20.15,"19,20",20.2,"53,90","1,746,30",20.5,19.9,N,N,N
2021-10-30 17:09:43.410980,ABS,22,19.2,20.6,19.95,"4,30",20,"48,60",20.05,"34,30",20.05,"54,50",-0.55,-2.7%,20.1,"15,10",20.15,"19,20",20.2,"53,90","1,746,30",20.5,19.9,N,N,N
2021-10-30 17:09:44.235721,ABS,22,19.2,20.6,19.95,"4,30",20,"48,60",20.05,"34,30",20.05,"54,50",-0.55,-2.7%,20.1,"15,10",20.15,"19,20",20.2,"53,90","1,746,30",20.5,19.9,N,N,N
2021-10-30 17:09:45.139399,ABS,22,19.2,20.6,19.95,"4,30",20,"48,60",20.05,"34,30",20.05,"54,50",-0.55,-2.7%,20.1,"15,10",20.15,"19,20",20.2,"53,90","1,746,30",20.5,19.9,N,N,N
2021-10-30 17:09:46.032422,ABS,22,19.2,20.6,19.95,"4,30",20,"48,60",20.05,"34,30",20.05,"54,50",-0.55,-2.7%,20.1,"15,10",20.15,"19,20",20.2,"53,90","1,746,30",20.5,19.9,N,N,N
2021-10-30 17:09:47.084902,ABS,22,19.2,20.6,19.95,"4,30",20,"48,60",20.05,"34,30",20.05,"54,50",-0.55,-2.7%,20.1,"15,10",20.15,"19,20",20.2,"53,90","1,746,30",20.5,19.9,N,N,N
2021-10-30 17:09:47.985803,ABS,22,19.2,20.6,19.95,"4,30",20,"48,60",20.05,"34,30",20.05,"54,50",-0.55,-2.7%,20.1,"15,10",20.15,"19,20",20.2,"53,90","1,746,30",20.5,19.9,N,N,N
2021-10-30 17:09:48.749952,ABS,22,19.2,20.6,19.95,"4,30",20,"48,60",20.05,"34,30",20.05,"54,50",-0.55,-2.7%,20.1,"15,10",20.15,"19,20",20.2,"53,90","1,746,30",20.5,19.9,N,N,N
2021-10-30 17:09:49.581518,ABS,22,19.2,20.6,19.95,"4,30",20,"48,60",20.05,"34,30",20.05,"54,50",-0.55,-2.7%,20.1,"15,10",20.15,"19,20",20.2,"53,90","1,746,30",20.5,19.9,N,N,N
2021-10-30 17:09:50.406163,ABS,22,19.2,20.6,19.95,"4,30",20,"48,60",20.05,"34,30",20.05,"54,50",-0.55,-2.7%,20.1,"15,10",20.15,"19,20",20.2,"53,90","1,746,30",20.5,19.9,N,N,N
2021-10-30 17:09:51.185870,ABS,22,19.2,20.6,19.95,"4,30",20,"48,60",20.05,"34,30",20.05,"54,50",-0.55,-2.7%,20.1,"15,10",20.15,"19,20",20.2,"53,90","1,746,30",20.5,19.9,N,N,N
2021-10-30 17:09:52.035925,ABS,22,19.2,20.6,19.95,"4,30",20,"48,60",20.05,"34,30",20.05,"54,50",-0.55,-2.7%,20.1,"15,10",20.15,"19,20",20.2,"53,90","1,746,30",20.5,19.9,N,N,N
2021-10-30 17:09:53.150010,ABS,22,19.2,20.6,19.95,"4,30",20,"48,60",20.05,"34,30",20.05,"54,50",-0.55,-2.7%,20.1,"15,10",20.15,"19,20",20.2,"53,90","1,746,30",20.5,19.9,N,N,N
2021-10-30 17:09:54.074666,ABS,22,19.2,20.6,19.95,"4,30",20,"48,60",20.05,"34,30",20.05,"54,50",-0.55,-2.7%,20.1,"15,10",20.15,"19,20",20.2,"53,90","1,746,30",20.5,19.9,N,N,N
2021-10-30 17:09:54.834683,ABS,22,19.2,20.6,19.95,"4,30",20,"48,60",20.05,"34,30",20.05,"54,50",-0.55,-2.7%,20.1,"15,10",20.15,"19,20",20.2,"53,90","1,746,30",20.5,19.9,N,N,N
2021-10-30 17:09:55.636033,ABS,22,19.2,20.6,19.95,"4,30",20,"48,60",20.05,"34,30",20.05,"54,50",-0.55,-2.7%,20.1,"15,10",20.15,"19,20",20.2,"53,90","1,746,30",20.5,19.9,N,N,N
2021-10-30 17:09:56.476681,ABS,22,19.2,20.6,19.95,"4,30",20,"48,60",20.05,"34,30",20.05,"54,50",-0.55,-2.7%,20.1,"15,10",20.15,"19,20",20.2,"53,90","1,746,30",20.5,19.9,N,N,N
2021-10-30 17:09:57.266706,ABS,22,19.2,20.6,19.95,"4,30",20,"48,60",20.05,"34,30",20.05,"54,50",-0.55,-2.7%,20.1,"15,10",20.15,"19,20",20.2,"53,90","1,746,30",20.5,19.9,N,N,N
2021-10-30 17:09:58.427767,ABS,22,19.2,20.6,19.95,"4,30",20,"48,60",20.05,"34,30",20.05,"54,50",-0.55,-2.7%,20.1,"15,10",20.15,"19,20",20.2,"53,90","1,746,30",20.5,19.9,N,N,N
2021-10-30 17:09:59.313349,ABS,22,19.2,20.6,19.95,"4,30",20,"48,60",20.05,"34,30",20.05,"54,50",-0.55,-2.7%,20.1,"15,10",20.15,"19,20",20.2,"53,90","1,746,30",20.5,19.9,N,N,N
2021-10-30 17:10:00.179754,ABS,22,19.2,20.6,19.95,"4,30",20,"48,60",20.05,"34,30",20.05,"54,50",-0.55,-2.7%,20.1,"15,10",20.15,"19,20",20.2,"53,90","1,746,30",20.5,19.9,N,N,N
2021-10-30 17:10:01.430837,ABS,22,19.2,20.6,19.95,"4,30",20,"48,60",20.05,"34,30",20.05,"54,50",-0.55,-2.7%,20.1,"15,10",20.15,"19,20",20.2,"53,90","1,746,30",20.5,19.9,N,N,N
2021-10-30 17:10:02.229833,ABS,22,19.2,20.6,19.95,"4,30",20,"48,60",20.05,"34,30",20.05,"54,50",-0.55,-2.7%,20.1,"15,10",20.15,"19,20",20.2,"53,90","1,746,30",20.5,19.9,N,N,N
2021-10-30 17:10:03.067585,ABS,22,19.2,20.6,19.95,"4,30",20,"48,60",20.05,"34,30",20.05,"54,50",-0.55,-2.7%,20.1,"15,10",20.15,"19,20",20.2,"53,90","1,746,30",20.5,19.9,N,N,N
2021-10-30 17:10:04.436291,ABS,22,19.2,20.6,19.95,"4,30",20,"48,60",20.05,"34,30",20.05,"54,50",-0.55,-2.7%,20.1,"15,10",20.15,"19,20",20.2,"53,90","1,746,30",20.5,19.9,N,N,N
2021-10-30 17:10:05.330942,ABS,22,19.2,20.6,19.95,"4,30",20,"48,60",20.05,"34,30",20.05,"54,50",-0.55,-2.7%,20.1,"15,10",20.15,"19,20",20.2,"53,90","1,746,30",20.5,19.9,N,N,N
2021-10-30 17:10:06.123536,ABS,22,19.2,20.6,19.95,"4,30",20,"48,60",20.05,"34,30",20.05,"54,50",-0.55,-2.7%,20.1,"15,10",20.15,"19,20",20.2,"53,90","1,746,30",20.5,19.9,N,N,N
2021-10-30 17:10:06.978505,ABS,22,19.2,20.6,19.95,"4,30",20,"48,60",20.05,"34,30",20.05,"54,50",-0.55,-2.7%,20.1,"15,10",20.15,"19,20",20.2,"53,90","1,746,30",20.5,19.9,N,N,N
2021-10-30 17:10:07.767023,ABS,22,19.2,20.6,19.95,"4,30",20,"48,60",20.05,"34,30",20.05,"54,50",-0.55,-2.7%,20.1,"15,10",20.15,"19,20",20.2,"53,90","1,746,30",20.5,19.9,N,N,N
2021-10-30 17:10:08.571601,ABS,22,19.2,20.6,19.95,"4,30",20,"48,60",20.05,"34,30",20.05,"54,50",-0.55,-2.7%,20.1,"15,10",20.15,"19,20",20.2,"53,90","1,746,30",20.5,19.9,N,N,N
2021-10-30 17:10:09.902076,ABS,22,19.2,20.6,19.95,"4,30",20,"48,60",20.05,"34,30",20.05,"54,50",-0.55,-2.7%,20.1,"15,10",20.15,"19,20",20.2,"53,90","1,746,30",20.5,19.9,N,N,N
2021-10-30 17:10:10.889093,ABS,22,19.2,20.6,19.95,"4,30",20,"48,60",20.05,"34,30",20.05,"54,50",-0.55,-2.7%,20.1,"15,10",20.15,"19,20",20.2,"53,90","1,746,30",20.5,19.9,N,N,N
2021-10-30 17:10:12.329090,ABS,22,19.2,20.6,19.95,"4,30",20,"48,60",20.05,"34,30",20.05,"54,50",-0.55,-2.7%,20.1,"15,10",20.15,"19,20",20.2,"53,90","1,746,30",20.5,19.9,N,N,N
2021-10-30 17:10:13.124155,ABS,22,19.2,20.6,19.95,"4,30",20,"48,60",20.05,"34,30",20.05,"54,50",-0.55,-2.7%,20.1,"15,10",20.15,"19,20",20.2,"53,90","1,746,30",20.5,19.9,N,N,N
2021-10-30 17:10:14.136490,ABS,22,19.2,20.6,19.95,"4,30",20,"48,60",20.05,"34,30",20.05,"54,50",-0.55,-2.7%,20.1,"15,10",20.15,"19,20",20.2,"53,90","1,746,30",20.5,19.9,N,N,N
2021-10-30 17:10:15.365144,ABS,22,19.2,20.6,19.95,"4,30",20,"48,60",20.05,"34,30",20.05,"54,50",-0.55,-2.7%,20.1,"15,10",20.15,"19,20",20.2,"53,90","1,746,30",20.5,19.9,N,N,N
2021-10-30 17:10:16.409230,ABS,22,19.2,20.6,19.95,"4,30",20,"48,60",20.05,"34,30",20.05,"54,50",-0.55,-2.7%,20.1,"15,10",20.15,"19,20",20.2,"53,90","1,746,30",20.5,19.9,N,N,N
2021-10-30 17:10:17.329235,ABS,22,19.2,20.6,19.95,"4,30",20,"48,60",20.05,"34,30",20.05,"54,50",-0.55,-2.7%,20.1,"15,10",20.15,"19,20",20.2,"53,90","1,746,30",20.5,19.9,N,N,N
2021-10-30 17:10:18.450698,ABS,22,19.2,20.6,19.95,"4,30",20,"48,60",20.05,"34,30",20.05,"54,50",-0.55,-2.7%,20.1,"15,10",20.15,"19,20",20.2,"53,90","1,746,30",20.5,19.9,N,N,N
2021-10-30 17:10:19.326889,ABS,22,19.2,20.6,19.95,"4,30",20,"48,60",20.05,"34,30",20.05,"54,50",-0.55,-2.7%,20.1,"15,10",20.15,"19,20",20.2,"53,90","1,746,30",20.5,19.9,N,N,N
2021-10-30 17:10:20.123993,ABS,22,19.2,20.6,19.95,"4,30",20,"48,60",20.05,"34,30",20.05,"54,50",-0.55,-2.7%,20.1,"15,10",20.15,"19,20",20.2,"53,90","1,746,30",20.5,19.9,N,N,N
2021-10-30 17:10:21.281392,ABS,22,19.2,20.6,19.95,"4,30",20,"48,60",20.05,"34,30",20.05,"54,50",-0.55,-2.7%,20.1,"15,10",20.15,"19,20",20.2,"53,90","1,746,30",20.5,19.9,N,N,N
2021-10-30 17:10:22.127331,ABS,22,19.2,20.6,19.95,"4,30",20,"48,60",20.05,"34,30",20.05,"54,50",-0.55,-2.7%,20.1,"15,10",20.15,"19,20",20.2,"53,90","1,746,30",20.5,19.9,N,N,N
2021-10-30 17:10:23.122448,ABS,22,19.2,20.6,19.95,"4,30",20,"48,60",20.05,"34,30",20.05,"54,50",-0.55,-2.7%,20.1,"15,10",20.15,"19,20",20.2,"53,90","1,746,30",20.5,19.9,N,N,N
2021-10-30 17:10:24.078431,ABS,22,19.2,20.6,19.95,"4,30",20,"48,60",20.05,"34,30",20.05,"54,50",-0.55,-2.7%,20.1,"15,10",20.15,"19,20",20.2,"53,90","1,746,30",20.5,19.9,N,N,N
2021-10-30 17:10:24.856887,ABS,22,19.2,20.6,19.95,"4,30",20,"48,60",20.05,"34,30",20.05,"54,50",-0.55,-2.7%,20.1,"15,10",20.15,"19,20",20.2,"53,90","1,746,30",20.5,19.9,N,N,N
2021-10-30 17:10:25.686838,ABS,22,19.2,20.6,19.95,"4,30",20,"48,60",20.05,"34,30",20.05,"54,50",-0.55,-2.7%,20.1,"15,10",20.15,"19,20",20.2,"53,90","1,746,30",20.5,19.9,N,N,N
2021-10-30 17:10:26.797527,ABS,22,19.2,20.6,19.95,"4,30",20,"48,60",20.05,"34,30",20.05,"54,50",-0.55,-2.7%,20.1,"15,10",20.15,"19,20",20.2,"53,90","1,746,30",20.5,19.9,N,N,N
2021-10-30 17:10:27.719557,ABS,22,19.2,20.6,19.95,"4,30",20,"48,60",20.05,"34,30",20.05,"54,50",-0.55,-2.7%,20.1,"15,10",20.15,"19,20",20.2,"53,90","1,746,30",20.5,19.9,N,N,N
2021-10-30 17:10:28.505599,ABS,22,19.2,20.6,19.95,"4,30",20,"48,60",20.05,"34,30",20.05,"54,50",-0.55,-2.7%,20.1,"15,10",20.15,"19,20",20.2,"53,90","1,746,30",20.5,19.9,N,N,N
2021-10-30 17:10:29.286914,ABS,22,19.2,20.6,19.95,"4,30",20,"48,60",20.05,"34,30",20.05,"54,50",-0.55,-2.7%,20.1,"15,10",20.15,"19,20",20.2,"53,90","1,746,30",20.5,19.9,N,N,N
2021-10-30 17:10:30.225685,ABS,22,19.2,20.6,19.95,"4,30",20,"48,60",20.05,"34,30",20.05,"54,50",-0.55,-2.7%,20.1,"15,10",20.15,"19,20",20.2,"53,90","1,746,30",20.5,19.9,N,N,N
2021-10-30 17:10:31.026633,ABS,22,19.2,20.6,19.95,"4,30",20,"48,60",20.05,"34,30",20.05,"54,50",-0.55,-2.7%,20.1,"15,10",20.15,"19,20",20.2,"53,90","1,746,30",20.5,19.9,N,N,N
2021-10-30 17:10:31.973675,ABS,22,19.2,20.6,19.95,"4,30",20,"48,60",20.05,"34,30",20.05,"54,50",-0.55,-2.7%,20.1,"15,10",20.15,"19,20",20.2,"53,90","1,746,30",20.5,19.9,N,N,N
2021-10-30 17:10:32.987026,ABS,22,19.2,20.6,19.95,"4,30",20,"48,60",20.05,"34,30",20.05,"54,50",-0.55,-2.7%,20.1,"15,10",20.15,"19,20",20.2,"53,90","1,746,30",20.5,19.9,N,N,N
2021-10-30 17:10:33.847161,ABS,22,19.2,20.6,19.95,"4,30",20,"48,60",20.05,"34,30",20.05,"54,50",-0.55,-2.7%,20.1,"15,10",20.15,"19,20",20.2,"53,90","1,746,30",20.5,19.9,N,N,N
2021-10-30 17:10:34.627740,ABS,22,19.2,20.6,19.95,"4,30",20,"48,60",20.05,"34,30",20.05,"54,50",-0.55,-2.7%,20.1,"15,10",20.15,"19,20",20.2,"53,90","1,746,30",20.5,19.9,N,N,N
2021-10-30 17:10:35.426145,ABS,22,19.2,20.6,19.95,"4,30",20,"48,60",20.05,"34,30",20.05,"54,50",-0.55,-2.7%,20.1,"15,10",20.15,"19,20",20.2,"53,90","1,746,30",20.5,19.9,N,N,N
2021-10-30 17:10:36.240294,ABS,22,19.2,20.6,19.95,"4,30",20,"48,60",20.05,"34,30",20.05,"54,50",-0.55,-2.7%,20.1,"15,10",20.15,"19,20",20.2,"53,90","1,746,30",20.5,19.9,N,N,N
2021-10-30 17:10:37.035760,ABS,22,19.2,20.6,19.95,"4,30",20,"48,60",20.05,"34,30",20.05,"54,50",-0.55,-2.7%,20.1,"15,10",20.15,"19,20",20.2,"53,90","1,746,30",20.5,19.9,N,N,N
2021-10-30 17:10:38.217334,ABS,22,19.2,20.6,19.95,"4,30",20,"48,60",20.05,"34,30",20.05,"54,50",-0.55,-2.7%,20.1,"15,10",20.15,"19,20",20.2,"53,90","1,746,30",20.5,19.9,N,N,N
2021-10-30 17:10:39.005847,ABS,22,19.2,20.6,19.95,"4,30",20,"48,60",20.05,"34,30",20.05,"54,50",-0.55,-2.7%,20.1,"15,10",20.15,"19,20",20.2,"53,90","1,746,30",20.5,19.9,N,N,N
2021-10-30 17:10:39.937187,ABS,22,19.2,20.6,19.95,"4,30",20,"48,60",20.05,"34,30",20.05,"54,50",-0.55,-2.7%,20.1,"15,10",20.15,"19,20",20.2,"53,90","1,746,30",20.5,19.9,N,N,N
2021-10-30 17:10:40.721436,ABS,22,19.2,20.6,19.95,"4,30",20,"48,60",20.05,"34,30",20.05,"54,50",-0.55,-2.7%,20.1,"15,10",20.15,"19,20",20.2,"53,90","1,746,30",20.5,19.9,N,N,N
2021-10-30 17:10:42.022889,ABS,22,19.2,20.6,19.95,"4,30",20,"48,60",20.05,"34,30",20.05,"54,50",-0.55,-2.7%,20.1,"15,10",20.15,"19,20",20.2,"53,90","1,746,30",20.5,19.9,N,N,N
2021-10-30 17:10:42.909581,ABS,22,19.2,20.6,19.95,"4,30",20,"48,60",20.05,"34,30",20.05,"54,50",-0.55,-2.7%,20.1,"15,10",20.15,"19,20",20.2,"53,90","1,746,30",20.5,19.9,N,N,N
2021-10-30 17:10:44.027607,ABS,22,19.2,20.6,19.95,"4,30",20,"48,60",20.05,"34,30",20.05,"54,50",-0.55,-2.7%,20.1,"15,10",20.15,"19,20",20.2,"53,90","1,746,30",20.5,19.9,N,N,N
2021-10-30 17:10:44.895444,ABS,22,19.2,20.6,19.95,"4,30",20,"48,60",20.05,"34,30",20.05,"54,50",-0.55,-2.7%,20.1,"15,10",20.15,"19,20",20.2,"53,90","1,746,30",20.5,19.9,N,N,N
2021-10-30 17:10:45.687353,ABS,22,19.2,20.6,19.95,"4,30",20,"48,60",20.05,"34,30",20.05,"54,50",-0.55,-2.7%,20.1,"15,10",20.15,"19,20",20.2,"53,90","1,746,30",20.5,19.9,N,N,N
2021-10-30 17:10:46.521040,ABS,22,19.2,20.6,19.95,"4,30",20,"48,60",20.05,"34,30",20.05,"54,50",-0.55,-2.7%,20.1,"15,10",20.15,"19,20",20.2,"53,90","1,746,30",20.5,19.9,N,N,N
2021-10-30 17:10:47.319078,ABS,22,19.2,20.6,19.95,"4,30",20,"48,60",20.05,"34,30",20.05,"54,50",-0.55,-2.7%,20.1,"15,10",20.15,"19,20",20.2,"53,90","1,746,30",20.5,19.9,N,N,N
2021-10-30 17:10:48.186119,ABS,22,19.2,20.6,19.95,"4,30",20,"48,60",20.05,"34,30",20.05,"54,50",-0.55,-2.7%,20.1,"15,10",20.15,"19,20",20.2,"53,90","1,746,30",20.5,19.9,N,N,N
2021-10-30 17:10:49.234090,ABS,22,19.2,20.6,19.95,"4,30",20,"48,60",20.05,"34,30",20.05,"54,50",-0.55,-2.7%,20.1,"15,10",20.15,"19,20",20.2,"53,90","1,746,30",20.5,19.9,N,N,N
2021-10-30 17:10:50.085120,ABS,22,19.2,20.6,19.95,"4,30",20,"48,60",20.05,"34,30",20.05,"54,50",-0.55,-2.7%,20.1,"15,10",20.15,"19,20",20.2,"53,90","1,746,30",20.5,19.9,N,N,N
2021-10-30 17:10:50.910175,ABS,22,19.2,20.6,19.95,"4,30",20,"48,60",20.05,"34,30",20.05,"54,50",-0.55,-2.7%,20.1,"15,10",20.15,"19,20",20.2,"53,90","1,746,30",20.5,19.9,N,N,N
2021-10-30 17:10:51.720199,ABS,22,19.2,20.6,19.95,"4,30",20,"48,60",20.05,"34,30",20.05,"54,50",-0.55,-2.7%,20.1,"15,10",20.15,"19,20",20.2,"53,90","1,746,30",20.5,19.9,N,N,N
2021-10-30 17:10:52.587553,ABS,22,19.2,20.6,19.95,"4,30",20,"48,60",20.05,"34,30",20.05,"54,50",-0.55,-2.7%,20.1,"15,10",20.15,"19,20",20.2,"53,90","1,746,30",20.5,19.9,N,N,N
2021-10-30 17:10:53.436198,ABS,22,19.2,20.6,19.95,"4,30",20,"48,60",20.05,"34,30",20.05,"54,50",-0.55,-2.7%,20.1,"15,10",20.15,"19,20",20.2,"53,90","1,746,30",20.5,19.9,N,N,N
2021-10-30 17:10:54.461287,ABS,22,19.2,20.6,19.95,"4,30",20,"48,60",20.05,"34,30",20.05,"54,50",-0.55,-2.7%,20.1,"15,10",20.15,"19,20",20.2,"53,90","1,746,30",20.5,19.9,N,N,N
2021-10-30 17:10:55.529313,ABS,22,19.2,20.6,19.95,"4,30",20,"48,60",20.05,"34,30",20.05,"54,50",-0.55,-2.7%,20.1,"15,10",20.15,"19,20",20.2,"53,90","1,746,30",20.5,19.9,N,N,N
2021-10-30 17:10:56.324700,ABS,22,19.2,20.6,19.95,"4,30",20,"48,60",20.05,"34,30",20.05,"54,50",-0.55,-2.7%,20.1,"15,10",20.15,"19,20",20.2,"53,90","1,746,30",20.5,19.9,N,N,N
2021-10-30 17:10:57.137655,ABS,22,19.2,20.6,19.95,"4,30",20,"48,60",20.05,"34,30",20.05,"54,50",-0.55,-2.7%,20.1,"15,10",20.15,"19,20",20.2,"53,90","1,746,30",20.5,19.9,N,N,N
2021-10-30 17:10:58.053412,ABS,22,19.2,20.6,19.95,"4,30",20,"48,60",20.05,"34,30",20.05,"54,50",-0.55,-2.7%,20.1,"15,10",20.15,"19,20",20.2,"53,90","1,746,30",20.5,19.9,N,N,N
2021-10-30 17:10:58.896860,ABS,22,19.2,20.6,19.95,"4,30",20,"48,60",20.05,"34,30",20.05,"54,50",-0.55,-2.7%,20.1,"15,10",20.15,"19,20",20.2,"53,90","1,746,30",20.5,19.9,N,N,N
2021-10-30 17:10:59.687732,ABS,22,19.2,20.6,19.95,"4,30",20,"48,60",20.05,"34,30",20.05,"54,50",-0.55,-2.7%,20.1,"15,10",20.15,"19,20",20.2,"53,90","1,746,30",20.5,19.9,N,N,N
2021-10-30 17:11:00.873997,ABS,22,19.2,20.6,19.95,"4,30",20,"48,60",20.05,"34,30",20.05,"54,50",-0.55,-2.7%,20.1,"15,10",20.15,"19,20",20.2,"53,90","1,746,30",20.5,19.9,N,N,N
2021-10-30 17:11:01.684140,ABS,22,19.2,20.6,19.95,"4,30",20,"48,60",20.05,"34,30",20.05,"54,50",-0.55,-2.7%,20.1,"15,10",20.15,"19,20",20.2,"53,90","1,746,30",20.5,19.9,N,N,N
2021-10-30 17:11:02.616516,ABS,22,19.2,20.6,19.95,"4,30",20,"48,60",20.05,"34,30",20.05,"54,50",-0.55,-2.7%,20.1,"15,10",20.15,"19,20",20.2,"53,90","1,746,30",20.5,19.9,N,N,N
2021-10-30 17:11:03.584525,ABS,22,19.2,20.6,19.95,"4,30",20,"48,60",20.05,"34,30",20.05,"54,50",-0.55,-2.7%,20.1,"15,10",20.15,"19,20",20.2,"53,90","1,746,30",20.5,19.9,N,N,N
2021-10-30 17:11:04.365504,ABS,22,19.2,20.6,19.95,"4,30",20,"48,60",20.05,"34,30",20.05,"54,50",-0.55,-2.7%,20.1,"15,10",20.15,"19,20",20.2,"53,90","1,746,30",20.5,19.9,N,N,N
2021-10-30 17:11:05.187862,ABS,22,19.2,20.6,19.95,"4,30",20,"48,60",20.05,"34,30",20.05,"54,50",-0.55,-2.7%,20.1,"15,10",20.15,"19,20",20.2,"53,90","1,746,30",20.5,19.9,N,N,N
2021-10-30 17:11:06.295020,ABS,22,19.2,20.6,19.95,"4,30",20,"48,60",20.05,"34,30",20.05,"54,50",-0.55,-2.7%,20.1,"15,10",20.15,"19,20",20.2,"53,90","1,746,30",20.5,19.9,N,N,N
2021-10-30 17:11:07.150045,ABS,22,19.2,20.6,19.95,"4,30",20,"48,60",20.05,"34,30",20.05,"54,50",-0.55,-2.7%,20.1,"15,10",20.15,"19,20",20.2,"53,90","1,746,30",20.5,19.9,N,N,N
2021-10-30 17:11:08.069660,ABS,22,19.2,20.6,19.95,"4,30",20,"48,60",20.05,"34,30",20.05,"54,50",-0.55,-2.7%,20.1,"15,10",20.15,"19,20",20.2,"53,90","1,746,30",20.5,19.9,N,N,N
2021-10-30 17:11:08.873688,ABS,22,19.2,20.6,19.95,"4,30",20,"48,60",20.05,"34,30",20.05,"54,50",-0.55,-2.7%,20.1,"15,10",20.15,"19,20",20.2,"53,90","1,746,30",20.5,19.9,N,N,N
2021-10-30 17:11:09.731672,ABS,22,19.2,20.6,19.95,"4,30",20,"48,60",20.05,"34,30",20.05,"54,50",-0.55,-2.7%,20.1,"15,10",20.15,"19,20",20.2,"53,90","1,746,30",20.5,19.9,N,N,N
2021-10-30 17:11:10.562742,ABS,22,19.2,20.6,19.95,"4,30",20,"48,60",20.05,"34,30",20.05,"54,50",-0.55,-2.7%,20.1,"15,10",20.15,"19,20",20.2,"53,90","1,746,30",20.5,19.9,N,N,N
2021-10-30 17:11:12.292581,ABS,22,19.2,20.6,19.95,"4,30",20,"48,60",20.05,"34,30",20.05,"54,50",-0.55,-2.7%,20.1,"15,10",20.15,"19,20",20.2,"53,90","1,746,30",20.5,19.9,N,N,N
2021-10-30 17:11:13.132769,ABS,22,19.2,20.6,19.95,"4,30",20,"48,60",20.05,"34,30",20.05,"54,50",-0.55,-2.7%,20.1,"15,10",20.15,"19,20",20.2,"53,90","1,746,30",20.5,19.9,N,N,N
2021-10-30 17:11:13.998265,ABS,22,19.2,20.6,19.95,"4,30",20,"48,60",20.05,"34,30",20.05,"54,50",-0.55,-2.7%,20.1,"15,10",20.15,"19,20",20.2,"53,90","1,746,30",20.5,19.9,N,N,N
2021-10-30 17:11:14.790288,ABS,22,19.2,20.6,19.95,"4,30",20,"48,60",20.05,"34,30",20.05,"54,50",-0.55,-2.7%,20.1,"15,10",20.15,"19,20",20.2,"53,90","1,746,30",20.5,19.9,N,N,N
2021-10-30 17:11:15.634322,ABS,22,19.2,20.6,19.95,"4,30",20,"48,60",20.05,"34,30",20.05,"54,50",-0.55,-2.7%,20.1,"15,10",20.15,"19,20",20.2,"53,90","1,746,30",20.5,19.9,N,N,N
2021-10-30 17:11:16.461890,ABS,22,19.2,20.6,19.95,"4,30",20,"48,60",20.05,"34,30",20.05,"54,50",-0.55,-2.7%,20.1,"15,10",20.15,"19,20",20.2,"53,90","1,746,30",20.5,19.9,N,N,N
2021-10-30 17:11:17.250879,ABS,22,19.2,20.6,19.95,"4,30",20,"48,60",20.05,"34,30",20.05,"54,50",-0.55,-2.7%,20.1,"15,10",20.15,"19,20",20.2,"53,90","1,746,30",20.5,19.9,N,N,N
2021-10-30 17:11:18.519946,ABS,22,19.2,20.6,19.95,"4,30",20,"48,60",20.05,"34,30",20.05,"54,50",-0.55,-2.7%,20.1,"15,10",20.15,"19,20",20.2,"53,90","1,746,30",20.5,19.9,N,N,N
2021-10-30 17:11:19.442928,ABS,22,19.2,20.6,19.95,"4,30",20,"48,60",20.05,"34,30",20.05,"54,50",-0.55,-2.7%,20.1,"15,10",20.15,"19,20",20.2,"53,90","1,746,30",20.5,19.9,N,N,N
2021-10-30 17:11:20.738347,ABS,22,19.2,20.6,19.95,"4,30",20,"48,60",20.05,"34,30",20.05,"54,50",-0.55,-2.7%,20.1,"15,10",20.15,"19,20",20.2,"53,90","1,746,30",20.5,19.9,N,N,N
2021-10-30 17:11:21.738327,ABS,22,19.2,20.6,19.95,"4,30",20,"48,60",20.05,"34,30",20.05,"54,50",-0.55,-2.7%,20.1,"15,10",20.15,"19,20",20.2,"53,90","1,746,30",20.5,19.9,N,N,N
2021-10-30 17:11:22.716021,ABS,22,19.2,20.6,19.95,"4,30",20,"48,60",20.05,"34,30",20.05,"54,50",-0.55,-2.7%,20.1,"15,10",20.15,"19,20",20.2,"53,90","1,746,30",20.5,19.9,N,N,N
2021-10-30 17:11:24.186327,ABS,22,19.2,20.6,19.95,"4,30",20,"48,60",20.05,"34,30",20.05,"54,50",-0.55,-2.7%,20.1,"15,10",20.15,"19,20",20.2,"53,90","1,746,30",20.5,19.9,N,N,N
2021-10-30 17:11:24.949295,ABS,22,19.2,20.6,19.95,"4,30",20,"48,60",20.05,"34,30",20.05,"54,50",-0.55,-2.7%,20.1,"15,10",20.15,"19,20",20.2,"53,90","1,746,30",20.5,19.9,N,N,N
2021-10-30 17:11:25.882760,ABS,22,19.2,20.6,19.95,"4,30",20,"48,60",20.05,"34,30",20.05,"54,50",-0.55,-2.7%,20.1,"15,10",20.15,"19,20",20.2,"53,90","1,746,30",20.5,19.9,N,N,N
2021-10-30 17:11:26.687432,ABS,22,19.2,20.6,19.95,"4,30",20,"48,60",20.05,"34,30",20.05,"54,50",-0.55,-2.7%,20.1,"15,10",20.15,"19,20",20.2,"53,90","1,746,30",20.5,19.9,N,N,N
2021-10-30 17:11:27.530509,ABS,22,19.2,20.6,19.95,"4,30",20,"48,60",20.05,"34,30",20.05,"54,50",-0.55,-2.7%,20.1,"15,10",20.15,"19,20",20.2,"53,90","1,746,30",20.5,19.9,N,N,N
2021-10-30 17:11:28.289583,ABS,22,19.2,20.6,19.95,"4,30",20,"48,60",20.05,"34,30",20.05,"54,50",-0.55,-2.7%,20.1,"15,10",20.15,"19,20",20.2,"53,90","1,746,30",20.5,19.9,N,N,N
2021-10-30 17:11:29.404199,ABS,22,19.2,20.6,19.95,"4,30",20,"48,60",20.05,"34,30",20.05,"54,50",-0.55,-2.7%,20.1,"15,10",20.15,"19,20",20.2,"53,90","1,746,30",20.5,19.9,N,N,N
2021-10-30 17:11:30.235914,ABS,22,19.2,20.6,19.95,"4,30",20,"48,60",20.05,"34,30",20.05,"54,50",-0.55,-2.7%,20.1,"15,10",20.15,"19,20",20.2,"53,90","1,746,30",20.5,19.9,N,N,N
2021-10-30 17:11:30.985923,ABS,22,19.2,20.6,19.95,"4,30",20,"48,60",20.05,"34,30",20.05,"54,50",-0.55,-2.7%,20.1,"15,10",20.15,"19,20",20.2,"53,90","1,746,30",20.5,19.9,N,N,N
2021-10-30 17:11:31.826275,ABS,22,19.2,20.6,19.95,"4,30",20,"48,60",20.05,"34,30",20.05,"54,50",-0.55,-2.7%,20.1,"15,10",20.15,"19,20",20.2,"53,90","1,746,30",20.5,19.9,N,N,N
2021-10-30 17:11:32.769177,ABS,22,19.2,20.6,19.95,"4,30",20,"48,60",20.05,"34,30",20.05,"54,50",-0.55,-2.7%,20.1,"15,10",20.15,"19,20",20.2,"53,90","1,746,30",20.5,19.9,N,N,N
2021-10-30 17:11:33.884355,ABS,22,19.2,20.6,19.95,"4,30",20,"48,60",20.05,"34,30",20.05,"54,50",-0.55,-2.7%,20.1,"15,10",20.15,"19,20",20.2,"53,90","1,746,30",20.5,19.9,N,N,N
2021-10-30 17:11:35.419793,ABS,22,19.2,20.6,19.95,"4,30",20,"48,60",20.05,"34,30",20.05,"54,50",-0.55,-2.7%,20.1,"15,10",20.15,"19,20",20.2,"53,90","1,746,30",20.5,19.9,N,N,N
2021-10-30 17:11:36.414407,ABS,22,19.2,20.6,19.95,"4,30",20,"48,60",20.05,"34,30",20.05,"54,50",-0.55,-2.7%,20.1,"15,10",20.15,"19,20",20.2,"53,90","1,746,30",20.5,19.9,N,N,N
2021-10-30 17:11:37.489915,ABS,22,19.2,20.6,19.95,"4,30",20,"48,60",20.05,"34,30",20.05,"54,50",-0.55,-2.7%,20.1,"15,10",20.15,"19,20",20.2,"53,90","1,746,30",20.5,19.9,N,N,N
2021-10-30 17:11:38.344069,ABS,22,19.2,20.6,19.95,"4,30",20,"48,60",20.05,"34,30",20.05,"54,50",-0.55,-2.7%,20.1,"15,10",20.15,"19,20",20.2,"53,90","1,746,30",20.5,19.9,N,N,N
2021-10-30 17:11:39.219805,ABS,22,19.2,20.6,19.95,"4,30",20,"48,60",20.05,"34,30",20.05,"54,50",-0.55,-2.7%,20.1,"15,10",20.15,"19,20",20.2,"53,90","1,746,30",20.5,19.9,N,N,N
2021-10-30 17:11:40.184347,ABS,22,19.2,20.6,19.95,"4,30",20,"48,60",20.05,"34,30",20.05,"54,50",-0.55,-2.7%,20.1,"15,10",20.15,"19,20",20.2,"53,90","1,746,30",20.5,19.9,N,N,N
2021-10-30 17:11:42.049835,ABS,22,19.2,20.6,19.95,"4,30",20,"48,60",20.05,"34,30",20.05,"54,50",-0.55,-2.7%,20.1,"15,10",20.15,"19,20",20.2,"53,90","1,746,30",20.5,19.9,N,N,N
2021-10-30 17:11:42.895965,ABS,22,19.2,20.6,19.95,"4,30",20,"48,60",20.05,"34,30",20.05,"54,50",-0.55,-2.7%,20.1,"15,10",20.15,"19,20",20.2,"53,90","1,746,30",20.5,19.9,N,N,N
2021-10-30 17:11:43.845137,ABS,22,19.2,20.6,19.95,"4,30",20,"48,60",20.05,"34,30",20.05,"54,50",-0.55,-2.7%,20.1,"15,10",20.15,"19,20",20.2,"53,90","1,746,30",20.5,19.9,N,N,N
2021-10-30 17:11:44.718496,ABS,22,19.2,20.6,19.95,"4,30",20,"48,60",20.05,"34,30",20.05,"54,50",-0.55,-2.7%,20.1,"15,10",20.15,"19,20",20.2,"53,90","1,746,30",20.5,19.9,N,N,N
2021-10-30 17:11:45.707867,ABS,22,19.2,20.6,19.95,"4,30",20,"48,60",20.05,"34,30",20.05,"54,50",-0.55,-2.7%,20.1,"15,10",20.15,"19,20",20.2,"53,90","1,746,30",20.5,19.9,N,N,N
2021-10-30 17:11:47.095404,ABS,22,19.2,20.6,19.95,"4,30",20,"48,60",20.05,"34,30",20.05,"54,50",-0.55,-2.7%,20.1,"15,10",20.15,"19,20",20.2,"53,90","1,746,30",20.5,19.9,N,N,N
2021-10-30 17:11:48.010594,ABS,22,19.2,20.6,19.95,"4,30",20,"48,60",20.05,"34,30",20.05,"54,50",-0.55,-2.7%,20.1,"15,10",20.15,"19,20",20.2,"53,90","1,746,30",20.5,19.9,N,N,N
2021-10-30 17:11:49.184814,ABS,22,19.2,20.6,19.95,"4,30",20,"48,60",20.05,"34,30",20.05,"54,50",-0.55,-2.7%,20.1,"15,10",20.15,"19,20",20.2,"53,90","1,746,30",20.5,19.9,N,N,N
2021-10-30 17:11:50.119726,ABS,22,19.2,20.6,19.95,"4,30",20,"48,60",20.05,"34,30",20.05,"54,50",-0.55,-2.7%,20.1,"15,10",20.15,"19,20",20.2,"53,90","1,746,30",20.5,19.9,N,N,N
2021-10-30 17:11:50.943563,ABS,22,19.2,20.6,19.95,"4,30",20,"48,60",20.05,"34,30",20.05,"54,50",-0.55,-2.7%,20.1,"15,10",20.15,"19,20",20.2,"53,90","1,746,30",20.5,19.9,N,N,N
2021-10-30 17:11:52.013846,ABS,22,19.2,20.6,19.95,"4,30",20,"48,60",20.05,"34,30",20.05,"54,50",-0.55,-2.7%,20.1,"15,10",20.15,"19,20",20.2,"53,90","1,746,30",20.5,19.9,N,N,N
2021-10-30 17:11:53.811005,ABS,22,19.2,20.6,19.95,"4,30",20,"48,60",20.05,"34,30",20.05,"54,50",-0.55,-2.7%,20.1,"15,10",20.15,"19,20",20.2,"53,90","1,746,30",20.5,19.9,N,N,N
2021-10-30 17:11:55.211165,ABS,22,19.2,20.6,19.95,"4,30",20,"48,60",20.05,"34,30",20.05,"54,50",-0.55,-2.7%,20.1,"15,10",20.15,"19,20",20.2,"53,90","1,746,30",20.5,19.9,N,N,N
2021-10-30 17:11:56.740314,ABS,22,19.2,20.6,19.95,"4,30",20,"48,60",20.05,"34,30",20.05,"54,50",-0.55,-2.7%,20.1,"15,10",20.15,"19,20",20.2,"53,90","1,746,30",20.5,19.9,N,N,N
2021-10-30 17:11:58.109215,ABS,22,19.2,20.6,19.95,"4,30",20,"48,60",20.05,"34,30",20.05,"54,50",-0.55,-2.7%,20.1,"15,10",20.15,"19,20",20.2,"53,90","1,746,30",20.5,19.9,N,N,N
2021-10-30 17:12:00.138529,ABS,22,19.2,20.6,19.95,"4,30",20,"48,60",20.05,"34,30",20.05,"54,50",-0.55,-2.7%,20.1,"15,10",20.15,"19,20",20.2,"53,90","1,746,30",20.5,19.9,N,N,N
2021-10-30 17:12:01.460327,ABS,22,19.2,20.6,19.95,"4,30",20,"48,60",20.05,"34,30",20.05,"54,50",-0.55,-2.7%,20.1,"15,10",20.15,"19,20",20.2,"53,90","1,746,30",20.5,19.9,N,N,N
