2021-10-30 17:04:01.405151,AAM,11.55,10.05,10.8,10.7,"3,30",10.75,60,10.8,20,10.9,10,0.10,0.9%,11.05,10,11.1,10,11.2,"3,40","16,10",10.95,10.8,N,N,"5,939,17"
2021-10-30 17:04:02.203191,AAM,11.55,10.05,10.8,10.7,"3,30",10.75,60,10.8,20,10.9,10,0.10,0.9%,11.05,10,11.1,10,11.2,"3,40","16,10",10.95,10.8,N,N,"5,939,17"
2021-10-30 17:04:03.037245,AAM,11.55,10.05,10.8,10.7,"3,30",10.75,60,10.8,20,10.9,10,0.10,0.9%,11.05,10,11.1,10,11.2,"3,40","16,10",10.95,10.8,N,N,"5,939,17"
2021-10-30 17:04:03.819209,AAM,11.55,10.05,10.8,10.7,"3,30",10.75,60,10.8,20,10.9,10,0.10,0.9%,11.05,10,11.1,10,11.2,"3,40","16,10",10.95,10.8,N,N,"5,939,17"
2021-10-30 17:04:04.605266,AAM,11.55,10.05,10.8,10.7,"3,30",10.75,60,10.8,20,10.9,10,0.10,0.9%,11.05,10,11.1,10,11.2,"3,40","16,10",10.95,10.8,N,N,"5,939,17"
2021-10-30 17:04:05.359225,AAM,11.55,10.05,10.8,10.7,"3,30",10.75,60,10.8,20,10.9,10,0.10,0.9%,11.05,10,11.1,10,11.2,"3,40","16,10",10.95,10.8,N,N,"5,939,17"
2021-10-30 17:04:06.113313,AAM,11.55,10.05,10.8,10.7,"3,30",10.75,60,10.8,20,10.9,10,0.10,0.9%,11.05,10,11.1,10,11.2,"3,40","16,10",10.95,10.8,N,N,"5,939,17"
2021-10-30 17:04:06.893874,AAM,11.55,10.05,10.8,10.7,"3,30",10.75,60,10.8,20,10.9,10,0.10,0.9%,11.05,10,11.1,10,11.2,"3,40","16,10",10.95,10.8,N,N,"5,939,17"
2021-10-30 17:04:07.646380,AAM,11.55,10.05,10.8,10.7,"3,30",10.75,60,10.8,20,10.9,10,0.10,0.9%,11.05,10,11.1,10,11.2,"3,40","16,10",10.95,10.8,N,N,"5,939,17"
2021-10-30 17:04:08.426693,AAM,11.55,10.05,10.8,10.7,"3,30",10.75,60,10.8,20,10.9,10,0.10,0.9%,11.05,10,11.1,10,11.2,"3,40","16,10",10.95,10.8,N,N,"5,939,17"
2021-10-30 17:04:09.195394,AAM,11.55,10.05,10.8,10.7,"3,30",10.75,60,10.8,20,10.9,10,0.10,0.9%,11.05,10,11.1,10,11.2,"3,40","16,10",10.95,10.8,N,N,"5,939,17"
2021-10-30 17:04:09.976725,AAM,11.55,10.05,10.8,10.7,"3,30",10.75,60,10.8,20,10.9,10,0.10,0.9%,11.05,10,11.1,10,11.2,"3,40","16,10",10.95,10.8,N,N,"5,939,17"
2021-10-30 17:04:11.510465,AAM,11.55,10.05,10.8,10.7,"3,30",10.75,60,10.8,20,10.9,10,0.10,0.9%,11.05,10,11.1,10,11.2,"3,40","16,10",10.95,10.8,N,N,"5,939,17"
2021-10-30 17:04:12.526803,AAM,11.55,10.05,10.8,10.7,"3,30",10.75,60,10.8,20,10.9,10,0.10,0.9%,11.05,10,11.1,10,11.2,"3,40","16,10",10.95,10.8,N,N,"5,939,17"
2021-10-30 17:04:13.366467,AAM,11.55,10.05,10.8,10.7,"3,30",10.75,60,10.8,20,10.9,10,0.10,0.9%,11.05,10,11.1,10,11.2,"3,40","16,10",10.95,10.8,N,N,"5,939,17"
2021-10-30 17:04:14.159521,AAM,11.55,10.05,10.8,10.7,"3,30",10.75,60,10.8,20,10.9,10,0.10,0.9%,11.05,10,11.1,10,11.2,"3,40","16,10",10.95,10.8,N,N,"5,939,17"
2021-10-30 17:04:14.941973,AAM,11.55,10.05,10.8,10.7,"3,30",10.75,60,10.8,20,10.9,10,0.10,0.9%,11.05,10,11.1,10,11.2,"3,40","16,10",10.95,10.8,N,N,"5,939,17"
2021-10-30 17:04:15.715554,AAM,11.55,10.05,10.8,10.7,"3,30",10.75,60,10.8,20,10.9,10,0.10,0.9%,11.05,10,11.1,10,11.2,"3,40","16,10",10.95,10.8,N,N,"5,939,17"
2021-10-30 17:04:16.561010,AAM,11.55,10.05,10.8,10.7,"3,30",10.75,60,10.8,20,10.9,10,0.10,0.9%,11.05,10,11.1,10,11.2,"3,40","16,10",10.95,10.8,N,N,"5,939,17"
2021-10-30 17:04:17.315191,AAM,11.55,10.05,10.8,10.7,"3,30",10.75,60,10.8,20,10.9,10,0.10,0.9%,11.05,10,11.1,10,11.2,"3,40","16,10",10.95,10.8,N,N,"5,939,17"
2021-10-30 17:04:18.086045,AAM,11.55,10.05,10.8,10.7,"3,30",10.75,60,10.8,20,10.9,10,0.10,0.9%,11.05,10,11.1,10,11.2,"3,40","16,10",10.95,10.8,N,N,"5,939,17"
2021-10-30 17:04:18.885062,AAM,11.55,10.05,10.8,10.7,"3,30",10.75,60,10.8,20,10.9,10,0.10,0.9%,11.05,10,11.1,10,11.2,"3,40","16,10",10.95,10.8,N,N,"5,939,17"
2021-10-30 17:04:19.657636,AAM,11.55,10.05,10.8,10.7,"3,30",10.75,60,10.8,20,10.9,10,0.10,0.9%,11.05,10,11.1,10,11.2,"3,40","16,10",10.95,10.8,N,N,"5,939,17"
2021-10-30 17:04:20.427010,AAM,11.55,10.05,10.8,10.7,"3,30",10.75,60,10.8,20,10.9,10,0.10,0.9%,11.05,10,11.1,10,11.2,"3,40","16,10",10.95,10.8,N,N,"5,939,17"
2021-10-30 17:04:21.177033,AAM,11.55,10.05,10.8,10.7,"3,30",10.75,60,10.8,20,10.9,10,0.10,0.9%,11.05,10,11.1,10,11.2,"3,40","16,10",10.95,10.8,N,N,"5,939,17"
2021-10-30 17:04:21.974319,AAM,11.55,10.05,10.8,10.7,"3,30",10.75,60,10.8,20,10.9,10,0.10,0.9%,11.05,10,11.1,10,11.2,"3,40","16,10",10.95,10.8,N,N,"5,939,17"
2021-10-30 17:04:22.719755,AAM,11.55,10.05,10.8,10.7,"3,30",10.75,60,10.8,20,10.9,10,0.10,0.9%,11.05,10,11.1,10,11.2,"3,40","16,10",10.95,10.8,N,N,"5,939,17"
2021-10-30 17:04:23.458620,AAM,11.55,10.05,10.8,10.7,"3,30",10.75,60,10.8,20,10.9,10,0.10,0.9%,11.05,10,11.1,10,11.2,"3,40","16,10",10.95,10.8,N,N,"5,939,17"
2021-10-30 17:04:24.240197,AAM,11.55,10.05,10.8,10.7,"3,30",10.75,60,10.8,20,10.9,10,0.10,0.9%,11.05,10,11.1,10,11.2,"3,40","16,10",10.95,10.8,N,N,"5,939,17"
2021-10-30 17:04:24.990229,AAM,11.55,10.05,10.8,10.7,"3,30",10.75,60,10.8,20,10.9,10,0.10,0.9%,11.05,10,11.1,10,11.2,"3,40","16,10",10.95,10.8,N,N,"5,939,17"
2021-10-30 17:04:25.777166,AAM,11.55,10.05,10.8,10.7,"3,30",10.75,60,10.8,20,10.9,10,0.10,0.9%,11.05,10,11.1,10,11.2,"3,40","16,10",10.95,10.8,N,N,"5,939,17"
2021-10-30 17:04:26.571838,AAM,11.55,10.05,10.8,10.7,"3,30",10.75,60,10.8,20,10.9,10,0.10,0.9%,11.05,10,11.1,10,11.2,"3,40","16,10",10.95,10.8,N,N,"5,939,17"
2021-10-30 17:04:27.381837,AAM,11.55,10.05,10.8,10.7,"3,30",10.75,60,10.8,20,10.9,10,0.10,0.9%,11.05,10,11.1,10,11.2,"3,40","16,10",10.95,10.8,N,N,"5,939,17"
2021-10-30 17:04:28.130894,AAM,11.55,10.05,10.8,10.7,"3,30",10.75,60,10.8,20,10.9,10,0.10,0.9%,11.05,10,11.1,10,11.2,"3,40","16,10",10.95,10.8,N,N,"5,939,17"
2021-10-30 17:04:28.855898,AAM,11.55,10.05,10.8,10.7,"3,30",10.75,60,10.8,20,10.9,10,0.10,0.9%,11.05,10,11.1,10,11.2,"3,40","16,10",10.95,10.8,N,N,"5,939,17"
2021-10-30 17:04:29.704610,AAM,11.55,10.05,10.8,10.7,"3,30",10.75,60,10.8,20,10.9,10,0.10,0.9%,11.05,10,11.1,10,11.2,"3,40","16,10",10.95,10.8,N,N,"5,939,17"
2021-10-30 17:04:30.427252,AAM,11.55,10.05,10.8,10.7,"3,30",10.75,60,10.8,20,10.9,10,0.10,0.9%,11.05,10,11.1,10,11.2,"3,40","16,10",10.95,10.8,N,N,"5,939,17"
2021-10-30 17:04:31.214990,AAM,11.55,10.05,10.8,10.7,"3,30",10.75,60,10.8,20,10.9,10,0.10,0.9%,11.05,10,11.1,10,11.2,"3,40","16,10",10.95,10.8,N,N,"5,939,17"
2021-10-30 17:04:31.990980,AAM,11.55,10.05,10.8,10.7,"3,30",10.75,60,10.8,20,10.9,10,0.10,0.9%,11.05,10,11.1,10,11.2,"3,40","16,10",10.95,10.8,N,N,"5,939,17"
2021-10-30 17:04:32.777342,AAM,11.55,10.05,10.8,10.7,"3,30",10.75,60,10.8,20,10.9,10,0.10,0.9%,11.05,10,11.1,10,11.2,"3,40","16,10",10.95,10.8,N,N,"5,939,17"
2021-10-30 17:04:33.550033,AAM,11.55,10.05,10.8,10.7,"3,30",10.75,60,10.8,20,10.9,10,0.10,0.9%,11.05,10,11.1,10,11.2,"3,40","16,10",10.95,10.8,N,N,"5,939,17"
2021-10-30 17:04:34.277388,AAM,11.55,10.05,10.8,10.7,"3,30",10.75,60,10.8,20,10.9,10,0.10,0.9%,11.05,10,11.1,10,11.2,"3,40","16,10",10.95,10.8,N,N,"5,939,17"
2021-10-30 17:04:35.079052,AAM,11.55,10.05,10.8,10.7,"3,30",10.75,60,10.8,20,10.9,10,0.10,0.9%,11.05,10,11.1,10,11.2,"3,40","16,10",10.95,10.8,N,N,"5,939,17"
2021-10-30 17:04:35.855097,AAM,11.55,10.05,10.8,10.7,"3,30",10.75,60,10.8,20,10.9,10,0.10,0.9%,11.05,10,11.1,10,11.2,"3,40","16,10",10.95,10.8,N,N,"5,939,17"
2021-10-30 17:04:36.635522,AAM,11.55,10.05,10.8,10.7,"3,30",10.75,60,10.8,20,10.9,10,0.10,0.9%,11.05,10,11.1,10,11.2,"3,40","16,10",10.95,10.8,N,N,"5,939,17"
2021-10-30 17:04:37.377471,AAM,11.55,10.05,10.8,10.7,"3,30",10.75,60,10.8,20,10.9,10,0.10,0.9%,11.05,10,11.1,10,11.2,"3,40","16,10",10.95,10.8,N,N,"5,939,17"
2021-10-30 17:04:38.189157,AAM,11.55,10.05,10.8,10.7,"3,30",10.75,60,10.8,20,10.9,10,0.10,0.9%,11.05,10,11.1,10,11.2,"3,40","16,10",10.95,10.8,N,N,"5,939,17"
2021-10-30 17:04:38.941761,AAM,11.55,10.05,10.8,10.7,"3,30",10.75,60,10.8,20,10.9,10,0.10,0.9%,11.05,10,11.1,10,11.2,"3,40","16,10",10.95,10.8,N,N,"5,939,17"
2021-10-30 17:04:39.711199,AAM,11.55,10.05,10.8,10.7,"3,30",10.75,60,10.8,20,10.9,10,0.10,0.9%,11.05,10,11.1,10,11.2,"3,40","16,10",10.95,10.8,N,N,"5,939,17"
2021-10-30 17:04:40.577550,AAM,11.55,10.05,10.8,10.7,"3,30",10.75,60,10.8,20,10.9,10,0.10,0.9%,11.05,10,11.1,10,11.2,"3,40","16,10",10.95,10.8,N,N,"5,939,17"
2021-10-30 17:04:42.201257,AAM,11.55,10.05,10.8,10.7,"3,30",10.75,60,10.8,20,10.9,10,0.10,0.9%,11.05,10,11.1,10,11.2,"3,40","16,10",10.95,10.8,N,N,"5,939,17"
2021-10-30 17:04:43.148283,AAM,11.55,10.05,10.8,10.7,"3,30",10.75,60,10.8,20,10.9,10,0.10,0.9%,11.05,10,11.1,10,11.2,"3,40","16,10",10.95,10.8,N,N,"5,939,17"
2021-10-30 17:04:44.060330,AAM,11.55,10.05,10.8,10.7,"3,30",10.75,60,10.8,20,10.9,10,0.10,0.9%,11.05,10,11.1,10,11.2,"3,40","16,10",10.95,10.8,N,N,"5,939,17"
2021-10-30 17:04:45.059083,AAM,11.55,10.05,10.8,10.7,"3,30",10.75,60,10.8,20,10.9,10,0.10,0.9%,11.05,10,11.1,10,11.2,"3,40","16,10",10.95,10.8,N,N,"5,939,17"
2021-10-30 17:04:45.905762,AAM,11.55,10.05,10.8,10.7,"3,30",10.75,60,10.8,20,10.9,10,0.10,0.9%,11.05,10,11.1,10,11.2,"3,40","16,10",10.95,10.8,N,N,"5,939,17"
2021-10-30 17:04:46.834059,AAM,11.55,10.05,10.8,10.7,"3,30",10.75,60,10.8,20,10.9,10,0.10,0.9%,11.05,10,11.1,10,11.2,"3,40","16,10",10.95,10.8,N,N,"5,939,17"
2021-10-30 17:04:47.718422,AAM,11.55,10.05,10.8,10.7,"3,30",10.75,60,10.8,20,10.9,10,0.10,0.9%,11.05,10,11.1,10,11.2,"3,40","16,10",10.95,10.8,N,N,"5,939,17"
2021-10-30 17:04:48.652464,AAM,11.55,10.05,10.8,10.7,"3,30",10.75,60,10.8,20,10.9,10,0.10,0.9%,11.05,10,11.1,10,11.2,"3,40","16,10",10.95,10.8,N,N,"5,939,17"
2021-10-30 17:04:49.454068,AAM,11.55,10.05,10.8,10.7,"3,30",10.75,60,10.8,20,10.9,10,0.10,0.9%,11.05,10,11.1,10,11.2,"3,40","16,10",10.95,10.8,N,N,"5,939,17"
2021-10-30 17:04:50.223864,AAM,11.55,10.05,10.8,10.7,"3,30",10.75,60,10.8,20,10.9,10,0.10,0.9%,11.05,10,11.1,10,11.2,"3,40","16,10",10.95,10.8,N,N,"5,939,17"
2021-10-30 17:04:51.064909,AAM,11.55,10.05,10.8,10.7,"3,30",10.75,60,10.8,20,10.9,10,0.10,0.9%,11.05,10,11.1,10,11.2,"3,40","16,10",10.95,10.8,N,N,"5,939,17"
2021-10-30 17:04:51.855516,AAM,11.55,10.05,10.8,10.7,"3,30",10.75,60,10.8,20,10.9,10,0.10,0.9%,11.05,10,11.1,10,11.2,"3,40","16,10",10.95,10.8,N,N,"5,939,17"
2021-10-30 17:04:52.664578,AAM,11.55,10.05,10.8,10.7,"3,30",10.75,60,10.8,20,10.9,10,0.10,0.9%,11.05,10,11.1,10,11.2,"3,40","16,10",10.95,10.8,N,N,"5,939,17"
2021-10-30 17:04:53.437547,AAM,11.55,10.05,10.8,10.7,"3,30",10.75,60,10.8,20,10.9,10,0.10,0.9%,11.05,10,11.1,10,11.2,"3,40","16,10",10.95,10.8,N,N,"5,939,17"
2021-10-30 17:04:54.177919,AAM,11.55,10.05,10.8,10.7,"3,30",10.75,60,10.8,20,10.9,10,0.10,0.9%,11.05,10,11.1,10,11.2,"3,40","16,10",10.95,10.8,N,N,"5,939,17"
2021-10-30 17:04:55.023020,AAM,11.55,10.05,10.8,10.7,"3,30",10.75,60,10.8,20,10.9,10,0.10,0.9%,11.05,10,11.1,10,11.2,"3,40","16,10",10.95,10.8,N,N,"5,939,17"
2021-10-30 17:04:55.817288,AAM,11.55,10.05,10.8,10.7,"3,30",10.75,60,10.8,20,10.9,10,0.10,0.9%,11.05,10,11.1,10,11.2,"3,40","16,10",10.95,10.8,N,N,"5,939,17"
2021-10-30 17:04:56.603692,AAM,11.55,10.05,10.8,10.7,"3,30",10.75,60,10.8,20,10.9,10,0.10,0.9%,11.05,10,11.1,10,11.2,"3,40","16,10",10.95,10.8,N,N,"5,939,17"
2021-10-30 17:04:57.368617,AAM,11.55,10.05,10.8,10.7,"3,30",10.75,60,10.8,20,10.9,10,0.10,0.9%,11.05,10,11.1,10,11.2,"3,40","16,10",10.95,10.8,N,N,"5,939,17"
2021-10-30 17:04:58.169743,AAM,11.55,10.05,10.8,10.7,"3,30",10.75,60,10.8,20,10.9,10,0.10,0.9%,11.05,10,11.1,10,11.2,"3,40","16,10",10.95,10.8,N,N,"5,939,17"
2021-10-30 17:04:59.510210,AAM,11.55,10.05,10.8,10.7,"3,30",10.75,60,10.8,20,10.9,10,0.10,0.9%,11.05,10,11.1,10,11.2,"3,40","16,10",10.95,10.8,N,N,"5,939,17"
2021-10-30 17:05:00.599726,AAM,11.55,10.05,10.8,10.7,"3,30",10.75,60,10.8,20,10.9,10,0.10,0.9%,11.05,10,11.1,10,11.2,"3,40","16,10",10.95,10.8,N,N,"5,939,17"
2021-10-30 17:05:01.478241,AAM,11.55,10.05,10.8,10.7,"3,30",10.75,60,10.8,20,10.9,10,0.10,0.9%,11.05,10,11.1,10,11.2,"3,40","16,10",10.95,10.8,N,N,"5,939,17"
2021-10-30 17:05:02.279604,AAM,11.55,10.05,10.8,10.7,"3,30",10.75,60,10.8,20,10.9,10,0.10,0.9%,11.05,10,11.1,10,11.2,"3,40","16,10",10.95,10.8,N,N,"5,939,17"
2021-10-30 17:05:03.158844,AAM,11.55,10.05,10.8,10.7,"3,30",10.75,60,10.8,20,10.9,10,0.10,0.9%,11.05,10,11.1,10,11.2,"3,40","16,10",10.95,10.8,N,N,"5,939,17"
2021-10-30 17:05:03.955864,AAM,11.55,10.05,10.8,10.7,"3,30",10.75,60,10.8,20,10.9,10,0.10,0.9%,11.05,10,11.1,10,11.2,"3,40","16,10",10.95,10.8,N,N,"5,939,17"
2021-10-30 17:05:04.753867,AAM,11.55,10.05,10.8,10.7,"3,30",10.75,60,10.8,20,10.9,10,0.10,0.9%,11.05,10,11.1,10,11.2,"3,40","16,10",10.95,10.8,N,N,"5,939,17"
2021-10-30 17:05:05.964588,AAM,11.55,10.05,10.8,10.7,"3,30",10.75,60,10.8,20,10.9,10,0.10,0.9%,11.05,10,11.1,10,11.2,"3,40","16,10",10.95,10.8,N,N,"5,939,17"
2021-10-30 17:05:06.980929,AAM,11.55,10.05,10.8,10.7,"3,30",10.75,60,10.8,20,10.9,10,0.10,0.9%,11.05,10,11.1,10,11.2,"3,40","16,10",10.95,10.8,N,N,"5,939,17"
2021-10-30 17:05:08.107087,AAM,11.55,10.05,10.8,10.7,"3,30",10.75,60,10.8,20,10.9,10,0.10,0.9%,11.05,10,11.1,10,11.2,"3,40","16,10",10.95,10.8,N,N,"5,939,17"
2021-10-30 17:05:08.915981,AAM,11.55,10.05,10.8,10.7,"3,30",10.75,60,10.8,20,10.9,10,0.10,0.9%,11.05,10,11.1,10,11.2,"3,40","16,10",10.95,10.8,N,N,"5,939,17"
2021-10-30 17:05:09.724000,AAM,11.55,10.05,10.8,10.7,"3,30",10.75,60,10.8,20,10.9,10,0.10,0.9%,11.05,10,11.1,10,11.2,"3,40","16,10",10.95,10.8,N,N,"5,939,17"
2021-10-30 17:05:10.490020,AAM,11.55,10.05,10.8,10.7,"3,30",10.75,60,10.8,20,10.9,10,0.10,0.9%,11.05,10,11.1,10,11.2,"3,40","16,10",10.95,10.8,N,N,"5,939,17"
2021-10-30 17:05:12.256087,AAM,11.55,10.05,10.8,10.7,"3,30",10.75,60,10.8,20,10.9,10,0.10,0.9%,11.05,10,11.1,10,11.2,"3,40","16,10",10.95,10.8,N,N,"5,939,17"
2021-10-30 17:05:13.063610,AAM,11.55,10.05,10.8,10.7,"3,30",10.75,60,10.8,20,10.9,10,0.10,0.9%,11.05,10,11.1,10,11.2,"3,40","16,10",10.95,10.8,N,N,"5,939,17"
2021-10-30 17:05:14.078439,AAM,11.55,10.05,10.8,10.7,"3,30",10.75,60,10.8,20,10.9,10,0.10,0.9%,11.05,10,11.1,10,11.2,"3,40","16,10",10.95,10.8,N,N,"5,939,17"
2021-10-30 17:05:15.124712,AAM,11.55,10.05,10.8,10.7,"3,30",10.75,60,10.8,20,10.9,10,0.10,0.9%,11.05,10,11.1,10,11.2,"3,40","16,10",10.95,10.8,N,N,"5,939,17"
2021-10-30 17:05:15.904203,AAM,11.55,10.05,10.8,10.7,"3,30",10.75,60,10.8,20,10.9,10,0.10,0.9%,11.05,10,11.1,10,11.2,"3,40","16,10",10.95,10.8,N,N,"5,939,17"
2021-10-30 17:05:16.711586,AAM,11.55,10.05,10.8,10.7,"3,30",10.75,60,10.8,20,10.9,10,0.10,0.9%,11.05,10,11.1,10,11.2,"3,40","16,10",10.95,10.8,N,N,"5,939,17"
2021-10-30 17:05:17.759194,AAM,11.55,10.05,10.8,10.7,"3,30",10.75,60,10.8,20,10.9,10,0.10,0.9%,11.05,10,11.1,10,11.2,"3,40","16,10",10.95,10.8,N,N,"5,939,17"
2021-10-30 17:05:18.612304,AAM,11.55,10.05,10.8,10.7,"3,30",10.75,60,10.8,20,10.9,10,0.10,0.9%,11.05,10,11.1,10,11.2,"3,40","16,10",10.95,10.8,N,N,"5,939,17"
2021-10-30 17:05:19.396892,AAM,11.55,10.05,10.8,10.7,"3,30",10.75,60,10.8,20,10.9,10,0.10,0.9%,11.05,10,11.1,10,11.2,"3,40","16,10",10.95,10.8,N,N,"5,939,17"
2021-10-30 17:05:20.178608,AAM,11.55,10.05,10.8,10.7,"3,30",10.75,60,10.8,20,10.9,10,0.10,0.9%,11.05,10,11.1,10,11.2,"3,40","16,10",10.95,10.8,N,N,"5,939,17"
2021-10-30 17:05:20.976750,AAM,11.55,10.05,10.8,10.7,"3,30",10.75,60,10.8,20,10.9,10,0.10,0.9%,11.05,10,11.1,10,11.2,"3,40","16,10",10.95,10.8,N,N,"5,939,17"
2021-10-30 17:05:21.775332,AAM,11.55,10.05,10.8,10.7,"3,30",10.75,60,10.8,20,10.9,10,0.10,0.9%,11.05,10,11.1,10,11.2,"3,40","16,10",10.95,10.8,N,N,"5,939,17"
2021-10-30 17:05:23.008349,AAM,11.55,10.05,10.8,10.7,"3,30",10.75,60,10.8,20,10.9,10,0.10,0.9%,11.05,10,11.1,10,11.2,"3,40","16,10",10.95,10.8,N,N,"5,939,17"
2021-10-30 17:05:24.190075,AAM,11.55,10.05,10.8,10.7,"3,30",10.75,60,10.8,20,10.9,10,0.10,0.9%,11.05,10,11.1,10,11.2,"3,40","16,10",10.95,10.8,N,N,"5,939,17"
2021-10-30 17:05:25.128404,AAM,11.55,10.05,10.8,10.7,"3,30",10.75,60,10.8,20,10.9,10,0.10,0.9%,11.05,10,11.1,10,11.2,"3,40","16,10",10.95,10.8,N,N,"5,939,17"
2021-10-30 17:05:25.931856,AAM,11.55,10.05,10.8,10.7,"3,30",10.75,60,10.8,20,10.9,10,0.10,0.9%,11.05,10,11.1,10,11.2,"3,40","16,10",10.95,10.8,N,N,"5,939,17"
2021-10-30 17:05:26.678784,AAM,11.55,10.05,10.8,10.7,"3,30",10.75,60,10.8,20,10.9,10,0.10,0.9%,11.05,10,11.1,10,11.2,"3,40","16,10",10.95,10.8,N,N,"5,939,17"
2021-10-30 17:05:27.561064,AAM,11.55,10.05,10.8,10.7,"3,30",10.75,60,10.8,20,10.9,10,0.10,0.9%,11.05,10,11.1,10,11.2,"3,40","16,10",10.95,10.8,N,N,"5,939,17"
2021-10-30 17:05:28.321140,AAM,11.55,10.05,10.8,10.7,"3,30",10.75,60,10.8,20,10.9,10,0.10,0.9%,11.05,10,11.1,10,11.2,"3,40","16,10",10.95,10.8,N,N,"5,939,17"
2021-10-30 17:05:29.128847,AAM,11.55,10.05,10.8,10.7,"3,30",10.75,60,10.8,20,10.9,10,0.10,0.9%,11.05,10,11.1,10,11.2,"3,40","16,10",10.95,10.8,N,N,"5,939,17"
2021-10-30 17:05:29.922573,AAM,11.55,10.05,10.8,10.7,"3,30",10.75,60,10.8,20,10.9,10,0.10,0.9%,11.05,10,11.1,10,11.2,"3,40","16,10",10.95,10.8,N,N,"5,939,17"
2021-10-30 17:05:30.728920,AAM,11.55,10.05,10.8,10.7,"3,30",10.75,60,10.8,20,10.9,10,0.10,0.9%,11.05,10,11.1,10,11.2,"3,40","16,10",10.95,10.8,N,N,"5,939,17"
2021-10-30 17:05:31.778920,AAM,11.55,10.05,10.8,10.7,"3,30",10.75,60,10.8,20,10.9,10,0.10,0.9%,11.05,10,11.1,10,11.2,"3,40","16,10",10.95,10.8,N,N,"5,939,17"
2021-10-30 17:05:32.840647,AAM,11.55,10.05,10.8,10.7,"3,30",10.75,60,10.8,20,10.9,10,0.10,0.9%,11.05,10,11.1,10,11.2,"3,40","16,10",10.95,10.8,N,N,"5,939,17"
2021-10-30 17:05:33.749650,AAM,11.55,10.05,10.8,10.7,"3,30",10.75,60,10.8,20,10.9,10,0.10,0.9%,11.05,10,11.1,10,11.2,"3,40","16,10",10.95,10.8,N,N,"5,939,17"
2021-10-30 17:05:34.519518,AAM,11.55,10.05,10.8,10.7,"3,30",10.75,60,10.8,20,10.9,10,0.10,0.9%,11.05,10,11.1,10,11.2,"3,40","16,10",10.95,10.8,N,N,"5,939,17"
2021-10-30 17:05:35.456709,AAM,11.55,10.05,10.8,10.7,"3,30",10.75,60,10.8,20,10.9,10,0.10,0.9%,11.05,10,11.1,10,11.2,"3,40","16,10",10.95,10.8,N,N,"5,939,17"
2021-10-30 17:05:36.232164,AAM,11.55,10.05,10.8,10.7,"3,30",10.75,60,10.8,20,10.9,10,0.10,0.9%,11.05,10,11.1,10,11.2,"3,40","16,10",10.95,10.8,N,N,"5,939,17"
2021-10-30 17:05:37.051447,AAM,11.55,10.05,10.8,10.7,"3,30",10.75,60,10.8,20,10.9,10,0.10,0.9%,11.05,10,11.1,10,11.2,"3,40","16,10",10.95,10.8,N,N,"5,939,17"
2021-10-30 17:05:37.880432,AAM,11.55,10.05,10.8,10.7,"3,30",10.75,60,10.8,20,10.9,10,0.10,0.9%,11.05,10,11.1,10,11.2,"3,40","16,10",10.95,10.8,N,N,"5,939,17"
2021-10-30 17:05:38.637800,AAM,11.55,10.05,10.8,10.7,"3,30",10.75,60,10.8,20,10.9,10,0.10,0.9%,11.05,10,11.1,10,11.2,"3,40","16,10",10.95,10.8,N,N,"5,939,17"
2021-10-30 17:05:39.429133,AAM,11.55,10.05,10.8,10.7,"3,30",10.75,60,10.8,20,10.9,10,0.10,0.9%,11.05,10,11.1,10,11.2,"3,40","16,10",10.95,10.8,N,N,"5,939,17"
2021-10-30 17:05:40.879390,AAM,11.55,10.05,10.8,10.7,"3,30",10.75,60,10.8,20,10.9,10,0.10,0.9%,11.05,10,11.1,10,11.2,"3,40","16,10",10.95,10.8,N,N,"5,939,17"
2021-10-30 17:05:42.065862,AAM,11.55,10.05,10.8,10.7,"3,30",10.75,60,10.8,20,10.9,10,0.10,0.9%,11.05,10,11.1,10,11.2,"3,40","16,10",10.95,10.8,N,N,"5,939,17"
2021-10-30 17:05:42.923846,AAM,11.55,10.05,10.8,10.7,"3,30",10.75,60,10.8,20,10.9,10,0.10,0.9%,11.05,10,11.1,10,11.2,"3,40","16,10",10.95,10.8,N,N,"5,939,17"
2021-10-30 17:05:43.803445,AAM,11.55,10.05,10.8,10.7,"3,30",10.75,60,10.8,20,10.9,10,0.10,0.9%,11.05,10,11.1,10,11.2,"3,40","16,10",10.95,10.8,N,N,"5,939,17"
2021-10-30 17:05:44.587945,AAM,11.55,10.05,10.8,10.7,"3,30",10.75,60,10.8,20,10.9,10,0.10,0.9%,11.05,10,11.1,10,11.2,"3,40","16,10",10.95,10.8,N,N,"5,939,17"
2021-10-30 17:05:45.407949,AAM,11.55,10.05,10.8,10.7,"3,30",10.75,60,10.8,20,10.9,10,0.10,0.9%,11.05,10,11.1,10,11.2,"3,40","16,10",10.95,10.8,N,N,"5,939,17"
2021-10-30 17:05:46.224658,AAM,11.55,10.05,10.8,10.7,"3,30",10.75,60,10.8,20,10.9,10,0.10,0.9%,11.05,10,11.1,10,11.2,"3,40","16,10",10.95,10.8,N,N,"5,939,17"
2021-10-30 17:05:47.057619,AAM,11.55,10.05,10.8,10.7,"3,30",10.75,60,10.8,20,10.9,10,0.10,0.9%,11.05,10,11.1,10,11.2,"3,40","16,10",10.95,10.8,N,N,"5,939,17"
2021-10-30 17:05:47.892451,AAM,11.55,10.05,10.8,10.7,"3,30",10.75,60,10.8,20,10.9,10,0.10,0.9%,11.05,10,11.1,10,11.2,"3,40","16,10",10.95,10.8,N,N,"5,939,17"
2021-10-30 17:05:48.716028,AAM,11.55,10.05,10.8,10.7,"3,30",10.75,60,10.8,20,10.9,10,0.10,0.9%,11.05,10,11.1,10,11.2,"3,40","16,10",10.95,10.8,N,N,"5,939,17"
2021-10-30 17:05:49.620077,AAM,11.55,10.05,10.8,10.7,"3,30",10.75,60,10.8,20,10.9,10,0.10,0.9%,11.05,10,11.1,10,11.2,"3,40","16,10",10.95,10.8,N,N,"5,939,17"
2021-10-30 17:05:50.659117,AAM,11.55,10.05,10.8,10.7,"3,30",10.75,60,10.8,20,10.9,10,0.10,0.9%,11.05,10,11.1,10,11.2,"3,40","16,10",10.95,10.8,N,N,"5,939,17"
2021-10-30 17:05:51.875118,AAM,11.55,10.05,10.8,10.7,"3,30",10.75,60,10.8,20,10.9,10,0.10,0.9%,11.05,10,11.1,10,11.2,"3,40","16,10",10.95,10.8,N,N,"5,939,17"
2021-10-30 17:05:52.904159,AAM,11.55,10.05,10.8,10.7,"3,30",10.75,60,10.8,20,10.9,10,0.10,0.9%,11.05,10,11.1,10,11.2,"3,40","16,10",10.95,10.8,N,N,"5,939,17"
2021-10-30 17:05:53.827171,AAM,11.55,10.05,10.8,10.7,"3,30",10.75,60,10.8,20,10.9,10,0.10,0.9%,11.05,10,11.1,10,11.2,"3,40","16,10",10.95,10.8,N,N,"5,939,17"
2021-10-30 17:05:54.729571,AAM,11.55,10.05,10.8,10.7,"3,30",10.75,60,10.8,20,10.9,10,0.10,0.9%,11.05,10,11.1,10,11.2,"3,40","16,10",10.95,10.8,N,N,"5,939,17"
2021-10-30 17:05:55.529596,AAM,11.55,10.05,10.8,10.7,"3,30",10.75,60,10.8,20,10.9,10,0.10,0.9%,11.05,10,11.1,10,11.2,"3,40","16,10",10.95,10.8,N,N,"5,939,17"
2021-10-30 17:05:56.327245,AAM,11.55,10.05,10.8,10.7,"3,30",10.75,60,10.8,20,10.9,10,0.10,0.9%,11.05,10,11.1,10,11.2,"3,40","16,10",10.95,10.8,N,N,"5,939,17"
2021-10-30 17:05:57.266826,AAM,11.55,10.05,10.8,10.7,"3,30",10.75,60,10.8,20,10.9,10,0.10,0.9%,11.05,10,11.1,10,11.2,"3,40","16,10",10.95,10.8,N,N,"5,939,17"
2021-10-30 17:05:58.063330,AAM,11.55,10.05,10.8,10.7,"3,30",10.75,60,10.8,20,10.9,10,0.10,0.9%,11.05,10,11.1,10,11.2,"3,40","16,10",10.95,10.8,N,N,"5,939,17"
2021-10-30 17:05:58.873300,AAM,11.55,10.05,10.8,10.7,"3,30",10.75,60,10.8,20,10.9,10,0.10,0.9%,11.05,10,11.1,10,11.2,"3,40","16,10",10.95,10.8,N,N,"5,939,17"
2021-10-30 17:05:59.726318,AAM,11.55,10.05,10.8,10.7,"3,30",10.75,60,10.8,20,10.9,10,0.10,0.9%,11.05,10,11.1,10,11.2,"3,40","16,10",10.95,10.8,N,N,"5,939,17"
2021-10-30 17:06:00.617376,AAM,11.55,10.05,10.8,10.7,"3,30",10.75,60,10.8,20,10.9,10,0.10,0.9%,11.05,10,11.1,10,11.2,"3,40","16,10",10.95,10.8,N,N,"5,939,17"
2021-10-30 17:06:01.442797,AAM,11.55,10.05,10.8,10.7,"3,30",10.75,60,10.8,20,10.9,10,0.10,0.9%,11.05,10,11.1,10,11.2,"3,40","16,10",10.95,10.8,N,N,"5,939,17"
2021-10-30 17:06:02.296507,AAM,11.55,10.05,10.8,10.7,"3,30",10.75,60,10.8,20,10.9,10,0.10,0.9%,11.05,10,11.1,10,11.2,"3,40","16,10",10.95,10.8,N,N,"5,939,17"
2021-10-30 17:06:03.078842,AAM,11.55,10.05,10.8,10.7,"3,30",10.75,60,10.8,20,10.9,10,0.10,0.9%,11.05,10,11.1,10,11.2,"3,40","16,10",10.95,10.8,N,N,"5,939,17"
2021-10-30 17:06:03.905478,AAM,11.55,10.05,10.8,10.7,"3,30",10.75,60,10.8,20,10.9,10,0.10,0.9%,11.05,10,11.1,10,11.2,"3,40","16,10",10.95,10.8,N,N,"5,939,17"
2021-10-30 17:06:04.757485,AAM,11.55,10.05,10.8,10.7,"3,30",10.75,60,10.8,20,10.9,10,0.10,0.9%,11.05,10,11.1,10,11.2,"3,40","16,10",10.95,10.8,N,N,"5,939,17"
2021-10-30 17:06:05.611386,AAM,11.55,10.05,10.8,10.7,"3,30",10.75,60,10.8,20,10.9,10,0.10,0.9%,11.05,10,11.1,10,11.2,"3,40","16,10",10.95,10.8,N,N,"5,939,17"
2021-10-30 17:06:06.424473,AAM,11.55,10.05,10.8,10.7,"3,30",10.75,60,10.8,20,10.9,10,0.10,0.9%,11.05,10,11.1,10,11.2,"3,40","16,10",10.95,10.8,N,N,"5,939,17"
2021-10-30 17:06:07.205570,AAM,11.55,10.05,10.8,10.7,"3,30",10.75,60,10.8,20,10.9,10,0.10,0.9%,11.05,10,11.1,10,11.2,"3,40","16,10",10.95,10.8,N,N,"5,939,17"
2021-10-30 17:06:08.129899,AAM,11.55,10.05,10.8,10.7,"3,30",10.75,60,10.8,20,10.9,10,0.10,0.9%,11.05,10,11.1,10,11.2,"3,40","16,10",10.95,10.8,N,N,"5,939,17"
2021-10-30 17:06:08.952544,AAM,11.55,10.05,10.8,10.7,"3,30",10.75,60,10.8,20,10.9,10,0.10,0.9%,11.05,10,11.1,10,11.2,"3,40","16,10",10.95,10.8,N,N,"5,939,17"
2021-10-30 17:06:09.829857,AAM,11.55,10.05,10.8,10.7,"3,30",10.75,60,10.8,20,10.9,10,0.10,0.9%,11.05,10,11.1,10,11.2,"3,40","16,10",10.95,10.8,N,N,"5,939,17"
2021-10-30 17:06:11.103922,AAM,11.55,10.05,10.8,10.7,"3,30",10.75,60,10.8,20,10.9,10,0.10,0.9%,11.05,10,11.1,10,11.2,"3,40","16,10",10.95,10.8,N,N,"5,939,17"
2021-10-30 17:06:12.348658,AAM,11.55,10.05,10.8,10.7,"3,30",10.75,60,10.8,20,10.9,10,0.10,0.9%,11.05,10,11.1,10,11.2,"3,40","16,10",10.95,10.8,N,N,"5,939,17"
2021-10-30 17:06:13.268732,AAM,11.55,10.05,10.8,10.7,"3,30",10.75,60,10.8,20,10.9,10,0.10,0.9%,11.05,10,11.1,10,11.2,"3,40","16,10",10.95,10.8,N,N,"5,939,17"
2021-10-30 17:06:14.120617,AAM,11.55,10.05,10.8,10.7,"3,30",10.75,60,10.8,20,10.9,10,0.10,0.9%,11.05,10,11.1,10,11.2,"3,40","16,10",10.95,10.8,N,N,"5,939,17"
2021-10-30 17:06:15.389212,AAM,11.55,10.05,10.8,10.7,"3,30",10.75,60,10.8,20,10.9,10,0.10,0.9%,11.05,10,11.1,10,11.2,"3,40","16,10",10.95,10.8,N,N,"5,939,17"
2021-10-30 17:06:16.517398,AAM,11.55,10.05,10.8,10.7,"3,30",10.75,60,10.8,20,10.9,10,0.10,0.9%,11.05,10,11.1,10,11.2,"3,40","16,10",10.95,10.8,N,N,"5,939,17"
2021-10-30 17:06:18.155584,AAM,11.55,10.05,10.8,10.7,"3,30",10.75,60,10.8,20,10.9,10,0.10,0.9%,11.05,10,11.1,10,11.2,"3,40","16,10",10.95,10.8,N,N,"5,939,17"
2021-10-30 17:06:19.216888,AAM,11.55,10.05,10.8,10.7,"3,30",10.75,60,10.8,20,10.9,10,0.10,0.9%,11.05,10,11.1,10,11.2,"3,40","16,10",10.95,10.8,N,N,"5,939,17"
2021-10-30 17:06:20.078763,AAM,11.55,10.05,10.8,10.7,"3,30",10.75,60,10.8,20,10.9,10,0.10,0.9%,11.05,10,11.1,10,11.2,"3,40","16,10",10.95,10.8,N,N,"5,939,17"
2021-10-30 17:06:20.967894,AAM,11.55,10.05,10.8,10.7,"3,30",10.75,60,10.8,20,10.9,10,0.10,0.9%,11.05,10,11.1,10,11.2,"3,40","16,10",10.95,10.8,N,N,"5,939,17"
2021-10-30 17:06:21.780559,AAM,11.55,10.05,10.8,10.7,"3,30",10.75,60,10.8,20,10.9,10,0.10,0.9%,11.05,10,11.1,10,11.2,"3,40","16,10",10.95,10.8,N,N,"5,939,17"
2021-10-30 17:06:22.931644,AAM,11.55,10.05,10.8,10.7,"3,30",10.75,60,10.8,20,10.9,10,0.10,0.9%,11.05,10,11.1,10,11.2,"3,40","16,10",10.95,10.8,N,N,"5,939,17"
2021-10-30 17:06:23.935013,AAM,11.55,10.05,10.8,10.7,"3,30",10.75,60,10.8,20,10.9,10,0.10,0.9%,11.05,10,11.1,10,11.2,"3,40","16,10",10.95,10.8,N,N,"5,939,17"
2021-10-30 17:06:24.730355,AAM,11.55,10.05,10.8,10.7,"3,30",10.75,60,10.8,20,10.9,10,0.10,0.9%,11.05,10,11.1,10,11.2,"3,40","16,10",10.95,10.8,N,N,"5,939,17"
2021-10-30 17:06:25.573045,AAM,11.55,10.05,10.8,10.7,"3,30",10.75,60,10.8,20,10.9,10,0.10,0.9%,11.05,10,11.1,10,11.2,"3,40","16,10",10.95,10.8,N,N,"5,939,17"
2021-10-30 17:06:26.345553,AAM,11.55,10.05,10.8,10.7,"3,30",10.75,60,10.8,20,10.9,10,0.10,0.9%,11.05,10,11.1,10,11.2,"3,40","16,10",10.95,10.8,N,N,"5,939,17"
2021-10-30 17:06:27.210134,AAM,11.55,10.05,10.8,10.7,"3,30",10.75,60,10.8,20,10.9,10,0.10,0.9%,11.05,10,11.1,10,11.2,"3,40","16,10",10.95,10.8,N,N,"5,939,17"
2021-10-30 17:06:28.002103,AAM,11.55,10.05,10.8,10.7,"3,30",10.75,60,10.8,20,10.9,10,0.10,0.9%,11.05,10,11.1,10,11.2,"3,40","16,10",10.95,10.8,N,N,"5,939,17"
2021-10-30 17:06:29.130773,AAM,11.55,10.05,10.8,10.7,"3,30",10.75,60,10.8,20,10.9,10,0.10,0.9%,11.05,10,11.1,10,11.2,"3,40","16,10",10.95,10.8,N,N,"5,939,17"
2021-10-30 17:06:29.930487,AAM,11.55,10.05,10.8,10.7,"3,30",10.75,60,10.8,20,10.9,10,0.10,0.9%,11.05,10,11.1,10,11.2,"3,40","16,10",10.95,10.8,N,N,"5,939,17"
2021-10-30 17:06:30.777171,AAM,11.55,10.05,10.8,10.7,"3,30",10.75,60,10.8,20,10.9,10,0.10,0.9%,11.05,10,11.1,10,11.2,"3,40","16,10",10.95,10.8,N,N,"5,939,17"
2021-10-30 17:06:31.614190,AAM,11.55,10.05,10.8,10.7,"3,30",10.75,60,10.8,20,10.9,10,0.10,0.9%,11.05,10,11.1,10,11.2,"3,40","16,10",10.95,10.8,N,N,"5,939,17"
2021-10-30 17:06:32.380532,AAM,11.55,10.05,10.8,10.7,"3,30",10.75,60,10.8,20,10.9,10,0.10,0.9%,11.05,10,11.1,10,11.2,"3,40","16,10",10.95,10.8,N,N,"5,939,17"
2021-10-30 17:06:33.207829,AAM,11.55,10.05,10.8,10.7,"3,30",10.75,60,10.8,20,10.9,10,0.10,0.9%,11.05,10,11.1,10,11.2,"3,40","16,10",10.95,10.8,N,N,"5,939,17"
2021-10-30 17:06:34.229277,AAM,11.55,10.05,10.8,10.7,"3,30",10.75,60,10.8,20,10.9,10,0.10,0.9%,11.05,10,11.1,10,11.2,"3,40","16,10",10.95,10.8,N,N,"5,939,17"
2021-10-30 17:06:35.198835,AAM,11.55,10.05,10.8,10.7,"3,30",10.75,60,10.8,20,10.9,10,0.10,0.9%,11.05,10,11.1,10,11.2,"3,40","16,10",10.95,10.8,N,N,"5,939,17"
2021-10-30 17:06:35.995340,AAM,11.55,10.05,10.8,10.7,"3,30",10.75,60,10.8,20,10.9,10,0.10,0.9%,11.05,10,11.1,10,11.2,"3,40","16,10",10.95,10.8,N,N,"5,939,17"
2021-10-30 17:06:36.770317,AAM,11.55,10.05,10.8,10.7,"3,30",10.75,60,10.8,20,10.9,10,0.10,0.9%,11.05,10,11.1,10,11.2,"3,40","16,10",10.95,10.8,N,N,"5,939,17"
2021-10-30 17:06:37.620335,AAM,11.55,10.05,10.8,10.7,"3,30",10.75,60,10.8,20,10.9,10,0.10,0.9%,11.05,10,11.1,10,11.2,"3,40","16,10",10.95,10.8,N,N,"5,939,17"
2021-10-30 17:06:38.422413,AAM,11.55,10.05,10.8,10.7,"3,30",10.75,60,10.8,20,10.9,10,0.10,0.9%,11.05,10,11.1,10,11.2,"3,40","16,10",10.95,10.8,N,N,"5,939,17"
2021-10-30 17:06:39.230730,AAM,11.55,10.05,10.8,10.7,"3,30",10.75,60,10.8,20,10.9,10,0.10,0.9%,11.05,10,11.1,10,11.2,"3,40","16,10",10.95,10.8,N,N,"5,939,17"
2021-10-30 17:06:40.911280,AAM,11.55,10.05,10.8,10.7,"3,30",10.75,60,10.8,20,10.9,10,0.10,0.9%,11.05,10,11.1,10,11.2,"3,40","16,10",10.95,10.8,N,N,"5,939,17"
2021-10-30 17:06:41.901508,AAM,11.55,10.05,10.8,10.7,"3,30",10.75,60,10.8,20,10.9,10,0.10,0.9%,11.05,10,11.1,10,11.2,"3,40","16,10",10.95,10.8,N,N,"5,939,17"
2021-10-30 17:06:42.687491,AAM,11.55,10.05,10.8,10.7,"3,30",10.75,60,10.8,20,10.9,10,0.10,0.9%,11.05,10,11.1,10,11.2,"3,40","16,10",10.95,10.8,N,N,"5,939,17"
2021-10-30 17:06:43.521570,AAM,11.55,10.05,10.8,10.7,"3,30",10.75,60,10.8,20,10.9,10,0.10,0.9%,11.05,10,11.1,10,11.2,"3,40","16,10",10.95,10.8,N,N,"5,939,17"
2021-10-30 17:06:44.342940,AAM,11.55,10.05,10.8,10.7,"3,30",10.75,60,10.8,20,10.9,10,0.10,0.9%,11.05,10,11.1,10,11.2,"3,40","16,10",10.95,10.8,N,N,"5,939,17"
2021-10-30 17:06:45.135041,AAM,11.55,10.05,10.8,10.7,"3,30",10.75,60,10.8,20,10.9,10,0.10,0.9%,11.05,10,11.1,10,11.2,"3,40","16,10",10.95,10.8,N,N,"5,939,17"
2021-10-30 17:06:46.246543,AAM,11.55,10.05,10.8,10.7,"3,30",10.75,60,10.8,20,10.9,10,0.10,0.9%,11.05,10,11.1,10,11.2,"3,40","16,10",10.95,10.8,N,N,"5,939,17"
2021-10-30 17:06:47.019616,AAM,11.55,10.05,10.8,10.7,"3,30",10.75,60,10.8,20,10.9,10,0.10,0.9%,11.05,10,11.1,10,11.2,"3,40","16,10",10.95,10.8,N,N,"5,939,17"
2021-10-30 17:06:48.110664,AAM,11.55,10.05,10.8,10.7,"3,30",10.75,60,10.8,20,10.9,10,0.10,0.9%,11.05,10,11.1,10,11.2,"3,40","16,10",10.95,10.8,N,N,"5,939,17"
2021-10-30 17:06:48.910689,AAM,11.55,10.05,10.8,10.7,"3,30",10.75,60,10.8,20,10.9,10,0.10,0.9%,11.05,10,11.1,10,11.2,"3,40","16,10",10.95,10.8,N,N,"5,939,17"
2021-10-30 17:06:49.779737,AAM,11.55,10.05,10.8,10.7,"3,30",10.75,60,10.8,20,10.9,10,0.10,0.9%,11.05,10,11.1,10,11.2,"3,40","16,10",10.95,10.8,N,N,"5,939,17"
2021-10-30 17:06:50.534134,AAM,11.55,10.05,10.8,10.7,"3,30",10.75,60,10.8,20,10.9,10,0.10,0.9%,11.05,10,11.1,10,11.2,"3,40","16,10",10.95,10.8,N,N,"5,939,17"
2021-10-30 17:06:51.714758,AAM,11.55,10.05,10.8,10.7,"3,30",10.75,60,10.8,20,10.9,10,0.10,0.9%,11.05,10,11.1,10,11.2,"3,40","16,10",10.95,10.8,N,N,"5,939,17"
2021-10-30 17:06:52.631105,AAM,11.55,10.05,10.8,10.7,"3,30",10.75,60,10.8,20,10.9,10,0.10,0.9%,11.05,10,11.1,10,11.2,"3,40","16,10",10.95,10.8,N,N,"5,939,17"
2021-10-30 17:06:53.549337,AAM,11.55,10.05,10.8,10.7,"3,30",10.75,60,10.8,20,10.9,10,0.10,0.9%,11.05,10,11.1,10,11.2,"3,40","16,10",10.95,10.8,N,N,"5,939,17"
2021-10-30 17:06:54.480492,AAM,11.55,10.05,10.8,10.7,"3,30",10.75,60,10.8,20,10.9,10,0.10,0.9%,11.05,10,11.1,10,11.2,"3,40","16,10",10.95,10.8,N,N,"5,939,17"
2021-10-30 17:06:55.250888,AAM,11.55,10.05,10.8,10.7,"3,30",10.75,60,10.8,20,10.9,10,0.10,0.9%,11.05,10,11.1,10,11.2,"3,40","16,10",10.95,10.8,N,N,"5,939,17"
2021-10-30 17:06:56.253869,AAM,11.55,10.05,10.8,10.7,"3,30",10.75,60,10.8,20,10.9,10,0.10,0.9%,11.05,10,11.1,10,11.2,"3,40","16,10",10.95,10.8,N,N,"5,939,17"
2021-10-30 17:06:57.556573,AAM,11.55,10.05,10.8,10.7,"3,30",10.75,60,10.8,20,10.9,10,0.10,0.9%,11.05,10,11.1,10,11.2,"3,40","16,10",10.95,10.8,N,N,"5,939,17"
2021-10-30 17:06:58.719915,AAM,11.55,10.05,10.8,10.7,"3,30",10.75,60,10.8,20,10.9,10,0.10,0.9%,11.05,10,11.1,10,11.2,"3,40","16,10",10.95,10.8,N,N,"5,939,17"
2021-10-30 17:06:59.717968,AAM,11.55,10.05,10.8,10.7,"3,30",10.75,60,10.8,20,10.9,10,0.10,0.9%,11.05,10,11.1,10,11.2,"3,40","16,10",10.95,10.8,N,N,"5,939,17"
2021-10-30 17:07:00.648985,AAM,11.55,10.05,10.8,10.7,"3,30",10.75,60,10.8,20,10.9,10,0.10,0.9%,11.05,10,11.1,10,11.2,"3,40","16,10",10.95,10.8,N,N,"5,939,17"
2021-10-30 17:07:01.665046,AAM,11.55,10.05,10.8,10.7,"3,30",10.75,60,10.8,20,10.9,10,0.10,0.9%,11.05,10,11.1,10,11.2,"3,40","16,10",10.95,10.8,N,N,"5,939,17"
2021-10-30 17:07:02.819072,AAM,11.55,10.05,10.8,10.7,"3,30",10.75,60,10.8,20,10.9,10,0.10,0.9%,11.05,10,11.1,10,11.2,"3,40","16,10",10.95,10.8,N,N,"5,939,17"
2021-10-30 17:07:03.745117,AAM,11.55,10.05,10.8,10.7,"3,30",10.75,60,10.8,20,10.9,10,0.10,0.9%,11.05,10,11.1,10,11.2,"3,40","16,10",10.95,10.8,N,N,"5,939,17"
2021-10-30 17:07:04.513074,AAM,11.55,10.05,10.8,10.7,"3,30",10.75,60,10.8,20,10.9,10,0.10,0.9%,11.05,10,11.1,10,11.2,"3,40","16,10",10.95,10.8,N,N,"5,939,17"
2021-10-30 17:07:05.381446,AAM,11.55,10.05,10.8,10.7,"3,30",10.75,60,10.8,20,10.9,10,0.10,0.9%,11.05,10,11.1,10,11.2,"3,40","16,10",10.95,10.8,N,N,"5,939,17"
2021-10-30 17:07:06.255653,AAM,11.55,10.05,10.8,10.7,"3,30",10.75,60,10.8,20,10.9,10,0.10,0.9%,11.05,10,11.1,10,11.2,"3,40","16,10",10.95,10.8,N,N,"5,939,17"
2021-10-30 17:07:07.053168,AAM,11.55,10.05,10.8,10.7,"3,30",10.75,60,10.8,20,10.9,10,0.10,0.9%,11.05,10,11.1,10,11.2,"3,40","16,10",10.95,10.8,N,N,"5,939,17"
2021-10-30 17:07:08.054232,AAM,11.55,10.05,10.8,10.7,"3,30",10.75,60,10.8,20,10.9,10,0.10,0.9%,11.05,10,11.1,10,11.2,"3,40","16,10",10.95,10.8,N,N,"5,939,17"
2021-10-30 17:07:08.823199,AAM,11.55,10.05,10.8,10.7,"3,30",10.75,60,10.8,20,10.9,10,0.10,0.9%,11.05,10,11.1,10,11.2,"3,40","16,10",10.95,10.8,N,N,"5,939,17"
2021-10-30 17:07:09.673045,AAM,11.55,10.05,10.8,10.7,"3,30",10.75,60,10.8,20,10.9,10,0.10,0.9%,11.05,10,11.1,10,11.2,"3,40","16,10",10.95,10.8,N,N,"5,939,17"
2021-10-30 17:07:10.426266,AAM,11.55,10.05,10.8,10.7,"3,30",10.75,60,10.8,20,10.9,10,0.10,0.9%,11.05,10,11.1,10,11.2,"3,40","16,10",10.95,10.8,N,N,"5,939,17"
2021-10-30 17:07:12.296299,AAM,11.55,10.05,10.8,10.7,"3,30",10.75,60,10.8,20,10.9,10,0.10,0.9%,11.05,10,11.1,10,11.2,"3,40","16,10",10.95,10.8,N,N,"5,939,17"
2021-10-30 17:07:13.410030,AAM,11.55,10.05,10.8,10.7,"3,30",10.75,60,10.8,20,10.9,10,0.10,0.9%,11.05,10,11.1,10,11.2,"3,40","16,10",10.95,10.8,N,N,"5,939,17"
2021-10-30 17:07:14.341326,AAM,11.55,10.05,10.8,10.7,"3,30",10.75,60,10.8,20,10.9,10,0.10,0.9%,11.05,10,11.1,10,11.2,"3,40","16,10",10.95,10.8,N,N,"5,939,17"
2021-10-30 17:07:15.350106,AAM,11.55,10.05,10.8,10.7,"3,30",10.75,60,10.8,20,10.9,10,0.10,0.9%,11.05,10,11.1,10,11.2,"3,40","16,10",10.95,10.8,N,N,"5,939,17"
2021-10-30 17:07:16.387816,AAM,11.55,10.05,10.8,10.7,"3,30",10.75,60,10.8,20,10.9,10,0.10,0.9%,11.05,10,11.1,10,11.2,"3,40","16,10",10.95,10.8,N,N,"5,939,17"
2021-10-30 17:07:17.347443,AAM,11.55,10.05,10.8,10.7,"3,30",10.75,60,10.8,20,10.9,10,0.10,0.9%,11.05,10,11.1,10,11.2,"3,40","16,10",10.95,10.8,N,N,"5,939,17"
2021-10-30 17:07:18.184448,AAM,11.55,10.05,10.8,10.7,"3,30",10.75,60,10.8,20,10.9,10,0.10,0.9%,11.05,10,11.1,10,11.2,"3,40","16,10",10.95,10.8,N,N,"5,939,17"
2021-10-30 17:07:18.968443,AAM,11.55,10.05,10.8,10.7,"3,30",10.75,60,10.8,20,10.9,10,0.10,0.9%,11.05,10,11.1,10,11.2,"3,40","16,10",10.95,10.8,N,N,"5,939,17"
2021-10-30 17:07:19.814497,AAM,11.55,10.05,10.8,10.7,"3,30",10.75,60,10.8,20,10.9,10,0.10,0.9%,11.05,10,11.1,10,11.2,"3,40","16,10",10.95,10.8,N,N,"5,939,17"
2021-10-30 17:07:20.671510,AAM,11.55,10.05,10.8,10.7,"3,30",10.75,60,10.8,20,10.9,10,0.10,0.9%,11.05,10,11.1,10,11.2,"3,40","16,10",10.95,10.8,N,N,"5,939,17"
2021-10-30 17:07:21.626628,AAM,11.55,10.05,10.8,10.7,"3,30",10.75,60,10.8,20,10.9,10,0.10,0.9%,11.05,10,11.1,10,11.2,"3,40","16,10",10.95,10.8,N,N,"5,939,17"
2021-10-30 17:07:22.401596,AAM,11.55,10.05,10.8,10.7,"3,30",10.75,60,10.8,20,10.9,10,0.10,0.9%,11.05,10,11.1,10,11.2,"3,40","16,10",10.95,10.8,N,N,"5,939,17"
2021-10-30 17:07:23.231939,AAM,11.55,10.05,10.8,10.7,"3,30",10.75,60,10.8,20,10.9,10,0.10,0.9%,11.05,10,11.1,10,11.2,"3,40","16,10",10.95,10.8,N,N,"5,939,17"
2021-10-30 17:07:24.038615,AAM,11.55,10.05,10.8,10.7,"3,30",10.75,60,10.8,20,10.9,10,0.10,0.9%,11.05,10,11.1,10,11.2,"3,40","16,10",10.95,10.8,N,N,"5,939,17"
2021-10-30 17:07:24.885597,AAM,11.55,10.05,10.8,10.7,"3,30",10.75,60,10.8,20,10.9,10,0.10,0.9%,11.05,10,11.1,10,11.2,"3,40","16,10",10.95,10.8,N,N,"5,939,17"
2021-10-30 17:07:25.760647,AAM,11.55,10.05,10.8,10.7,"3,30",10.75,60,10.8,20,10.9,10,0.10,0.9%,11.05,10,11.1,10,11.2,"3,40","16,10",10.95,10.8,N,N,"5,939,17"
2021-10-30 17:07:26.528676,AAM,11.55,10.05,10.8,10.7,"3,30",10.75,60,10.8,20,10.9,10,0.10,0.9%,11.05,10,11.1,10,11.2,"3,40","16,10",10.95,10.8,N,N,"5,939,17"
2021-10-30 17:07:27.361678,AAM,11.55,10.05,10.8,10.7,"3,30",10.75,60,10.8,20,10.9,10,0.10,0.9%,11.05,10,11.1,10,11.2,"3,40","16,10",10.95,10.8,N,N,"5,939,17"
2021-10-30 17:07:28.159712,AAM,11.55,10.05,10.8,10.7,"3,30",10.75,60,10.8,20,10.9,10,0.10,0.9%,11.05,10,11.1,10,11.2,"3,40","16,10",10.95,10.8,N,N,"5,939,17"
2021-10-30 17:07:29.597711,AAM,11.55,10.05,10.8,10.7,"3,30",10.75,60,10.8,20,10.9,10,0.10,0.9%,11.05,10,11.1,10,11.2,"3,40","16,10",10.95,10.8,N,N,"5,939,17"
2021-10-30 17:07:30.568765,AAM,11.55,10.05,10.8,10.7,"3,30",10.75,60,10.8,20,10.9,10,0.10,0.9%,11.05,10,11.1,10,11.2,"3,40","16,10",10.95,10.8,N,N,"5,939,17"
2021-10-30 17:07:31.409754,AAM,11.55,10.05,10.8,10.7,"3,30",10.75,60,10.8,20,10.9,10,0.10,0.9%,11.05,10,11.1,10,11.2,"3,40","16,10",10.95,10.8,N,N,"5,939,17"
2021-10-30 17:07:32.299927,AAM,11.55,10.05,10.8,10.7,"3,30",10.75,60,10.8,20,10.9,10,0.10,0.9%,11.05,10,11.1,10,11.2,"3,40","16,10",10.95,10.8,N,N,"5,939,17"
2021-10-30 17:07:33.074841,AAM,11.55,10.05,10.8,10.7,"3,30",10.75,60,10.8,20,10.9,10,0.10,0.9%,11.05,10,11.1,10,11.2,"3,40","16,10",10.95,10.8,N,N,"5,939,17"
2021-10-30 17:07:33.934884,AAM,11.55,10.05,10.8,10.7,"3,30",10.75,60,10.8,20,10.9,10,0.10,0.9%,11.05,10,11.1,10,11.2,"3,40","16,10",10.95,10.8,N,N,"5,939,17"
2021-10-30 17:07:34.711874,AAM,11.55,10.05,10.8,10.7,"3,30",10.75,60,10.8,20,10.9,10,0.10,0.9%,11.05,10,11.1,10,11.2,"3,40","16,10",10.95,10.8,N,N,"5,939,17"
2021-10-30 17:07:35.554912,AAM,11.55,10.05,10.8,10.7,"3,30",10.75,60,10.8,20,10.9,10,0.10,0.9%,11.05,10,11.1,10,11.2,"3,40","16,10",10.95,10.8,N,N,"5,939,17"
2021-10-30 17:07:36.391364,AAM,11.55,10.05,10.8,10.7,"3,30",10.75,60,10.8,20,10.9,10,0.10,0.9%,11.05,10,11.1,10,11.2,"3,40","16,10",10.95,10.8,N,N,"5,939,17"
2021-10-30 17:07:37.282290,AAM,11.55,10.05,10.8,10.7,"3,30",10.75,60,10.8,20,10.9,10,0.10,0.9%,11.05,10,11.1,10,11.2,"3,40","16,10",10.95,10.8,N,N,"5,939,17"
2021-10-30 17:07:38.123007,AAM,11.55,10.05,10.8,10.7,"3,30",10.75,60,10.8,20,10.9,10,0.10,0.9%,11.05,10,11.1,10,11.2,"3,40","16,10",10.95,10.8,N,N,"5,939,17"
2021-10-30 17:07:38.918610,AAM,11.55,10.05,10.8,10.7,"3,30",10.75,60,10.8,20,10.9,10,0.10,0.9%,11.05,10,11.1,10,11.2,"3,40","16,10",10.95,10.8,N,N,"5,939,17"
2021-10-30 17:07:39.809080,AAM,11.55,10.05,10.8,10.7,"3,30",10.75,60,10.8,20,10.9,10,0.10,0.9%,11.05,10,11.1,10,11.2,"3,40","16,10",10.95,10.8,N,N,"5,939,17"
2021-10-30 17:07:40.579043,AAM,11.55,10.05,10.8,10.7,"3,30",10.75,60,10.8,20,10.9,10,0.10,0.9%,11.05,10,11.1,10,11.2,"3,40","16,10",10.95,10.8,N,N,"5,939,17"
2021-10-30 17:07:41.430097,AAM,11.55,10.05,10.8,10.7,"3,30",10.75,60,10.8,20,10.9,10,0.10,0.9%,11.05,10,11.1,10,11.2,"3,40","16,10",10.95,10.8,N,N,"5,939,17"
2021-10-30 17:07:43.621898,AAM,11.55,10.05,10.8,10.7,"3,30",10.75,60,10.8,20,10.9,10,0.10,0.9%,11.05,10,11.1,10,11.2,"3,40","16,10",10.95,10.8,N,N,"5,939,17"
2021-10-30 17:07:44.604717,AAM,11.55,10.05,10.8,10.7,"3,30",10.75,60,10.8,20,10.9,10,0.10,0.9%,11.05,10,11.1,10,11.2,"3,40","16,10",10.95,10.8,N,N,"5,939,17"
2021-10-30 17:07:45.532512,AAM,11.55,10.05,10.8,10.7,"3,30",10.75,60,10.8,20,10.9,10,0.10,0.9%,11.05,10,11.1,10,11.2,"3,40","16,10",10.95,10.8,N,N,"5,939,17"
2021-10-30 17:07:46.319234,AAM,11.55,10.05,10.8,10.7,"3,30",10.75,60,10.8,20,10.9,10,0.10,0.9%,11.05,10,11.1,10,11.2,"3,40","16,10",10.95,10.8,N,N,"5,939,17"
2021-10-30 17:07:47.220626,AAM,11.55,10.05,10.8,10.7,"3,30",10.75,60,10.8,20,10.9,10,0.10,0.9%,11.05,10,11.1,10,11.2,"3,40","16,10",10.95,10.8,N,N,"5,939,17"
2021-10-30 17:07:48.207252,AAM,11.55,10.05,10.8,10.7,"3,30",10.75,60,10.8,20,10.9,10,0.10,0.9%,11.05,10,11.1,10,11.2,"3,40","16,10",10.95,10.8,N,N,"5,939,17"
2021-10-30 17:07:49.082634,AAM,11.55,10.05,10.8,10.7,"3,30",10.75,60,10.8,20,10.9,10,0.10,0.9%,11.05,10,11.1,10,11.2,"3,40","16,10",10.95,10.8,N,N,"5,939,17"
2021-10-30 17:07:50.078000,AAM,11.55,10.05,10.8,10.7,"3,30",10.75,60,10.8,20,10.9,10,0.10,0.9%,11.05,10,11.1,10,11.2,"3,40","16,10",10.95,10.8,N,N,"5,939,17"
2021-10-30 17:07:51.206384,AAM,11.55,10.05,10.8,10.7,"3,30",10.75,60,10.8,20,10.9,10,0.10,0.9%,11.05,10,11.1,10,11.2,"3,40","16,10",10.95,10.8,N,N,"5,939,17"
2021-10-30 17:07:52.129359,AAM,11.55,10.05,10.8,10.7,"3,30",10.75,60,10.8,20,10.9,10,0.10,0.9%,11.05,10,11.1,10,11.2,"3,40","16,10",10.95,10.8,N,N,"5,939,17"
2021-10-30 17:07:52.902378,AAM,11.55,10.05,10.8,10.7,"3,30",10.75,60,10.8,20,10.9,10,0.10,0.9%,11.05,10,11.1,10,11.2,"3,40","16,10",10.95,10.8,N,N,"5,939,17"
2021-10-30 17:07:53.861432,AAM,11.55,10.05,10.8,10.7,"3,30",10.75,60,10.8,20,10.9,10,0.10,0.9%,11.05,10,11.1,10,11.2,"3,40","16,10",10.95,10.8,N,N,"5,939,17"
2021-10-30 17:07:54.770422,AAM,11.55,10.05,10.8,10.7,"3,30",10.75,60,10.8,20,10.9,10,0.10,0.9%,11.05,10,11.1,10,11.2,"3,40","16,10",10.95,10.8,N,N,"5,939,17"
2021-10-30 17:07:55.678475,AAM,11.55,10.05,10.8,10.7,"3,30",10.75,60,10.8,20,10.9,10,0.10,0.9%,11.05,10,11.1,10,11.2,"3,40","16,10",10.95,10.8,N,N,"5,939,17"
2021-10-30 17:07:56.473311,AAM,11.55,10.05,10.8,10.7,"3,30",10.75,60,10.8,20,10.9,10,0.10,0.9%,11.05,10,11.1,10,11.2,"3,40","16,10",10.95,10.8,N,N,"5,939,17"
2021-10-30 17:07:57.261504,AAM,11.55,10.05,10.8,10.7,"3,30",10.75,60,10.8,20,10.9,10,0.10,0.9%,11.05,10,11.1,10,11.2,"3,40","16,10",10.95,10.8,N,N,"5,939,17"
2021-10-30 17:07:58.107099,AAM,11.55,10.05,10.8,10.7,"3,30",10.75,60,10.8,20,10.9,10,0.10,0.9%,11.05,10,11.1,10,11.2,"3,40","16,10",10.95,10.8,N,N,"5,939,17"
2021-10-30 17:07:58.878576,AAM,11.55,10.05,10.8,10.7,"3,30",10.75,60,10.8,20,10.9,10,0.10,0.9%,11.05,10,11.1,10,11.2,"3,40","16,10",10.95,10.8,N,N,"5,939,17"
2021-10-30 17:07:59.909493,AAM,11.55,10.05,10.8,10.7,"3,30",10.75,60,10.8,20,10.9,10,0.10,0.9%,11.05,10,11.1,10,11.2,"3,40","16,10",10.95,10.8,N,N,"5,939,17"
2021-10-30 17:08:01.255427,AAM,11.55,10.05,10.8,10.7,"3,30",10.75,60,10.8,20,10.9,10,0.10,0.9%,11.05,10,11.1,10,11.2,"3,40","16,10",10.95,10.8,N,N,"5,939,17"
2021-10-30 17:08:02.279322,AAM,11.55,10.05,10.8,10.7,"3,30",10.75,60,10.8,20,10.9,10,0.10,0.9%,11.05,10,11.1,10,11.2,"3,40","16,10",10.95,10.8,N,N,"5,939,17"
2021-10-30 17:08:03.327648,AAM,11.55,10.05,10.8,10.7,"3,30",10.75,60,10.8,20,10.9,10,0.10,0.9%,11.05,10,11.1,10,11.2,"3,40","16,10",10.95,10.8,N,N,"5,939,17"
2021-10-30 17:08:04.329695,AAM,11.55,10.05,10.8,10.7,"3,30",10.75,60,10.8,20,10.9,10,0.10,0.9%,11.05,10,11.1,10,11.2,"3,40","16,10",10.95,10.8,N,N,"5,939,17"
2021-10-30 17:08:05.269718,AAM,11.55,10.05,10.8,10.7,"3,30",10.75,60,10.8,20,10.9,10,0.10,0.9%,11.05,10,11.1,10,11.2,"3,40","16,10",10.95,10.8,N,N,"5,939,17"
2021-10-30 17:08:06.303414,AAM,11.55,10.05,10.8,10.7,"3,30",10.75,60,10.8,20,10.9,10,0.10,0.9%,11.05,10,11.1,10,11.2,"3,40","16,10",10.95,10.8,N,N,"5,939,17"
2021-10-30 17:08:07.218798,AAM,11.55,10.05,10.8,10.7,"3,30",10.75,60,10.8,20,10.9,10,0.10,0.9%,11.05,10,11.1,10,11.2,"3,40","16,10",10.95,10.8,N,N,"5,939,17"
2021-10-30 17:08:08.080787,AAM,11.55,10.05,10.8,10.7,"3,30",10.75,60,10.8,20,10.9,10,0.10,0.9%,11.05,10,11.1,10,11.2,"3,40","16,10",10.95,10.8,N,N,"5,939,17"
2021-10-30 17:08:08.901860,AAM,11.55,10.05,10.8,10.7,"3,30",10.75,60,10.8,20,10.9,10,0.10,0.9%,11.05,10,11.1,10,11.2,"3,40","16,10",10.95,10.8,N,N,"5,939,17"
2021-10-30 17:08:09.687273,AAM,11.55,10.05,10.8,10.7,"3,30",10.75,60,10.8,20,10.9,10,0.10,0.9%,11.05,10,11.1,10,11.2,"3,40","16,10",10.95,10.8,N,N,"5,939,17"
2021-10-30 17:08:10.463566,AAM,11.55,10.05,10.8,10.7,"3,30",10.75,60,10.8,20,10.9,10,0.10,0.9%,11.05,10,11.1,10,11.2,"3,40","16,10",10.95,10.8,N,N,"5,939,17"
2021-10-30 17:08:11.333684,AAM,11.55,10.05,10.8,10.7,"3,30",10.75,60,10.8,20,10.9,10,0.10,0.9%,11.05,10,11.1,10,11.2,"3,40","16,10",10.95,10.8,N,N,"5,939,17"
2021-10-30 17:08:13.117499,AAM,11.55,10.05,10.8,10.7,"3,30",10.75,60,10.8,20,10.9,10,0.10,0.9%,11.05,10,11.1,10,11.2,"3,40","16,10",10.95,10.8,N,N,"5,939,17"
2021-10-30 17:08:13.980949,AAM,11.55,10.05,10.8,10.7,"3,30",10.75,60,10.8,20,10.9,10,0.10,0.9%,11.05,10,11.1,10,11.2,"3,40","16,10",10.95,10.8,N,N,"5,939,17"
2021-10-30 17:08:14.760373,AAM,11.55,10.05,10.8,10.7,"3,30",10.75,60,10.8,20,10.9,10,0.10,0.9%,11.05,10,11.1,10,11.2,"3,40","16,10",10.95,10.8,N,N,"5,939,17"
2021-10-30 17:08:15.657038,AAM,11.55,10.05,10.8,10.7,"3,30",10.75,60,10.8,20,10.9,10,0.10,0.9%,11.05,10,11.1,10,11.2,"3,40","16,10",10.95,10.8,N,N,"5,939,17"
2021-10-30 17:08:16.433356,AAM,11.55,10.05,10.8,10.7,"3,30",10.75,60,10.8,20,10.9,10,0.10,0.9%,11.05,10,11.1,10,11.2,"3,40","16,10",10.95,10.8,N,N,"5,939,17"
2021-10-30 17:08:17.306049,AAM,11.55,10.05,10.8,10.7,"3,30",10.75,60,10.8,20,10.9,10,0.10,0.9%,11.05,10,11.1,10,11.2,"3,40","16,10",10.95,10.8,N,N,"5,939,17"
2021-10-30 17:08:18.133402,AAM,11.55,10.05,10.8,10.7,"3,30",10.75,60,10.8,20,10.9,10,0.10,0.9%,11.05,10,11.1,10,11.2,"3,40","16,10",10.95,10.8,N,N,"5,939,17"
2021-10-30 17:08:18.928113,AAM,11.55,10.05,10.8,10.7,"3,30",10.75,60,10.8,20,10.9,10,0.10,0.9%,11.05,10,11.1,10,11.2,"3,40","16,10",10.95,10.8,N,N,"5,939,17"
2021-10-30 17:08:19.809832,AAM,11.55,10.05,10.8,10.7,"3,30",10.75,60,10.8,20,10.9,10,0.10,0.9%,11.05,10,11.1,10,11.2,"3,40","16,10",10.95,10.8,N,N,"5,939,17"
2021-10-30 17:08:20.583469,AAM,11.55,10.05,10.8,10.7,"3,30",10.75,60,10.8,20,10.9,10,0.10,0.9%,11.05,10,11.1,10,11.2,"3,40","16,10",10.95,10.8,N,N,"5,939,17"
2021-10-30 17:08:21.632174,AAM,11.55,10.05,10.8,10.7,"3,30",10.75,60,10.8,20,10.9,10,0.10,0.9%,11.05,10,11.1,10,11.2,"3,40","16,10",10.95,10.8,N,N,"5,939,17"
2021-10-30 17:08:22.728932,AAM,11.55,10.05,10.8,10.7,"3,30",10.75,60,10.8,20,10.9,10,0.10,0.9%,11.05,10,11.1,10,11.2,"3,40","16,10",10.95,10.8,N,N,"5,939,17"
2021-10-30 17:08:23.705251,AAM,11.55,10.05,10.8,10.7,"3,30",10.75,60,10.8,20,10.9,10,0.10,0.9%,11.05,10,11.1,10,11.2,"3,40","16,10",10.95,10.8,N,N,"5,939,17"
2021-10-30 17:08:24.733562,AAM,11.55,10.05,10.8,10.7,"3,30",10.75,60,10.8,20,10.9,10,0.10,0.9%,11.05,10,11.1,10,11.2,"3,40","16,10",10.95,10.8,N,N,"5,939,17"
2021-10-30 17:08:25.742715,AAM,11.55,10.05,10.8,10.7,"3,30",10.75,60,10.8,20,10.9,10,0.10,0.9%,11.05,10,11.1,10,11.2,"3,40","16,10",10.95,10.8,N,N,"5,939,17"
2021-10-30 17:08:26.683641,AAM,11.55,10.05,10.8,10.7,"3,30",10.75,60,10.8,20,10.9,10,0.10,0.9%,11.05,10,11.1,10,11.2,"3,40","16,10",10.95,10.8,N,N,"5,939,17"
2021-10-30 17:08:27.720234,AAM,11.55,10.05,10.8,10.7,"3,30",10.75,60,10.8,20,10.9,10,0.10,0.9%,11.05,10,11.1,10,11.2,"3,40","16,10",10.95,10.8,N,N,"5,939,17"
2021-10-30 17:08:28.699324,AAM,11.55,10.05,10.8,10.7,"3,30",10.75,60,10.8,20,10.9,10,0.10,0.9%,11.05,10,11.1,10,11.2,"3,40","16,10",10.95,10.8,N,N,"5,939,17"
2021-10-30 17:08:29.555391,AAM,11.55,10.05,10.8,10.7,"3,30",10.75,60,10.8,20,10.9,10,0.10,0.9%,11.05,10,11.1,10,11.2,"3,40","16,10",10.95,10.8,N,N,"5,939,17"
2021-10-30 17:08:30.354649,AAM,11.55,10.05,10.8,10.7,"3,30",10.75,60,10.8,20,10.9,10,0.10,0.9%,11.05,10,11.1,10,11.2,"3,40","16,10",10.95,10.8,N,N,"5,939,17"
2021-10-30 17:08:31.185439,AAM,11.55,10.05,10.8,10.7,"3,30",10.75,60,10.8,20,10.9,10,0.10,0.9%,11.05,10,11.1,10,11.2,"3,40","16,10",10.95,10.8,N,N,"5,939,17"
2021-10-30 17:08:32.015478,AAM,11.55,10.05,10.8,10.7,"3,30",10.75,60,10.8,20,10.9,10,0.10,0.9%,11.05,10,11.1,10,11.2,"3,40","16,10",10.95,10.8,N,N,"5,939,17"
2021-10-30 17:08:33.390488,AAM,11.55,10.05,10.8,10.7,"3,30",10.75,60,10.8,20,10.9,10,0.10,0.9%,11.05,10,11.1,10,11.2,"3,40","16,10",10.95,10.8,N,N,"5,939,17"
2021-10-30 17:08:34.483827,AAM,11.55,10.05,10.8,10.7,"3,30",10.75,60,10.8,20,10.9,10,0.10,0.9%,11.05,10,11.1,10,11.2,"3,40","16,10",10.95,10.8,N,N,"5,939,17"
2021-10-30 17:08:35.373518,AAM,11.55,10.05,10.8,10.7,"3,30",10.75,60,10.8,20,10.9,10,0.10,0.9%,11.05,10,11.1,10,11.2,"3,40","16,10",10.95,10.8,N,N,"5,939,17"
2021-10-30 17:08:36.191960,AAM,11.55,10.05,10.8,10.7,"3,30",10.75,60,10.8,20,10.9,10,0.10,0.9%,11.05,10,11.1,10,11.2,"3,40","16,10",10.95,10.8,N,N,"5,939,17"
2021-10-30 17:08:36.979112,AAM,11.55,10.05,10.8,10.7,"3,30",10.75,60,10.8,20,10.9,10,0.10,0.9%,11.05,10,11.1,10,11.2,"3,40","16,10",10.95,10.8,N,N,"5,939,17"
2021-10-30 17:08:37.815023,AAM,11.55,10.05,10.8,10.7,"3,30",10.75,60,10.8,20,10.9,10,0.10,0.9%,11.05,10,11.1,10,11.2,"3,40","16,10",10.95,10.8,N,N,"5,939,17"
2021-10-30 17:08:38.586066,AAM,11.55,10.05,10.8,10.7,"3,30",10.75,60,10.8,20,10.9,10,0.10,0.9%,11.05,10,11.1,10,11.2,"3,40","16,10",10.95,10.8,N,N,"5,939,17"
2021-10-30 17:08:39.781711,AAM,11.55,10.05,10.8,10.7,"3,30",10.75,60,10.8,20,10.9,10,0.10,0.9%,11.05,10,11.1,10,11.2,"3,40","16,10",10.95,10.8,N,N,"5,939,17"
2021-10-30 17:08:40.557214,AAM,11.55,10.05,10.8,10.7,"3,30",10.75,60,10.8,20,10.9,10,0.10,0.9%,11.05,10,11.1,10,11.2,"3,40","16,10",10.95,10.8,N,N,"5,939,17"
2021-10-30 17:08:41.679625,AAM,11.55,10.05,10.8,10.7,"3,30",10.75,60,10.8,20,10.9,10,0.10,0.9%,11.05,10,11.1,10,11.2,"3,40","16,10",10.95,10.8,N,N,"5,939,17"
2021-10-30 17:08:42.723733,AAM,11.55,10.05,10.8,10.7,"3,30",10.75,60,10.8,20,10.9,10,0.10,0.9%,11.05,10,11.1,10,11.2,"3,40","16,10",10.95,10.8,N,N,"5,939,17"
2021-10-30 17:08:43.679708,AAM,11.55,10.05,10.8,10.7,"3,30",10.75,60,10.8,20,10.9,10,0.10,0.9%,11.05,10,11.1,10,11.2,"3,40","16,10",10.95,10.8,N,N,"5,939,17"
2021-10-30 17:08:44.534129,AAM,11.55,10.05,10.8,10.7,"3,30",10.75,60,10.8,20,10.9,10,0.10,0.9%,11.05,10,11.1,10,11.2,"3,40","16,10",10.95,10.8,N,N,"5,939,17"
2021-10-30 17:08:45.584121,AAM,11.55,10.05,10.8,10.7,"3,30",10.75,60,10.8,20,10.9,10,0.10,0.9%,11.05,10,11.1,10,11.2,"3,40","16,10",10.95,10.8,N,N,"5,939,17"
2021-10-30 17:08:46.434143,AAM,11.55,10.05,10.8,10.7,"3,30",10.75,60,10.8,20,10.9,10,0.10,0.9%,11.05,10,11.1,10,11.2,"3,40","16,10",10.95,10.8,N,N,"5,939,17"
2021-10-30 17:08:47.333841,AAM,11.55,10.05,10.8,10.7,"3,30",10.75,60,10.8,20,10.9,10,0.10,0.9%,11.05,10,11.1,10,11.2,"3,40","16,10",10.95,10.8,N,N,"5,939,17"
2021-10-30 17:08:48.266679,AAM,11.55,10.05,10.8,10.7,"3,30",10.75,60,10.8,20,10.9,10,0.10,0.9%,11.05,10,11.1,10,11.2,"3,40","16,10",10.95,10.8,N,N,"5,939,17"
2021-10-30 17:08:49.080916,AAM,11.55,10.05,10.8,10.7,"3,30",10.75,60,10.8,20,10.9,10,0.10,0.9%,11.05,10,11.1,10,11.2,"3,40","16,10",10.95,10.8,N,N,"5,939,17"
2021-10-30 17:08:49.955661,AAM,11.55,10.05,10.8,10.7,"3,30",10.75,60,10.8,20,10.9,10,0.10,0.9%,11.05,10,11.1,10,11.2,"3,40","16,10",10.95,10.8,N,N,"5,939,17"
2021-10-30 17:08:51.034278,AAM,11.55,10.05,10.8,10.7,"3,30",10.75,60,10.8,20,10.9,10,0.10,0.9%,11.05,10,11.1,10,11.2,"3,40","16,10",10.95,10.8,N,N,"5,939,17"
2021-10-30 17:08:51.878954,AAM,11.55,10.05,10.8,10.7,"3,30",10.75,60,10.8,20,10.9,10,0.10,0.9%,11.05,10,11.1,10,11.2,"3,40","16,10",10.95,10.8,N,N,"5,939,17"
2021-10-30 17:08:52.702968,AAM,11.55,10.05,10.8,10.7,"3,30",10.75,60,10.8,20,10.9,10,0.10,0.9%,11.05,10,11.1,10,11.2,"3,40","16,10",10.95,10.8,N,N,"5,939,17"
2021-10-30 17:08:53.518583,AAM,11.55,10.05,10.8,10.7,"3,30",10.75,60,10.8,20,10.9,10,0.10,0.9%,11.05,10,11.1,10,11.2,"3,40","16,10",10.95,10.8,N,N,"5,939,17"
2021-10-30 17:08:54.370042,AAM,11.55,10.05,10.8,10.7,"3,30",10.75,60,10.8,20,10.9,10,0.10,0.9%,11.05,10,11.1,10,11.2,"3,40","16,10",10.95,10.8,N,N,"5,939,17"
2021-10-30 17:08:55.174070,AAM,11.55,10.05,10.8,10.7,"3,30",10.75,60,10.8,20,10.9,10,0.10,0.9%,11.05,10,11.1,10,11.2,"3,40","16,10",10.95,10.8,N,N,"5,939,17"
2021-10-30 17:08:56.358658,AAM,11.55,10.05,10.8,10.7,"3,30",10.75,60,10.8,20,10.9,10,0.10,0.9%,11.05,10,11.1,10,11.2,"3,40","16,10",10.95,10.8,N,N,"5,939,17"
2021-10-30 17:08:57.245553,AAM,11.55,10.05,10.8,10.7,"3,30",10.75,60,10.8,20,10.9,10,0.10,0.9%,11.05,10,11.1,10,11.2,"3,40","16,10",10.95,10.8,N,N,"5,939,17"
2021-10-30 17:08:58.106544,AAM,11.55,10.05,10.8,10.7,"3,30",10.75,60,10.8,20,10.9,10,0.10,0.9%,11.05,10,11.1,10,11.2,"3,40","16,10",10.95,10.8,N,N,"5,939,17"
2021-10-30 17:08:58.910187,AAM,11.55,10.05,10.8,10.7,"3,30",10.75,60,10.8,20,10.9,10,0.10,0.9%,11.05,10,11.1,10,11.2,"3,40","16,10",10.95,10.8,N,N,"5,939,17"
2021-10-30 17:08:59.677200,AAM,11.55,10.05,10.8,10.7,"3,30",10.75,60,10.8,20,10.9,10,0.10,0.9%,11.05,10,11.1,10,11.2,"3,40","16,10",10.95,10.8,N,N,"5,939,17"
2021-10-30 17:09:00.658234,AAM,11.55,10.05,10.8,10.7,"3,30",10.75,60,10.8,20,10.9,10,0.10,0.9%,11.05,10,11.1,10,11.2,"3,40","16,10",10.95,10.8,N,N,"5,939,17"
2021-10-30 17:09:01.684618,AAM,11.55,10.05,10.8,10.7,"3,30",10.75,60,10.8,20,10.9,10,0.10,0.9%,11.05,10,11.1,10,11.2,"3,40","16,10",10.95,10.8,N,N,"5,939,17"
2021-10-30 17:09:02.673292,AAM,11.55,10.05,10.8,10.7,"3,30",10.75,60,10.8,20,10.9,10,0.10,0.9%,11.05,10,11.1,10,11.2,"3,40","16,10",10.95,10.8,N,N,"5,939,17"
2021-10-30 17:09:03.484595,AAM,11.55,10.05,10.8,10.7,"3,30",10.75,60,10.8,20,10.9,10,0.10,0.9%,11.05,10,11.1,10,11.2,"3,40","16,10",10.95,10.8,N,N,"5,939,17"
2021-10-30 17:09:04.306274,AAM,11.55,10.05,10.8,10.7,"3,30",10.75,60,10.8,20,10.9,10,0.10,0.9%,11.05,10,11.1,10,11.2,"3,40","16,10",10.95,10.8,N,N,"5,939,17"
2021-10-30 17:09:05.127357,AAM,11.55,10.05,10.8,10.7,"3,30",10.75,60,10.8,20,10.9,10,0.10,0.9%,11.05,10,11.1,10,11.2,"3,40","16,10",10.95,10.8,N,N,"5,939,17"
2021-10-30 17:09:05.933358,AAM,11.55,10.05,10.8,10.7,"3,30",10.75,60,10.8,20,10.9,10,0.10,0.9%,11.05,10,11.1,10,11.2,"3,40","16,10",10.95,10.8,N,N,"5,939,17"
2021-10-30 17:09:06.782779,AAM,11.55,10.05,10.8,10.7,"3,30",10.75,60,10.8,20,10.9,10,0.10,0.9%,11.05,10,11.1,10,11.2,"3,40","16,10",10.95,10.8,N,N,"5,939,17"
2021-10-30 17:09:07.907421,AAM,11.55,10.05,10.8,10.7,"3,30",10.75,60,10.8,20,10.9,10,0.10,0.9%,11.05,10,11.1,10,11.2,"3,40","16,10",10.95,10.8,N,N,"5,939,17"
2021-10-30 17:09:08.984454,AAM,11.55,10.05,10.8,10.7,"3,30",10.75,60,10.8,20,10.9,10,0.10,0.9%,11.05,10,11.1,10,11.2,"3,40","16,10",10.95,10.8,N,N,"5,939,17"
2021-10-30 17:09:09.965445,AAM,11.55,10.05,10.8,10.7,"3,30",10.75,60,10.8,20,10.9,10,0.10,0.9%,11.05,10,11.1,10,11.2,"3,40","16,10",10.95,10.8,N,N,"5,939,17"
2021-10-30 17:09:10.920407,AAM,11.55,10.05,10.8,10.7,"3,30",10.75,60,10.8,20,10.9,10,0.10,0.9%,11.05,10,11.1,10,11.2,"3,40","16,10",10.95,10.8,N,N,"5,939,17"
2021-10-30 17:09:12.497521,AAM,11.55,10.05,10.8,10.7,"3,30",10.75,60,10.8,20,10.9,10,0.10,0.9%,11.05,10,11.1,10,11.2,"3,40","16,10",10.95,10.8,N,N,"5,939,17"
2021-10-30 17:09:13.693140,AAM,11.55,10.05,10.8,10.7,"3,30",10.75,60,10.8,20,10.9,10,0.10,0.9%,11.05,10,11.1,10,11.2,"3,40","16,10",10.95,10.8,N,N,"5,939,17"
2021-10-30 17:09:14.536995,AAM,11.55,10.05,10.8,10.7,"3,30",10.75,60,10.8,20,10.9,10,0.10,0.9%,11.05,10,11.1,10,11.2,"3,40","16,10",10.95,10.8,N,N,"5,939,17"
2021-10-30 17:09:15.332589,AAM,11.55,10.05,10.8,10.7,"3,30",10.75,60,10.8,20,10.9,10,0.10,0.9%,11.05,10,11.1,10,11.2,"3,40","16,10",10.95,10.8,N,N,"5,939,17"
2021-10-30 17:09:16.184990,AAM,11.55,10.05,10.8,10.7,"3,30",10.75,60,10.8,20,10.9,10,0.10,0.9%,11.05,10,11.1,10,11.2,"3,40","16,10",10.95,10.8,N,N,"5,939,17"
2021-10-30 17:09:16.969646,AAM,11.55,10.05,10.8,10.7,"3,30",10.75,60,10.8,20,10.9,10,0.10,0.9%,11.05,10,11.1,10,11.2,"3,40","16,10",10.95,10.8,N,N,"5,939,17"
2021-10-30 17:09:17.804671,AAM,11.55,10.05,10.8,10.7,"3,30",10.75,60,10.8,20,10.9,10,0.10,0.9%,11.05,10,11.1,10,11.2,"3,40","16,10",10.95,10.8,N,N,"5,939,17"
2021-10-30 17:09:19.114714,AAM,11.55,10.05,10.8,10.7,"3,30",10.75,60,10.8,20,10.9,10,0.10,0.9%,11.05,10,11.1,10,11.2,"3,40","16,10",10.95,10.8,N,N,"5,939,17"
2021-10-30 17:09:19.969734,AAM,11.55,10.05,10.8,10.7,"3,30",10.75,60,10.8,20,10.9,10,0.10,0.9%,11.05,10,11.1,10,11.2,"3,40","16,10",10.95,10.8,N,N,"5,939,17"
2021-10-30 17:09:20.881772,AAM,11.55,10.05,10.8,10.7,"3,30",10.75,60,10.8,20,10.9,10,0.10,0.9%,11.05,10,11.1,10,11.2,"3,40","16,10",10.95,10.8,N,N,"5,939,17"
2021-10-30 17:09:21.679178,AAM,11.55,10.05,10.8,10.7,"3,30",10.75,60,10.8,20,10.9,10,0.10,0.9%,11.05,10,11.1,10,11.2,"3,40","16,10",10.95,10.8,N,N,"5,939,17"
2021-10-30 17:09:22.618810,AAM,11.55,10.05,10.8,10.7,"3,30",10.75,60,10.8,20,10.9,10,0.10,0.9%,11.05,10,11.1,10,11.2,"3,40","16,10",10.95,10.8,N,N,"5,939,17"
2021-10-30 17:09:23.422761,AAM,11.55,10.05,10.8,10.7,"3,30",10.75,60,10.8,20,10.9,10,0.10,0.9%,11.05,10,11.1,10,11.2,"3,40","16,10",10.95,10.8,N,N,"5,939,17"
2021-10-30 17:09:24.455845,AAM,11.55,10.05,10.8,10.7,"3,30",10.75,60,10.8,20,10.9,10,0.10,0.9%,11.05,10,11.1,10,11.2,"3,40","16,10",10.95,10.8,N,N,"5,939,17"
2021-10-30 17:09:25.389275,AAM,11.55,10.05,10.8,10.7,"3,30",10.75,60,10.8,20,10.9,10,0.10,0.9%,11.05,10,11.1,10,11.2,"3,40","16,10",10.95,10.8,N,N,"5,939,17"
2021-10-30 17:09:26.185231,AAM,11.55,10.05,10.8,10.7,"3,30",10.75,60,10.8,20,10.9,10,0.10,0.9%,11.05,10,11.1,10,11.2,"3,40","16,10",10.95,10.8,N,N,"5,939,17"
2021-10-30 17:09:27.030930,AAM,11.55,10.05,10.8,10.7,"3,30",10.75,60,10.8,20,10.9,10,0.10,0.9%,11.05,10,11.1,10,11.2,"3,40","16,10",10.95,10.8,N,N,"5,939,17"
2021-10-30 17:09:27.870474,AAM,11.55,10.05,10.8,10.7,"3,30",10.75,60,10.8,20,10.9,10,0.10,0.9%,11.05,10,11.1,10,11.2,"3,40","16,10",10.95,10.8,N,N,"5,939,17"
2021-10-30 17:09:28.695000,AAM,11.55,10.05,10.8,10.7,"3,30",10.75,60,10.8,20,10.9,10,0.10,0.9%,11.05,10,11.1,10,11.2,"3,40","16,10",10.95,10.8,N,N,"5,939,17"
2021-10-30 17:09:29.506009,AAM,11.55,10.05,10.8,10.7,"3,30",10.75,60,10.8,20,10.9,10,0.10,0.9%,11.05,10,11.1,10,11.2,"3,40","16,10",10.95,10.8,N,N,"5,939,17"
2021-10-30 17:09:30.623941,AAM,11.55,10.05,10.8,10.7,"3,30",10.75,60,10.8,20,10.9,10,0.10,0.9%,11.05,10,11.1,10,11.2,"3,40","16,10",10.95,10.8,N,N,"5,939,17"
2021-10-30 17:09:31.472003,AAM,11.55,10.05,10.8,10.7,"3,30",10.75,60,10.8,20,10.9,10,0.10,0.9%,11.05,10,11.1,10,11.2,"3,40","16,10",10.95,10.8,N,N,"5,939,17"
2021-10-30 17:09:32.300055,AAM,11.55,10.05,10.8,10.7,"3,30",10.75,60,10.8,20,10.9,10,0.10,0.9%,11.05,10,11.1,10,11.2,"3,40","16,10",10.95,10.8,N,N,"5,939,17"
2021-10-30 17:09:33.122080,AAM,11.55,10.05,10.8,10.7,"3,30",10.75,60,10.8,20,10.9,10,0.10,0.9%,11.05,10,11.1,10,11.2,"3,40","16,10",10.95,10.8,N,N,"5,939,17"
2021-10-30 17:09:33.924012,AAM,11.55,10.05,10.8,10.7,"3,30",10.75,60,10.8,20,10.9,10,0.10,0.9%,11.05,10,11.1,10,11.2,"3,40","16,10",10.95,10.8,N,N,"5,939,17"
2021-10-30 17:09:34.723153,AAM,11.55,10.05,10.8,10.7,"3,30",10.75,60,10.8,20,10.9,10,0.10,0.9%,11.05,10,11.1,10,11.2,"3,40","16,10",10.95,10.8,N,N,"5,939,17"
2021-10-30 17:09:35.871173,AAM,11.55,10.05,10.8,10.7,"3,30",10.75,60,10.8,20,10.9,10,0.10,0.9%,11.05,10,11.1,10,11.2,"3,40","16,10",10.95,10.8,N,N,"5,939,17"
2021-10-30 17:09:36.715126,AAM,11.55,10.05,10.8,10.7,"3,30",10.75,60,10.8,20,10.9,10,0.10,0.9%,11.05,10,11.1,10,11.2,"3,40","16,10",10.95,10.8,N,N,"5,939,17"
2021-10-30 17:09:37.562212,AAM,11.55,10.05,10.8,10.7,"3,30",10.75,60,10.8,20,10.9,10,0.10,0.9%,11.05,10,11.1,10,11.2,"3,40","16,10",10.95,10.8,N,N,"5,939,17"
2021-10-30 17:09:38.354822,AAM,11.55,10.05,10.8,10.7,"3,30",10.75,60,10.8,20,10.9,10,0.10,0.9%,11.05,10,11.1,10,11.2,"3,40","16,10",10.95,10.8,N,N,"5,939,17"
2021-10-30 17:09:39.172236,AAM,11.55,10.05,10.8,10.7,"3,30",10.75,60,10.8,20,10.9,10,0.10,0.9%,11.05,10,11.1,10,11.2,"3,40","16,10",10.95,10.8,N,N,"5,939,17"
2021-10-30 17:09:40.035599,AAM,11.55,10.05,10.8,10.7,"3,30",10.75,60,10.8,20,10.9,10,0.10,0.9%,11.05,10,11.1,10,11.2,"3,40","16,10",10.95,10.8,N,N,"5,939,17"
2021-10-30 17:09:40.860311,AAM,11.55,10.05,10.8,10.7,"3,30",10.75,60,10.8,20,10.9,10,0.10,0.9%,11.05,10,11.1,10,11.2,"3,40","16,10",10.95,10.8,N,N,"5,939,17"
2021-10-30 17:09:42.465268,AAM,11.55,10.05,10.8,10.7,"3,30",10.75,60,10.8,20,10.9,10,0.10,0.9%,11.05,10,11.1,10,11.2,"3,40","16,10",10.95,10.8,N,N,"5,939,17"
2021-10-30 17:09:43.410980,AAM,11.55,10.05,10.8,10.7,"3,30",10.75,60,10.8,20,10.9,10,0.10,0.9%,11.05,10,11.1,10,11.2,"3,40","16,10",10.95,10.8,N,N,"5,939,17"
2021-10-30 17:09:44.235721,AAM,11.55,10.05,10.8,10.7,"3,30",10.75,60,10.8,20,10.9,10,0.10,0.9%,11.05,10,11.1,10,11.2,"3,40","16,10",10.95,10.8,N,N,"5,939,17"
2021-10-30 17:09:45.139399,AAM,11.55,10.05,10.8,10.7,"3,30",10.75,60,10.8,20,10.9,10,0.10,0.9%,11.05,10,11.1,10,11.2,"3,40","16,10",10.95,10.8,N,N,"5,939,17"
2021-10-30 17:09:46.032422,AAM,11.55,10.05,10.8,10.7,"3,30",10.75,60,10.8,20,10.9,10,0.10,0.9%,11.05,10,11.1,10,11.2,"3,40","16,10",10.95,10.8,N,N,"5,939,17"
2021-10-30 17:09:47.084902,AAM,11.55,10.05,10.8,10.7,"3,30",10.75,60,10.8,20,10.9,10,0.10,0.9%,11.05,10,11.1,10,11.2,"3,40","16,10",10.95,10.8,N,N,"5,939,17"
2021-10-30 17:09:47.985803,AAM,11.55,10.05,10.8,10.7,"3,30",10.75,60,10.8,20,10.9,10,0.10,0.9%,11.05,10,11.1,10,11.2,"3,40","16,10",10.95,10.8,N,N,"5,939,17"
2021-10-30 17:09:48.749952,AAM,11.55,10.05,10.8,10.7,"3,30",10.75,60,10.8,20,10.9,10,0.10,0.9%,11.05,10,11.1,10,11.2,"3,40","16,10",10.95,10.8,N,N,"5,939,17"
2021-10-30 17:09:49.581518,AAM,11.55,10.05,10.8,10.7,"3,30",10.75,60,10.8,20,10.9,10,0.10,0.9%,11.05,10,11.1,10,11.2,"3,40","16,10",10.95,10.8,N,N,"5,939,17"
2021-10-30 17:09:50.406163,AAM,11.55,10.05,10.8,10.7,"3,30",10.75,60,10.8,20,10.9,10,0.10,0.9%,11.05,10,11.1,10,11.2,"3,40","16,10",10.95,10.8,N,N,"5,939,17"
2021-10-30 17:09:51.185870,AAM,11.55,10.05,10.8,10.7,"3,30",10.75,60,10.8,20,10.9,10,0.10,0.9%,11.05,10,11.1,10,11.2,"3,40","16,10",10.95,10.8,N,N,"5,939,17"
2021-10-30 17:09:52.035925,AAM,11.55,10.05,10.8,10.7,"3,30",10.75,60,10.8,20,10.9,10,0.10,0.9%,11.05,10,11.1,10,11.2,"3,40","16,10",10.95,10.8,N,N,"5,939,17"
2021-10-30 17:09:53.150010,AAM,11.55,10.05,10.8,10.7,"3,30",10.75,60,10.8,20,10.9,10,0.10,0.9%,11.05,10,11.1,10,11.2,"3,40","16,10",10.95,10.8,N,N,"5,939,17"
2021-10-30 17:09:54.074666,AAM,11.55,10.05,10.8,10.7,"3,30",10.75,60,10.8,20,10.9,10,0.10,0.9%,11.05,10,11.1,10,11.2,"3,40","16,10",10.95,10.8,N,N,"5,939,17"
2021-10-30 17:09:54.834683,AAM,11.55,10.05,10.8,10.7,"3,30",10.75,60,10.8,20,10.9,10,0.10,0.9%,11.05,10,11.1,10,11.2,"3,40","16,10",10.95,10.8,N,N,"5,939,17"
2021-10-30 17:09:55.636033,AAM,11.55,10.05,10.8,10.7,"3,30",10.75,60,10.8,20,10.9,10,0.10,0.9%,11.05,10,11.1,10,11.2,"3,40","16,10",10.95,10.8,N,N,"5,939,17"
2021-10-30 17:09:56.476681,AAM,11.55,10.05,10.8,10.7,"3,30",10.75,60,10.8,20,10.9,10,0.10,0.9%,11.05,10,11.1,10,11.2,"3,40","16,10",10.95,10.8,N,N,"5,939,17"
2021-10-30 17:09:57.266706,AAM,11.55,10.05,10.8,10.7,"3,30",10.75,60,10.8,20,10.9,10,0.10,0.9%,11.05,10,11.1,10,11.2,"3,40","16,10",10.95,10.8,N,N,"5,939,17"
2021-10-30 17:09:58.427767,AAM,11.55,10.05,10.8,10.7,"3,30",10.75,60,10.8,20,10.9,10,0.10,0.9%,11.05,10,11.1,10,11.2,"3,40","16,10",10.95,10.8,N,N,"5,939,17"
2021-10-30 17:09:59.313349,AAM,11.55,10.05,10.8,10.7,"3,30",10.75,60,10.8,20,10.9,10,0.10,0.9%,11.05,10,11.1,10,11.2,"3,40","16,10",10.95,10.8,N,N,"5,939,17"
2021-10-30 17:10:00.179754,AAM,11.55,10.05,10.8,10.7,"3,30",10.75,60,10.8,20,10.9,10,0.10,0.9%,11.05,10,11.1,10,11.2,"3,40","16,10",10.95,10.8,N,N,"5,939,17"
2021-10-30 17:10:01.430837,AAM,11.55,10.05,10.8,10.7,"3,30",10.75,60,10.8,20,10.9,10,0.10,0.9%,11.05,10,11.1,10,11.2,"3,40","16,10",10.95,10.8,N,N,"5,939,17"
2021-10-30 17:10:02.229833,AAM,11.55,10.05,10.8,10.7,"3,30",10.75,60,10.8,20,10.9,10,0.10,0.9%,11.05,10,11.1,10,11.2,"3,40","16,10",10.95,10.8,N,N,"5,939,17"
2021-10-30 17:10:03.067585,AAM,11.55,10.05,10.8,10.7,"3,30",10.75,60,10.8,20,10.9,10,0.10,0.9%,11.05,10,11.1,10,11.2,"3,40","16,10",10.95,10.8,N,N,"5,939,17"
2021-10-30 17:10:04.436291,AAM,11.55,10.05,10.8,10.7,"3,30",10.75,60,10.8,20,10.9,10,0.10,0.9%,11.05,10,11.1,10,11.2,"3,40","16,10",10.95,10.8,N,N,"5,939,17"
2021-10-30 17:10:05.330942,AAM,11.55,10.05,10.8,10.7,"3,30",10.75,60,10.8,20,10.9,10,0.10,0.9%,11.05,10,11.1,10,11.2,"3,40","16,10",10.95,10.8,N,N,"5,939,17"
2021-10-30 17:10:06.123536,AAM,11.55,10.05,10.8,10.7,"3,30",10.75,60,10.8,20,10.9,10,0.10,0.9%,11.05,10,11.1,10,11.2,"3,40","16,10",10.95,10.8,N,N,"5,939,17"
2021-10-30 17:10:06.978505,AAM,11.55,10.05,10.8,10.7,"3,30",10.75,60,10.8,20,10.9,10,0.10,0.9%,11.05,10,11.1,10,11.2,"3,40","16,10",10.95,10.8,N,N,"5,939,17"
2021-10-30 17:10:07.767023,AAM,11.55,10.05,10.8,10.7,"3,30",10.75,60,10.8,20,10.9,10,0.10,0.9%,11.05,10,11.1,10,11.2,"3,40","16,10",10.95,10.8,N,N,"5,939,17"
2021-10-30 17:10:08.571601,AAM,11.55,10.05,10.8,10.7,"3,30",10.75,60,10.8,20,10.9,10,0.10,0.9%,11.05,10,11.1,10,11.2,"3,40","16,10",10.95,10.8,N,N,"5,939,17"
2021-10-30 17:10:09.902076,AAM,11.55,10.05,10.8,10.7,"3,30",10.75,60,10.8,20,10.9,10,0.10,0.9%,11.05,10,11.1,10,11.2,"3,40","16,10",10.95,10.8,N,N,"5,939,17"
2021-10-30 17:10:10.889093,AAM,11.55,10.05,10.8,10.7,"3,30",10.75,60,10.8,20,10.9,10,0.10,0.9%,11.05,10,11.1,10,11.2,"3,40","16,10",10.95,10.8,N,N,"5,939,17"
2021-10-30 17:10:12.329090,AAM,11.55,10.05,10.8,10.7,"3,30",10.75,60,10.8,20,10.9,10,0.10,0.9%,11.05,10,11.1,10,11.2,"3,40","16,10",10.95,10.8,N,N,"5,939,17"
2021-10-30 17:10:13.124155,AAM,11.55,10.05,10.8,10.7,"3,30",10.75,60,10.8,20,10.9,10,0.10,0.9%,11.05,10,11.1,10,11.2,"3,40","16,10",10.95,10.8,N,N,"5,939,17"
2021-10-30 17:10:14.136490,AAM,11.55,10.05,10.8,10.7,"3,30",10.75,60,10.8,20,10.9,10,0.10,0.9%,11.05,10,11.1,10,11.2,"3,40","16,10",10.95,10.8,N,N,"5,939,17"
2021-10-30 17:10:15.365144,AAM,11.55,10.05,10.8,10.7,"3,30",10.75,60,10.8,20,10.9,10,0.10,0.9%,11.05,10,11.1,10,11.2,"3,40","16,10",10.95,10.8,N,N,"5,939,17"
2021-10-30 17:10:16.409230,AAM,11.55,10.05,10.8,10.7,"3,30",10.75,60,10.8,20,10.9,10,0.10,0.9%,11.05,10,11.1,10,11.2,"3,40","16,10",10.95,10.8,N,N,"5,939,17"
2021-10-30 17:10:17.329235,AAM,11.55,10.05,10.8,10.7,"3,30",10.75,60,10.8,20,10.9,10,0.10,0.9%,11.05,10,11.1,10,11.2,"3,40","16,10",10.95,10.8,N,N,"5,939,17"
2021-10-30 17:10:18.450698,AAM,11.55,10.05,10.8,10.7,"3,30",10.75,60,10.8,20,10.9,10,0.10,0.9%,11.05,10,11.1,10,11.2,"3,40","16,10",10.95,10.8,N,N,"5,939,17"
2021-10-30 17:10:19.326889,AAM,11.55,10.05,10.8,10.7,"3,30",10.75,60,10.8,20,10.9,10,0.10,0.9%,11.05,10,11.1,10,11.2,"3,40","16,10",10.95,10.8,N,N,"5,939,17"
2021-10-30 17:10:20.123993,AAM,11.55,10.05,10.8,10.7,"3,30",10.75,60,10.8,20,10.9,10,0.10,0.9%,11.05,10,11.1,10,11.2,"3,40","16,10",10.95,10.8,N,N,"5,939,17"
2021-10-30 17:10:21.281392,AAM,11.55,10.05,10.8,10.7,"3,30",10.75,60,10.8,20,10.9,10,0.10,0.9%,11.05,10,11.1,10,11.2,"3,40","16,10",10.95,10.8,N,N,"5,939,17"
2021-10-30 17:10:22.127331,AAM,11.55,10.05,10.8,10.7,"3,30",10.75,60,10.8,20,10.9,10,0.10,0.9%,11.05,10,11.1,10,11.2,"3,40","16,10",10.95,10.8,N,N,"5,939,17"
2021-10-30 17:10:23.122448,AAM,11.55,10.05,10.8,10.7,"3,30",10.75,60,10.8,20,10.9,10,0.10,0.9%,11.05,10,11.1,10,11.2,"3,40","16,10",10.95,10.8,N,N,"5,939,17"
2021-10-30 17:10:24.078431,AAM,11.55,10.05,10.8,10.7,"3,30",10.75,60,10.8,20,10.9,10,0.10,0.9%,11.05,10,11.1,10,11.2,"3,40","16,10",10.95,10.8,N,N,"5,939,17"
2021-10-30 17:10:24.856887,AAM,11.55,10.05,10.8,10.7,"3,30",10.75,60,10.8,20,10.9,10,0.10,0.9%,11.05,10,11.1,10,11.2,"3,40","16,10",10.95,10.8,N,N,"5,939,17"
2021-10-30 17:10:25.686838,AAM,11.55,10.05,10.8,10.7,"3,30",10.75,60,10.8,20,10.9,10,0.10,0.9%,11.05,10,11.1,10,11.2,"3,40","16,10",10.95,10.8,N,N,"5,939,17"
2021-10-30 17:10:26.797527,AAM,11.55,10.05,10.8,10.7,"3,30",10.75,60,10.8,20,10.9,10,0.10,0.9%,11.05,10,11.1,10,11.2,"3,40","16,10",10.95,10.8,N,N,"5,939,17"
2021-10-30 17:10:27.719557,AAM,11.55,10.05,10.8,10.7,"3,30",10.75,60,10.8,20,10.9,10,0.10,0.9%,11.05,10,11.1,10,11.2,"3,40","16,10",10.95,10.8,N,N,"5,939,17"
2021-10-30 17:10:28.505599,AAM,11.55,10.05,10.8,10.7,"3,30",10.75,60,10.8,20,10.9,10,0.10,0.9%,11.05,10,11.1,10,11.2,"3,40","16,10",10.95,10.8,N,N,"5,939,17"
2021-10-30 17:10:29.286914,AAM,11.55,10.05,10.8,10.7,"3,30",10.75,60,10.8,20,10.9,10,0.10,0.9%,11.05,10,11.1,10,11.2,"3,40","16,10",10.95,10.8,N,N,"5,939,17"
2021-10-30 17:10:30.225685,AAM,11.55,10.05,10.8,10.7,"3,30",10.75,60,10.8,20,10.9,10,0.10,0.9%,11.05,10,11.1,10,11.2,"3,40","16,10",10.95,10.8,N,N,"5,939,17"
2021-10-30 17:10:31.026633,AAM,11.55,10.05,10.8,10.7,"3,30",10.75,60,10.8,20,10.9,10,0.10,0.9%,11.05,10,11.1,10,11.2,"3,40","16,10",10.95,10.8,N,N,"5,939,17"
2021-10-30 17:10:31.973675,AAM,11.55,10.05,10.8,10.7,"3,30",10.75,60,10.8,20,10.9,10,0.10,0.9%,11.05,10,11.1,10,11.2,"3,40","16,10",10.95,10.8,N,N,"5,939,17"
2021-10-30 17:10:32.987026,AAM,11.55,10.05,10.8,10.7,"3,30",10.75,60,10.8,20,10.9,10,0.10,0.9%,11.05,10,11.1,10,11.2,"3,40","16,10",10.95,10.8,N,N,"5,939,17"
2021-10-30 17:10:33.847161,AAM,11.55,10.05,10.8,10.7,"3,30",10.75,60,10.8,20,10.9,10,0.10,0.9%,11.05,10,11.1,10,11.2,"3,40","16,10",10.95,10.8,N,N,"5,939,17"
2021-10-30 17:10:34.627740,AAM,11.55,10.05,10.8,10.7,"3,30",10.75,60,10.8,20,10.9,10,0.10,0.9%,11.05,10,11.1,10,11.2,"3,40","16,10",10.95,10.8,N,N,"5,939,17"
2021-10-30 17:10:35.426145,AAM,11.55,10.05,10.8,10.7,"3,30",10.75,60,10.8,20,10.9,10,0.10,0.9%,11.05,10,11.1,10,11.2,"3,40","16,10",10.95,10.8,N,N,"5,939,17"
2021-10-30 17:10:36.240294,AAM,11.55,10.05,10.8,10.7,"3,30",10.75,60,10.8,20,10.9,10,0.10,0.9%,11.05,10,11.1,10,11.2,"3,40","16,10",10.95,10.8,N,N,"5,939,17"
2021-10-30 17:10:37.035760,AAM,11.55,10.05,10.8,10.7,"3,30",10.75,60,10.8,20,10.9,10,0.10,0.9%,11.05,10,11.1,10,11.2,"3,40","16,10",10.95,10.8,N,N,"5,939,17"
2021-10-30 17:10:38.217334,AAM,11.55,10.05,10.8,10.7,"3,30",10.75,60,10.8,20,10.9,10,0.10,0.9%,11.05,10,11.1,10,11.2,"3,40","16,10",10.95,10.8,N,N,"5,939,17"
2021-10-30 17:10:39.005847,AAM,11.55,10.05,10.8,10.7,"3,30",10.75,60,10.8,20,10.9,10,0.10,0.9%,11.05,10,11.1,10,11.2,"3,40","16,10",10.95,10.8,N,N,"5,939,17"
2021-10-30 17:10:39.937187,AAM,11.55,10.05,10.8,10.7,"3,30",10.75,60,10.8,20,10.9,10,0.10,0.9%,11.05,10,11.1,10,11.2,"3,40","16,10",10.95,10.8,N,N,"5,939,17"
2021-10-30 17:10:40.721436,AAM,11.55,10.05,10.8,10.7,"3,30",10.75,60,10.8,20,10.9,10,0.10,0.9%,11.05,10,11.1,10,11.2,"3,40","16,10",10.95,10.8,N,N,"5,939,17"
2021-10-30 17:10:42.022889,AAM,11.55,10.05,10.8,10.7,"3,30",10.75,60,10.8,20,10.9,10,0.10,0.9%,11.05,10,11.1,10,11.2,"3,40","16,10",10.95,10.8,N,N,"5,939,17"
2021-10-30 17:10:42.909581,AAM,11.55,10.05,10.8,10.7,"3,30",10.75,60,10.8,20,10.9,10,0.10,0.9%,11.05,10,11.1,10,11.2,"3,40","16,10",10.95,10.8,N,N,"5,939,17"
2021-10-30 17:10:44.027607,AAM,11.55,10.05,10.8,10.7,"3,30",10.75,60,10.8,20,10.9,10,0.10,0.9%,11.05,10,11.1,10,11.2,"3,40","16,10",10.95,10.8,N,N,"5,939,17"
2021-10-30 17:10:44.895444,AAM,11.55,10.05,10.8,10.7,"3,30",10.75,60,10.8,20,10.9,10,0.10,0.9%,11.05,10,11.1,10,11.2,"3,40","16,10",10.95,10.8,N,N,"5,939,17"
2021-10-30 17:10:45.687353,AAM,11.55,10.05,10.8,10.7,"3,30",10.75,60,10.8,20,10.9,10,0.10,0.9%,11.05,10,11.1,10,11.2,"3,40","16,10",10.95,10.8,N,N,"5,939,17"
2021-10-30 17:10:46.521040,AAM,11.55,10.05,10.8,10.7,"3,30",10.75,60,10.8,20,10.9,10,0.10,0.9%,11.05,10,11.1,10,11.2,"3,40","16,10",10.95,10.8,N,N,"5,939,17"
2021-10-30 17:10:47.319078,AAM,11.55,10.05,10.8,10.7,"3,30",10.75,60,10.8,20,10.9,10,0.10,0.9%,11.05,10,11.1,10,11.2,"3,40","16,10",10.95,10.8,N,N,"5,939,17"
2021-10-30 17:10:48.186119,AAM,11.55,10.05,10.8,10.7,"3,30",10.75,60,10.8,20,10.9,10,0.10,0.9%,11.05,10,11.1,10,11.2,"3,40","16,10",10.95,10.8,N,N,"5,939,17"
2021-10-30 17:10:49.234090,AAM,11.55,10.05,10.8,10.7,"3,30",10.75,60,10.8,20,10.9,10,0.10,0.9%,11.05,10,11.1,10,11.2,"3,40","16,10",10.95,10.8,N,N,"5,939,17"
2021-10-30 17:10:50.085120,AAM,11.55,10.05,10.8,10.7,"3,30",10.75,60,10.8,20,10.9,10,0.10,0.9%,11.05,10,11.1,10,11.2,"3,40","16,10",10.95,10.8,N,N,"5,939,17"
2021-10-30 17:10:50.910175,AAM,11.55,10.05,10.8,10.7,"3,30",10.75,60,10.8,20,10.9,10,0.10,0.9%,11.05,10,11.1,10,11.2,"3,40","16,10",10.95,10.8,N,N,"5,939,17"
2021-10-30 17:10:51.720199,AAM,11.55,10.05,10.8,10.7,"3,30",10.75,60,10.8,20,10.9,10,0.10,0.9%,11.05,10,11.1,10,11.2,"3,40","16,10",10.95,10.8,N,N,"5,939,17"
2021-10-30 17:10:52.587553,AAM,11.55,10.05,10.8,10.7,"3,30",10.75,60,10.8,20,10.9,10,0.10,0.9%,11.05,10,11.1,10,11.2,"3,40","16,10",10.95,10.8,N,N,"5,939,17"
2021-10-30 17:10:53.436198,AAM,11.55,10.05,10.8,10.7,"3,30",10.75,60,10.8,20,10.9,10,0.10,0.9%,11.05,10,11.1,10,11.2,"3,40","16,10",10.95,10.8,N,N,"5,939,17"
2021-10-30 17:10:54.461287,AAM,11.55,10.05,10.8,10.7,"3,30",10.75,60,10.8,20,10.9,10,0.10,0.9%,11.05,10,11.1,10,11.2,"3,40","16,10",10.95,10.8,N,N,"5,939,17"
2021-10-30 17:10:55.529313,AAM,11.55,10.05,10.8,10.7,"3,30",10.75,60,10.8,20,10.9,10,0.10,0.9%,11.05,10,11.1,10,11.2,"3,40","16,10",10.95,10.8,N,N,"5,939,17"
2021-10-30 17:10:56.324700,AAM,11.55,10.05,10.8,10.7,"3,30",10.75,60,10.8,20,10.9,10,0.10,0.9%,11.05,10,11.1,10,11.2,"3,40","16,10",10.95,10.8,N,N,"5,939,17"
2021-10-30 17:10:57.137655,AAM,11.55,10.05,10.8,10.7,"3,30",10.75,60,10.8,20,10.9,10,0.10,0.9%,11.05,10,11.1,10,11.2,"3,40","16,10",10.95,10.8,N,N,"5,939,17"
2021-10-30 17:10:58.053412,AAM,11.55,10.05,10.8,10.7,"3,30",10.75,60,10.8,20,10.9,10,0.10,0.9%,11.05,10,11.1,10,11.2,"3,40","16,10",10.95,10.8,N,N,"5,939,17"
2021-10-30 17:10:58.896860,AAM,11.55,10.05,10.8,10.7,"3,30",10.75,60,10.8,20,10.9,10,0.10,0.9%,11.05,10,11.1,10,11.2,"3,40","16,10",10.95,10.8,N,N,"5,939,17"
2021-10-30 17:10:59.687732,AAM,11.55,10.05,10.8,10.7,"3,30",10.75,60,10.8,20,10.9,10,0.10,0.9%,11.05,10,11.1,10,11.2,"3,40","16,10",10.95,10.8,N,N,"5,939,17"
2021-10-30 17:11:00.873997,AAM,11.55,10.05,10.8,10.7,"3,30",10.75,60,10.8,20,10.9,10,0.10,0.9%,11.05,10,11.1,10,11.2,"3,40","16,10",10.95,10.8,N,N,"5,939,17"
2021-10-30 17:11:01.684140,AAM,11.55,10.05,10.8,10.7,"3,30",10.75,60,10.8,20,10.9,10,0.10,0.9%,11.05,10,11.1,10,11.2,"3,40","16,10",10.95,10.8,N,N,"5,939,17"
2021-10-30 17:11:02.616516,AAM,11.55,10.05,10.8,10.7,"3,30",10.75,60,10.8,20,10.9,10,0.10,0.9%,11.05,10,11.1,10,11.2,"3,40","16,10",10.95,10.8,N,N,"5,939,17"
2021-10-30 17:11:03.584525,AAM,11.55,10.05,10.8,10.7,"3,30",10.75,60,10.8,20,10.9,10,0.10,0.9%,11.05,10,11.1,10,11.2,"3,40","16,10",10.95,10.8,N,N,"5,939,17"
2021-10-30 17:11:04.365504,AAM,11.55,10.05,10.8,10.7,"3,30",10.75,60,10.8,20,10.9,10,0.10,0.9%,11.05,10,11.1,10,11.2,"3,40","16,10",10.95,10.8,N,N,"5,939,17"
2021-10-30 17:11:05.187862,AAM,11.55,10.05,10.8,10.7,"3,30",10.75,60,10.8,20,10.9,10,0.10,0.9%,11.05,10,11.1,10,11.2,"3,40","16,10",10.95,10.8,N,N,"5,939,17"
2021-10-30 17:11:06.295020,AAM,11.55,10.05,10.8,10.7,"3,30",10.75,60,10.8,20,10.9,10,0.10,0.9%,11.05,10,11.1,10,11.2,"3,40","16,10",10.95,10.8,N,N,"5,939,17"
2021-10-30 17:11:07.150045,AAM,11.55,10.05,10.8,10.7,"3,30",10.75,60,10.8,20,10.9,10,0.10,0.9%,11.05,10,11.1,10,11.2,"3,40","16,10",10.95,10.8,N,N,"5,939,17"
2021-10-30 17:11:08.069660,AAM,11.55,10.05,10.8,10.7,"3,30",10.75,60,10.8,20,10.9,10,0.10,0.9%,11.05,10,11.1,10,11.2,"3,40","16,10",10.95,10.8,N,N,"5,939,17"
2021-10-30 17:11:08.873688,AAM,11.55,10.05,10.8,10.7,"3,30",10.75,60,10.8,20,10.9,10,0.10,0.9%,11.05,10,11.1,10,11.2,"3,40","16,10",10.95,10.8,N,N,"5,939,17"
2021-10-30 17:11:09.731672,AAM,11.55,10.05,10.8,10.7,"3,30",10.75,60,10.8,20,10.9,10,0.10,0.9%,11.05,10,11.1,10,11.2,"3,40","16,10",10.95,10.8,N,N,"5,939,17"
2021-10-30 17:11:10.562742,AAM,11.55,10.05,10.8,10.7,"3,30",10.75,60,10.8,20,10.9,10,0.10,0.9%,11.05,10,11.1,10,11.2,"3,40","16,10",10.95,10.8,N,N,"5,939,17"
2021-10-30 17:11:12.292581,AAM,11.55,10.05,10.8,10.7,"3,30",10.75,60,10.8,20,10.9,10,0.10,0.9%,11.05,10,11.1,10,11.2,"3,40","16,10",10.95,10.8,N,N,"5,939,17"
2021-10-30 17:11:13.132769,AAM,11.55,10.05,10.8,10.7,"3,30",10.75,60,10.8,20,10.9,10,0.10,0.9%,11.05,10,11.1,10,11.2,"3,40","16,10",10.95,10.8,N,N,"5,939,17"
2021-10-30 17:11:13.998265,AAM,11.55,10.05,10.8,10.7,"3,30",10.75,60,10.8,20,10.9,10,0.10,0.9%,11.05,10,11.1,10,11.2,"3,40","16,10",10.95,10.8,N,N,"5,939,17"
2021-10-30 17:11:14.790288,AAM,11.55,10.05,10.8,10.7,"3,30",10.75,60,10.8,20,10.9,10,0.10,0.9%,11.05,10,11.1,10,11.2,"3,40","16,10",10.95,10.8,N,N,"5,939,17"
2021-10-30 17:11:15.634322,AAM,11.55,10.05,10.8,10.7,"3,30",10.75,60,10.8,20,10.9,10,0.10,0.9%,11.05,10,11.1,10,11.2,"3,40","16,10",10.95,10.8,N,N,"5,939,17"
2021-10-30 17:11:16.461890,AAM,11.55,10.05,10.8,10.7,"3,30",10.75,60,10.8,20,10.9,10,0.10,0.9%,11.05,10,11.1,10,11.2,"3,40","16,10",10.95,10.8,N,N,"5,939,17"
2021-10-30 17:11:17.250879,AAM,11.55,10.05,10.8,10.7,"3,30",10.75,60,10.8,20,10.9,10,0.10,0.9%,11.05,10,11.1,10,11.2,"3,40","16,10",10.95,10.8,N,N,"5,939,17"
2021-10-30 17:11:18.519946,AAM,11.55,10.05,10.8,10.7,"3,30",10.75,60,10.8,20,10.9,10,0.10,0.9%,11.05,10,11.1,10,11.2,"3,40","16,10",10.95,10.8,N,N,"5,939,17"
2021-10-30 17:11:19.442928,AAM,11.55,10.05,10.8,10.7,"3,30",10.75,60,10.8,20,10.9,10,0.10,0.9%,11.05,10,11.1,10,11.2,"3,40","16,10",10.95,10.8,N,N,"5,939,17"
2021-10-30 17:11:20.738347,AAM,11.55,10.05,10.8,10.7,"3,30",10.75,60,10.8,20,10.9,10,0.10,0.9%,11.05,10,11.1,10,11.2,"3,40","16,10",10.95,10.8,N,N,"5,939,17"
2021-10-30 17:11:21.738327,AAM,11.55,10.05,10.8,10.7,"3,30",10.75,60,10.8,20,10.9,10,0.10,0.9%,11.05,10,11.1,10,11.2,"3,40","16,10",10.95,10.8,N,N,"5,939,17"
2021-10-30 17:11:22.716021,AAM,11.55,10.05,10.8,10.7,"3,30",10.75,60,10.8,20,10.9,10,0.10,0.9%,11.05,10,11.1,10,11.2,"3,40","16,10",10.95,10.8,N,N,"5,939,17"
2021-10-30 17:11:24.186327,AAM,11.55,10.05,10.8,10.7,"3,30",10.75,60,10.8,20,10.9,10,0.10,0.9%,11.05,10,11.1,10,11.2,"3,40","16,10",10.95,10.8,N,N,"5,939,17"
2021-10-30 17:11:24.949295,AAM,11.55,10.05,10.8,10.7,"3,30",10.75,60,10.8,20,10.9,10,0.10,0.9%,11.05,10,11.1,10,11.2,"3,40","16,10",10.95,10.8,N,N,"5,939,17"
2021-10-30 17:11:25.882760,AAM,11.55,10.05,10.8,10.7,"3,30",10.75,60,10.8,20,10.9,10,0.10,0.9%,11.05,10,11.1,10,11.2,"3,40","16,10",10.95,10.8,N,N,"5,939,17"
2021-10-30 17:11:26.687432,AAM,11.55,10.05,10.8,10.7,"3,30",10.75,60,10.8,20,10.9,10,0.10,0.9%,11.05,10,11.1,10,11.2,"3,40","16,10",10.95,10.8,N,N,"5,939,17"
2021-10-30 17:11:27.530509,AAM,11.55,10.05,10.8,10.7,"3,30",10.75,60,10.8,20,10.9,10,0.10,0.9%,11.05,10,11.1,10,11.2,"3,40","16,10",10.95,10.8,N,N,"5,939,17"
2021-10-30 17:11:28.289583,AAM,11.55,10.05,10.8,10.7,"3,30",10.75,60,10.8,20,10.9,10,0.10,0.9%,11.05,10,11.1,10,11.2,"3,40","16,10",10.95,10.8,N,N,"5,939,17"
2021-10-30 17:11:29.404199,AAM,11.55,10.05,10.8,10.7,"3,30",10.75,60,10.8,20,10.9,10,0.10,0.9%,11.05,10,11.1,10,11.2,"3,40","16,10",10.95,10.8,N,N,"5,939,17"
2021-10-30 17:11:30.235914,AAM,11.55,10.05,10.8,10.7,"3,30",10.75,60,10.8,20,10.9,10,0.10,0.9%,11.05,10,11.1,10,11.2,"3,40","16,10",10.95,10.8,N,N,"5,939,17"
2021-10-30 17:11:30.985923,AAM,11.55,10.05,10.8,10.7,"3,30",10.75,60,10.8,20,10.9,10,0.10,0.9%,11.05,10,11.1,10,11.2,"3,40","16,10",10.95,10.8,N,N,"5,939,17"
2021-10-30 17:11:31.826275,AAM,11.55,10.05,10.8,10.7,"3,30",10.75,60,10.8,20,10.9,10,0.10,0.9%,11.05,10,11.1,10,11.2,"3,40","16,10",10.95,10.8,N,N,"5,939,17"
2021-10-30 17:11:32.769177,AAM,11.55,10.05,10.8,10.7,"3,30",10.75,60,10.8,20,10.9,10,0.10,0.9%,11.05,10,11.1,10,11.2,"3,40","16,10",10.95,10.8,N,N,"5,939,17"
2021-10-30 17:11:33.884355,AAM,11.55,10.05,10.8,10.7,"3,30",10.75,60,10.8,20,10.9,10,0.10,0.9%,11.05,10,11.1,10,11.2,"3,40","16,10",10.95,10.8,N,N,"5,939,17"
2021-10-30 17:11:35.419793,AAM,11.55,10.05,10.8,10.7,"3,30",10.75,60,10.8,20,10.9,10,0.10,0.9%,11.05,10,11.1,10,11.2,"3,40","16,10",10.95,10.8,N,N,"5,939,17"
2021-10-30 17:11:36.414407,AAM,11.55,10.05,10.8,10.7,"3,30",10.75,60,10.8,20,10.9,10,0.10,0.9%,11.05,10,11.1,10,11.2,"3,40","16,10",10.95,10.8,N,N,"5,939,17"
2021-10-30 17:11:37.489915,AAM,11.55,10.05,10.8,10.7,"3,30",10.75,60,10.8,20,10.9,10,0.10,0.9%,11.05,10,11.1,10,11.2,"3,40","16,10",10.95,10.8,N,N,"5,939,17"
2021-10-30 17:11:38.344069,AAM,11.55,10.05,10.8,10.7,"3,30",10.75,60,10.8,20,10.9,10,0.10,0.9%,11.05,10,11.1,10,11.2,"3,40","16,10",10.95,10.8,N,N,"5,939,17"
2021-10-30 17:11:39.219805,AAM,11.55,10.05,10.8,10.7,"3,30",10.75,60,10.8,20,10.9,10,0.10,0.9%,11.05,10,11.1,10,11.2,"3,40","16,10",10.95,10.8,N,N,"5,939,17"
2021-10-30 17:11:40.184347,AAM,11.55,10.05,10.8,10.7,"3,30",10.75,60,10.8,20,10.9,10,0.10,0.9%,11.05,10,11.1,10,11.2,"3,40","16,10",10.95,10.8,N,N,"5,939,17"
2021-10-30 17:11:42.049835,AAM,11.55,10.05,10.8,10.7,"3,30",10.75,60,10.8,20,10.9,10,0.10,0.9%,11.05,10,11.1,10,11.2,"3,40","16,10",10.95,10.8,N,N,"5,939,17"
2021-10-30 17:11:42.895965,AAM,11.55,10.05,10.8,10.7,"3,30",10.75,60,10.8,20,10.9,10,0.10,0.9%,11.05,10,11.1,10,11.2,"3,40","16,10",10.95,10.8,N,N,"5,939,17"
2021-10-30 17:11:43.845137,AAM,11.55,10.05,10.8,10.7,"3,30",10.75,60,10.8,20,10.9,10,0.10,0.9%,11.05,10,11.1,10,11.2,"3,40","16,10",10.95,10.8,N,N,"5,939,17"
2021-10-30 17:11:44.718496,AAM,11.55,10.05,10.8,10.7,"3,30",10.75,60,10.8,20,10.9,10,0.10,0.9%,11.05,10,11.1,10,11.2,"3,40","16,10",10.95,10.8,N,N,"5,939,17"
2021-10-30 17:11:45.707867,AAM,11.55,10.05,10.8,10.7,"3,30",10.75,60,10.8,20,10.9,10,0.10,0.9%,11.05,10,11.1,10,11.2,"3,40","16,10",10.95,10.8,N,N,"5,939,17"
2021-10-30 17:11:47.095404,AAM,11.55,10.05,10.8,10.7,"3,30",10.75,60,10.8,20,10.9,10,0.10,0.9%,11.05,10,11.1,10,11.2,"3,40","16,10",10.95,10.8,N,N,"5,939,17"
2021-10-30 17:11:48.010594,AAM,11.55,10.05,10.8,10.7,"3,30",10.75,60,10.8,20,10.9,10,0.10,0.9%,11.05,10,11.1,10,11.2,"3,40","16,10",10.95,10.8,N,N,"5,939,17"
2021-10-30 17:11:49.184814,AAM,11.55,10.05,10.8,10.7,"3,30",10.75,60,10.8,20,10.9,10,0.10,0.9%,11.05,10,11.1,10,11.2,"3,40","16,10",10.95,10.8,N,N,"5,939,17"
2021-10-30 17:11:50.119726,AAM,11.55,10.05,10.8,10.7,"3,30",10.75,60,10.8,20,10.9,10,0.10,0.9%,11.05,10,11.1,10,11.2,"3,40","16,10",10.95,10.8,N,N,"5,939,17"
2021-10-30 17:11:50.943563,AAM,11.55,10.05,10.8,10.7,"3,30",10.75,60,10.8,20,10.9,10,0.10,0.9%,11.05,10,11.1,10,11.2,"3,40","16,10",10.95,10.8,N,N,"5,939,17"
2021-10-30 17:11:52.013846,AAM,11.55,10.05,10.8,10.7,"3,30",10.75,60,10.8,20,10.9,10,0.10,0.9%,11.05,10,11.1,10,11.2,"3,40","16,10",10.95,10.8,N,N,"5,939,17"
2021-10-30 17:11:53.811005,AAM,11.55,10.05,10.8,10.7,"3,30",10.75,60,10.8,20,10.9,10,0.10,0.9%,11.05,10,11.1,10,11.2,"3,40","16,10",10.95,10.8,N,N,"5,939,17"
2021-10-30 17:11:55.211165,AAM,11.55,10.05,10.8,10.7,"3,30",10.75,60,10.8,20,10.9,10,0.10,0.9%,11.05,10,11.1,10,11.2,"3,40","16,10",10.95,10.8,N,N,"5,939,17"
2021-10-30 17:11:56.740314,AAM,11.55,10.05,10.8,10.7,"3,30",10.75,60,10.8,20,10.9,10,0.10,0.9%,11.05,10,11.1,10,11.2,"3,40","16,10",10.95,10.8,N,N,"5,939,17"
2021-10-30 17:11:58.109215,AAM,11.55,10.05,10.8,10.7,"3,30",10.75,60,10.8,20,10.9,10,0.10,0.9%,11.05,10,11.1,10,11.2,"3,40","16,10",10.95,10.8,N,N,"5,939,17"
2021-10-30 17:12:00.138529,AAM,11.55,10.05,10.8,10.7,"3,30",10.75,60,10.8,20,10.9,10,0.10,0.9%,11.05,10,11.1,10,11.2,"3,40","16,10",10.95,10.8,N,N,"5,939,17"
2021-10-30 17:12:01.460327,AAM,11.55,10.05,10.8,10.7,"3,30",10.75,60,10.8,20,10.9,10,0.10,0.9%,11.05,10,11.1,10,11.2,"3,40","16,10",10.95,10.8,N,N,"5,939,17"
