2021-10-30 17:04:01.405151,AAT,21.65,18.85,20.25,20.1,"11,00",20.2,"15,50",20.25,"43,30",20.3,"37,70",0.05,0.2%,20.3,"5,80",20.35,"7,20",20.4,"13,40","542,30",20.3,19.95,N,N,"17,360,60"
2021-10-30 17:04:02.203191,AAT,21.65,18.85,20.25,20.1,"11,00",20.2,"15,50",20.25,"43,30",20.3,"37,70",0.05,0.2%,20.3,"5,80",20.35,"7,20",20.4,"13,40","542,30",20.3,19.95,N,N,"17,360,60"
2021-10-30 17:04:03.037245,AAT,21.65,18.85,20.25,20.1,"11,00",20.2,"15,50",20.25,"43,30",20.3,"37,70",0.05,0.2%,20.3,"5,80",20.35,"7,20",20.4,"13,40","542,30",20.3,19.95,N,N,"17,360,60"
2021-10-30 17:04:03.819209,AAT,21.65,18.85,20.25,20.1,"11,00",20.2,"15,50",20.25,"43,30",20.3,"37,70",0.05,0.2%,20.3,"5,80",20.35,"7,20",20.4,"13,40","542,30",20.3,19.95,N,N,"17,360,60"
2021-10-30 17:04:04.605266,AAT,21.65,18.85,20.25,20.1,"11,00",20.2,"15,50",20.25,"43,30",20.3,"37,70",0.05,0.2%,20.3,"5,80",20.35,"7,20",20.4,"13,40","542,30",20.3,19.95,N,N,"17,360,60"
2021-10-30 17:04:05.359225,AAT,21.65,18.85,20.25,20.1,"11,00",20.2,"15,50",20.25,"43,30",20.3,"37,70",0.05,0.2%,20.3,"5,80",20.35,"7,20",20.4,"13,40","542,30",20.3,19.95,N,N,"17,360,60"
2021-10-30 17:04:06.113313,AAT,21.65,18.85,20.25,20.1,"11,00",20.2,"15,50",20.25,"43,30",20.3,"37,70",0.05,0.2%,20.3,"5,80",20.35,"7,20",20.4,"13,40","542,30",20.3,19.95,N,N,"17,360,60"
2021-10-30 17:04:06.893874,AAT,21.65,18.85,20.25,20.1,"11,00",20.2,"15,50",20.25,"43,30",20.3,"37,70",0.05,0.2%,20.3,"5,80",20.35,"7,20",20.4,"13,40","542,30",20.3,19.95,N,N,"17,360,60"
2021-10-30 17:04:07.646380,AAT,21.65,18.85,20.25,20.1,"11,00",20.2,"15,50",20.25,"43,30",20.3,"37,70",0.05,0.2%,20.3,"5,80",20.35,"7,20",20.4,"13,40","542,30",20.3,19.95,N,N,"17,360,60"
2021-10-30 17:04:08.426693,AAT,21.65,18.85,20.25,20.1,"11,00",20.2,"15,50",20.25,"43,30",20.3,"37,70",0.05,0.2%,20.3,"5,80",20.35,"7,20",20.4,"13,40","542,30",20.3,19.95,N,N,"17,360,60"
2021-10-30 17:04:09.195394,AAT,21.65,18.85,20.25,20.1,"11,00",20.2,"15,50",20.25,"43,30",20.3,"37,70",0.05,0.2%,20.3,"5,80",20.35,"7,20",20.4,"13,40","542,30",20.3,19.95,N,N,"17,360,60"
2021-10-30 17:04:09.976725,AAT,21.65,18.85,20.25,20.1,"11,00",20.2,"15,50",20.25,"43,30",20.3,"37,70",0.05,0.2%,20.3,"5,80",20.35,"7,20",20.4,"13,40","542,30",20.3,19.95,N,N,"17,360,60"
2021-10-30 17:04:11.510465,AAT,21.65,18.85,20.25,20.1,"11,00",20.2,"15,50",20.25,"43,30",20.3,"37,70",0.05,0.2%,20.3,"5,80",20.35,"7,20",20.4,"13,40","542,30",20.3,19.95,N,N,"17,360,60"
2021-10-30 17:04:12.526803,AAT,21.65,18.85,20.25,20.1,"11,00",20.2,"15,50",20.25,"43,30",20.3,"37,70",0.05,0.2%,20.3,"5,80",20.35,"7,20",20.4,"13,40","542,30",20.3,19.95,N,N,"17,360,60"
2021-10-30 17:04:13.366467,AAT,21.65,18.85,20.25,20.1,"11,00",20.2,"15,50",20.25,"43,30",20.3,"37,70",0.05,0.2%,20.3,"5,80",20.35,"7,20",20.4,"13,40","542,30",20.3,19.95,N,N,"17,360,60"
2021-10-30 17:04:14.159521,AAT,21.65,18.85,20.25,20.1,"11,00",20.2,"15,50",20.25,"43,30",20.3,"37,70",0.05,0.2%,20.3,"5,80",20.35,"7,20",20.4,"13,40","542,30",20.3,19.95,N,N,"17,360,60"
2021-10-30 17:04:14.941973,AAT,21.65,18.85,20.25,20.1,"11,00",20.2,"15,50",20.25,"43,30",20.3,"37,70",0.05,0.2%,20.3,"5,80",20.35,"7,20",20.4,"13,40","542,30",20.3,19.95,N,N,"17,360,60"
2021-10-30 17:04:15.715554,AAT,21.65,18.85,20.25,20.1,"11,00",20.2,"15,50",20.25,"43,30",20.3,"37,70",0.05,0.2%,20.3,"5,80",20.35,"7,20",20.4,"13,40","542,30",20.3,19.95,N,N,"17,360,60"
2021-10-30 17:04:16.561010,AAT,21.65,18.85,20.25,20.1,"11,00",20.2,"15,50",20.25,"43,30",20.3,"37,70",0.05,0.2%,20.3,"5,80",20.35,"7,20",20.4,"13,40","542,30",20.3,19.95,N,N,"17,360,60"
2021-10-30 17:04:17.315191,AAT,21.65,18.85,20.25,20.1,"11,00",20.2,"15,50",20.25,"43,30",20.3,"37,70",0.05,0.2%,20.3,"5,80",20.35,"7,20",20.4,"13,40","542,30",20.3,19.95,N,N,"17,360,60"
2021-10-30 17:04:18.086045,AAT,21.65,18.85,20.25,20.1,"11,00",20.2,"15,50",20.25,"43,30",20.3,"37,70",0.05,0.2%,20.3,"5,80",20.35,"7,20",20.4,"13,40","542,30",20.3,19.95,N,N,"17,360,60"
2021-10-30 17:04:18.885062,AAT,21.65,18.85,20.25,20.1,"11,00",20.2,"15,50",20.25,"43,30",20.3,"37,70",0.05,0.2%,20.3,"5,80",20.35,"7,20",20.4,"13,40","542,30",20.3,19.95,N,N,"17,360,60"
2021-10-30 17:04:19.657636,AAT,21.65,18.85,20.25,20.1,"11,00",20.2,"15,50",20.25,"43,30",20.3,"37,70",0.05,0.2%,20.3,"5,80",20.35,"7,20",20.4,"13,40","542,30",20.3,19.95,N,N,"17,360,60"
2021-10-30 17:04:20.427010,AAT,21.65,18.85,20.25,20.1,"11,00",20.2,"15,50",20.25,"43,30",20.3,"37,70",0.05,0.2%,20.3,"5,80",20.35,"7,20",20.4,"13,40","542,30",20.3,19.95,N,N,"17,360,60"
2021-10-30 17:04:21.177033,AAT,21.65,18.85,20.25,20.1,"11,00",20.2,"15,50",20.25,"43,30",20.3,"37,70",0.05,0.2%,20.3,"5,80",20.35,"7,20",20.4,"13,40","542,30",20.3,19.95,N,N,"17,360,60"
2021-10-30 17:04:21.974319,AAT,21.65,18.85,20.25,20.1,"11,00",20.2,"15,50",20.25,"43,30",20.3,"37,70",0.05,0.2%,20.3,"5,80",20.35,"7,20",20.4,"13,40","542,30",20.3,19.95,N,N,"17,360,60"
2021-10-30 17:04:22.719755,AAT,21.65,18.85,20.25,20.1,"11,00",20.2,"15,50",20.25,"43,30",20.3,"37,70",0.05,0.2%,20.3,"5,80",20.35,"7,20",20.4,"13,40","542,30",20.3,19.95,N,N,"17,360,60"
2021-10-30 17:04:23.458620,AAT,21.65,18.85,20.25,20.1,"11,00",20.2,"15,50",20.25,"43,30",20.3,"37,70",0.05,0.2%,20.3,"5,80",20.35,"7,20",20.4,"13,40","542,30",20.3,19.95,N,N,"17,360,60"
2021-10-30 17:04:24.240197,AAT,21.65,18.85,20.25,20.1,"11,00",20.2,"15,50",20.25,"43,30",20.3,"37,70",0.05,0.2%,20.3,"5,80",20.35,"7,20",20.4,"13,40","542,30",20.3,19.95,N,N,"17,360,60"
2021-10-30 17:04:24.990229,AAT,21.65,18.85,20.25,20.1,"11,00",20.2,"15,50",20.25,"43,30",20.3,"37,70",0.05,0.2%,20.3,"5,80",20.35,"7,20",20.4,"13,40","542,30",20.3,19.95,N,N,"17,360,60"
2021-10-30 17:04:25.777166,AAT,21.65,18.85,20.25,20.1,"11,00",20.2,"15,50",20.25,"43,30",20.3,"37,70",0.05,0.2%,20.3,"5,80",20.35,"7,20",20.4,"13,40","542,30",20.3,19.95,N,N,"17,360,60"
2021-10-30 17:04:26.571838,AAT,21.65,18.85,20.25,20.1,"11,00",20.2,"15,50",20.25,"43,30",20.3,"37,70",0.05,0.2%,20.3,"5,80",20.35,"7,20",20.4,"13,40","542,30",20.3,19.95,N,N,"17,360,60"
2021-10-30 17:04:27.381837,AAT,21.65,18.85,20.25,20.1,"11,00",20.2,"15,50",20.25,"43,30",20.3,"37,70",0.05,0.2%,20.3,"5,80",20.35,"7,20",20.4,"13,40","542,30",20.3,19.95,N,N,"17,360,60"
2021-10-30 17:04:28.130894,AAT,21.65,18.85,20.25,20.1,"11,00",20.2,"15,50",20.25,"43,30",20.3,"37,70",0.05,0.2%,20.3,"5,80",20.35,"7,20",20.4,"13,40","542,30",20.3,19.95,N,N,"17,360,60"
2021-10-30 17:04:28.855898,AAT,21.65,18.85,20.25,20.1,"11,00",20.2,"15,50",20.25,"43,30",20.3,"37,70",0.05,0.2%,20.3,"5,80",20.35,"7,20",20.4,"13,40","542,30",20.3,19.95,N,N,"17,360,60"
2021-10-30 17:04:29.704610,AAT,21.65,18.85,20.25,20.1,"11,00",20.2,"15,50",20.25,"43,30",20.3,"37,70",0.05,0.2%,20.3,"5,80",20.35,"7,20",20.4,"13,40","542,30",20.3,19.95,N,N,"17,360,60"
2021-10-30 17:04:30.427252,AAT,21.65,18.85,20.25,20.1,"11,00",20.2,"15,50",20.25,"43,30",20.3,"37,70",0.05,0.2%,20.3,"5,80",20.35,"7,20",20.4,"13,40","542,30",20.3,19.95,N,N,"17,360,60"
2021-10-30 17:04:31.214990,AAT,21.65,18.85,20.25,20.1,"11,00",20.2,"15,50",20.25,"43,30",20.3,"37,70",0.05,0.2%,20.3,"5,80",20.35,"7,20",20.4,"13,40","542,30",20.3,19.95,N,N,"17,360,60"
2021-10-30 17:04:31.990980,AAT,21.65,18.85,20.25,20.1,"11,00",20.2,"15,50",20.25,"43,30",20.3,"37,70",0.05,0.2%,20.3,"5,80",20.35,"7,20",20.4,"13,40","542,30",20.3,19.95,N,N,"17,360,60"
2021-10-30 17:04:32.777342,AAT,21.65,18.85,20.25,20.1,"11,00",20.2,"15,50",20.25,"43,30",20.3,"37,70",0.05,0.2%,20.3,"5,80",20.35,"7,20",20.4,"13,40","542,30",20.3,19.95,N,N,"17,360,60"
2021-10-30 17:04:33.550033,AAT,21.65,18.85,20.25,20.1,"11,00",20.2,"15,50",20.25,"43,30",20.3,"37,70",0.05,0.2%,20.3,"5,80",20.35,"7,20",20.4,"13,40","542,30",20.3,19.95,N,N,"17,360,60"
2021-10-30 17:04:34.277388,AAT,21.65,18.85,20.25,20.1,"11,00",20.2,"15,50",20.25,"43,30",20.3,"37,70",0.05,0.2%,20.3,"5,80",20.35,"7,20",20.4,"13,40","542,30",20.3,19.95,N,N,"17,360,60"
2021-10-30 17:04:35.079052,AAT,21.65,18.85,20.25,20.1,"11,00",20.2,"15,50",20.25,"43,30",20.3,"37,70",0.05,0.2%,20.3,"5,80",20.35,"7,20",20.4,"13,40","542,30",20.3,19.95,N,N,"17,360,60"
2021-10-30 17:04:35.855097,AAT,21.65,18.85,20.25,20.1,"11,00",20.2,"15,50",20.25,"43,30",20.3,"37,70",0.05,0.2%,20.3,"5,80",20.35,"7,20",20.4,"13,40","542,30",20.3,19.95,N,N,"17,360,60"
2021-10-30 17:04:36.635522,AAT,21.65,18.85,20.25,20.1,"11,00",20.2,"15,50",20.25,"43,30",20.3,"37,70",0.05,0.2%,20.3,"5,80",20.35,"7,20",20.4,"13,40","542,30",20.3,19.95,N,N,"17,360,60"
2021-10-30 17:04:37.377471,AAT,21.65,18.85,20.25,20.1,"11,00",20.2,"15,50",20.25,"43,30",20.3,"37,70",0.05,0.2%,20.3,"5,80",20.35,"7,20",20.4,"13,40","542,30",20.3,19.95,N,N,"17,360,60"
2021-10-30 17:04:38.189157,AAT,21.65,18.85,20.25,20.1,"11,00",20.2,"15,50",20.25,"43,30",20.3,"37,70",0.05,0.2%,20.3,"5,80",20.35,"7,20",20.4,"13,40","542,30",20.3,19.95,N,N,"17,360,60"
2021-10-30 17:04:38.941761,AAT,21.65,18.85,20.25,20.1,"11,00",20.2,"15,50",20.25,"43,30",20.3,"37,70",0.05,0.2%,20.3,"5,80",20.35,"7,20",20.4,"13,40","542,30",20.3,19.95,N,N,"17,360,60"
2021-10-30 17:04:39.711199,AAT,21.65,18.85,20.25,20.1,"11,00",20.2,"15,50",20.25,"43,30",20.3,"37,70",0.05,0.2%,20.3,"5,80",20.35,"7,20",20.4,"13,40","542,30",20.3,19.95,N,N,"17,360,60"
2021-10-30 17:04:40.577550,AAT,21.65,18.85,20.25,20.1,"11,00",20.2,"15,50",20.25,"43,30",20.3,"37,70",0.05,0.2%,20.3,"5,80",20.35,"7,20",20.4,"13,40","542,30",20.3,19.95,N,N,"17,360,60"
2021-10-30 17:04:42.201257,AAT,21.65,18.85,20.25,20.1,"11,00",20.2,"15,50",20.25,"43,30",20.3,"37,70",0.05,0.2%,20.3,"5,80",20.35,"7,20",20.4,"13,40","542,30",20.3,19.95,N,N,"17,360,60"
2021-10-30 17:04:43.148283,AAT,21.65,18.85,20.25,20.1,"11,00",20.2,"15,50",20.25,"43,30",20.3,"37,70",0.05,0.2%,20.3,"5,80",20.35,"7,20",20.4,"13,40","542,30",20.3,19.95,N,N,"17,360,60"
2021-10-30 17:04:44.060330,AAT,21.65,18.85,20.25,20.1,"11,00",20.2,"15,50",20.25,"43,30",20.3,"37,70",0.05,0.2%,20.3,"5,80",20.35,"7,20",20.4,"13,40","542,30",20.3,19.95,N,N,"17,360,60"
2021-10-30 17:04:45.059083,AAT,21.65,18.85,20.25,20.1,"11,00",20.2,"15,50",20.25,"43,30",20.3,"37,70",0.05,0.2%,20.3,"5,80",20.35,"7,20",20.4,"13,40","542,30",20.3,19.95,N,N,"17,360,60"
2021-10-30 17:04:45.905762,AAT,21.65,18.85,20.25,20.1,"11,00",20.2,"15,50",20.25,"43,30",20.3,"37,70",0.05,0.2%,20.3,"5,80",20.35,"7,20",20.4,"13,40","542,30",20.3,19.95,N,N,"17,360,60"
2021-10-30 17:04:46.834059,AAT,21.65,18.85,20.25,20.1,"11,00",20.2,"15,50",20.25,"43,30",20.3,"37,70",0.05,0.2%,20.3,"5,80",20.35,"7,20",20.4,"13,40","542,30",20.3,19.95,N,N,"17,360,60"
2021-10-30 17:04:47.718422,AAT,21.65,18.85,20.25,20.1,"11,00",20.2,"15,50",20.25,"43,30",20.3,"37,70",0.05,0.2%,20.3,"5,80",20.35,"7,20",20.4,"13,40","542,30",20.3,19.95,N,N,"17,360,60"
2021-10-30 17:04:48.652464,AAT,21.65,18.85,20.25,20.1,"11,00",20.2,"15,50",20.25,"43,30",20.3,"37,70",0.05,0.2%,20.3,"5,80",20.35,"7,20",20.4,"13,40","542,30",20.3,19.95,N,N,"17,360,60"
2021-10-30 17:04:49.454068,AAT,21.65,18.85,20.25,20.1,"11,00",20.2,"15,50",20.25,"43,30",20.3,"37,70",0.05,0.2%,20.3,"5,80",20.35,"7,20",20.4,"13,40","542,30",20.3,19.95,N,N,"17,360,60"
2021-10-30 17:04:50.223864,AAT,21.65,18.85,20.25,20.1,"11,00",20.2,"15,50",20.25,"43,30",20.3,"37,70",0.05,0.2%,20.3,"5,80",20.35,"7,20",20.4,"13,40","542,30",20.3,19.95,N,N,"17,360,60"
2021-10-30 17:04:51.064909,AAT,21.65,18.85,20.25,20.1,"11,00",20.2,"15,50",20.25,"43,30",20.3,"37,70",0.05,0.2%,20.3,"5,80",20.35,"7,20",20.4,"13,40","542,30",20.3,19.95,N,N,"17,360,60"
2021-10-30 17:04:51.855516,AAT,21.65,18.85,20.25,20.1,"11,00",20.2,"15,50",20.25,"43,30",20.3,"37,70",0.05,0.2%,20.3,"5,80",20.35,"7,20",20.4,"13,40","542,30",20.3,19.95,N,N,"17,360,60"
2021-10-30 17:04:52.664578,AAT,21.65,18.85,20.25,20.1,"11,00",20.2,"15,50",20.25,"43,30",20.3,"37,70",0.05,0.2%,20.3,"5,80",20.35,"7,20",20.4,"13,40","542,30",20.3,19.95,N,N,"17,360,60"
2021-10-30 17:04:53.437547,AAT,21.65,18.85,20.25,20.1,"11,00",20.2,"15,50",20.25,"43,30",20.3,"37,70",0.05,0.2%,20.3,"5,80",20.35,"7,20",20.4,"13,40","542,30",20.3,19.95,N,N,"17,360,60"
2021-10-30 17:04:54.177919,AAT,21.65,18.85,20.25,20.1,"11,00",20.2,"15,50",20.25,"43,30",20.3,"37,70",0.05,0.2%,20.3,"5,80",20.35,"7,20",20.4,"13,40","542,30",20.3,19.95,N,N,"17,360,60"
2021-10-30 17:04:55.023020,AAT,21.65,18.85,20.25,20.1,"11,00",20.2,"15,50",20.25,"43,30",20.3,"37,70",0.05,0.2%,20.3,"5,80",20.35,"7,20",20.4,"13,40","542,30",20.3,19.95,N,N,"17,360,60"
2021-10-30 17:04:55.817288,AAT,21.65,18.85,20.25,20.1,"11,00",20.2,"15,50",20.25,"43,30",20.3,"37,70",0.05,0.2%,20.3,"5,80",20.35,"7,20",20.4,"13,40","542,30",20.3,19.95,N,N,"17,360,60"
2021-10-30 17:04:56.603692,AAT,21.65,18.85,20.25,20.1,"11,00",20.2,"15,50",20.25,"43,30",20.3,"37,70",0.05,0.2%,20.3,"5,80",20.35,"7,20",20.4,"13,40","542,30",20.3,19.95,N,N,"17,360,60"
2021-10-30 17:04:57.368617,AAT,21.65,18.85,20.25,20.1,"11,00",20.2,"15,50",20.25,"43,30",20.3,"37,70",0.05,0.2%,20.3,"5,80",20.35,"7,20",20.4,"13,40","542,30",20.3,19.95,N,N,"17,360,60"
2021-10-30 17:04:58.169743,AAT,21.65,18.85,20.25,20.1,"11,00",20.2,"15,50",20.25,"43,30",20.3,"37,70",0.05,0.2%,20.3,"5,80",20.35,"7,20",20.4,"13,40","542,30",20.3,19.95,N,N,"17,360,60"
2021-10-30 17:04:59.510210,AAT,21.65,18.85,20.25,20.1,"11,00",20.2,"15,50",20.25,"43,30",20.3,"37,70",0.05,0.2%,20.3,"5,80",20.35,"7,20",20.4,"13,40","542,30",20.3,19.95,N,N,"17,360,60"
2021-10-30 17:05:00.599726,AAT,21.65,18.85,20.25,20.1,"11,00",20.2,"15,50",20.25,"43,30",20.3,"37,70",0.05,0.2%,20.3,"5,80",20.35,"7,20",20.4,"13,40","542,30",20.3,19.95,N,N,"17,360,60"
2021-10-30 17:05:01.478241,AAT,21.65,18.85,20.25,20.1,"11,00",20.2,"15,50",20.25,"43,30",20.3,"37,70",0.05,0.2%,20.3,"5,80",20.35,"7,20",20.4,"13,40","542,30",20.3,19.95,N,N,"17,360,60"
2021-10-30 17:05:02.279604,AAT,21.65,18.85,20.25,20.1,"11,00",20.2,"15,50",20.25,"43,30",20.3,"37,70",0.05,0.2%,20.3,"5,80",20.35,"7,20",20.4,"13,40","542,30",20.3,19.95,N,N,"17,360,60"
2021-10-30 17:05:03.158844,AAT,21.65,18.85,20.25,20.1,"11,00",20.2,"15,50",20.25,"43,30",20.3,"37,70",0.05,0.2%,20.3,"5,80",20.35,"7,20",20.4,"13,40","542,30",20.3,19.95,N,N,"17,360,60"
2021-10-30 17:05:03.955864,AAT,21.65,18.85,20.25,20.1,"11,00",20.2,"15,50",20.25,"43,30",20.3,"37,70",0.05,0.2%,20.3,"5,80",20.35,"7,20",20.4,"13,40","542,30",20.3,19.95,N,N,"17,360,60"
2021-10-30 17:05:04.753867,AAT,21.65,18.85,20.25,20.1,"11,00",20.2,"15,50",20.25,"43,30",20.3,"37,70",0.05,0.2%,20.3,"5,80",20.35,"7,20",20.4,"13,40","542,30",20.3,19.95,N,N,"17,360,60"
2021-10-30 17:05:05.964588,AAT,21.65,18.85,20.25,20.1,"11,00",20.2,"15,50",20.25,"43,30",20.3,"37,70",0.05,0.2%,20.3,"5,80",20.35,"7,20",20.4,"13,40","542,30",20.3,19.95,N,N,"17,360,60"
2021-10-30 17:05:06.980929,AAT,21.65,18.85,20.25,20.1,"11,00",20.2,"15,50",20.25,"43,30",20.3,"37,70",0.05,0.2%,20.3,"5,80",20.35,"7,20",20.4,"13,40","542,30",20.3,19.95,N,N,"17,360,60"
2021-10-30 17:05:08.107087,AAT,21.65,18.85,20.25,20.1,"11,00",20.2,"15,50",20.25,"43,30",20.3,"37,70",0.05,0.2%,20.3,"5,80",20.35,"7,20",20.4,"13,40","542,30",20.3,19.95,N,N,"17,360,60"
2021-10-30 17:05:08.915981,AAT,21.65,18.85,20.25,20.1,"11,00",20.2,"15,50",20.25,"43,30",20.3,"37,70",0.05,0.2%,20.3,"5,80",20.35,"7,20",20.4,"13,40","542,30",20.3,19.95,N,N,"17,360,60"
2021-10-30 17:05:09.724000,AAT,21.65,18.85,20.25,20.1,"11,00",20.2,"15,50",20.25,"43,30",20.3,"37,70",0.05,0.2%,20.3,"5,80",20.35,"7,20",20.4,"13,40","542,30",20.3,19.95,N,N,"17,360,60"
2021-10-30 17:05:10.490020,AAT,21.65,18.85,20.25,20.1,"11,00",20.2,"15,50",20.25,"43,30",20.3,"37,70",0.05,0.2%,20.3,"5,80",20.35,"7,20",20.4,"13,40","542,30",20.3,19.95,N,N,"17,360,60"
2021-10-30 17:05:12.256087,AAT,21.65,18.85,20.25,20.1,"11,00",20.2,"15,50",20.25,"43,30",20.3,"37,70",0.05,0.2%,20.3,"5,80",20.35,"7,20",20.4,"13,40","542,30",20.3,19.95,N,N,"17,360,60"
2021-10-30 17:05:13.063610,AAT,21.65,18.85,20.25,20.1,"11,00",20.2,"15,50",20.25,"43,30",20.3,"37,70",0.05,0.2%,20.3,"5,80",20.35,"7,20",20.4,"13,40","542,30",20.3,19.95,N,N,"17,360,60"
2021-10-30 17:05:14.078439,AAT,21.65,18.85,20.25,20.1,"11,00",20.2,"15,50",20.25,"43,30",20.3,"37,70",0.05,0.2%,20.3,"5,80",20.35,"7,20",20.4,"13,40","542,30",20.3,19.95,N,N,"17,360,60"
2021-10-30 17:05:15.124712,AAT,21.65,18.85,20.25,20.1,"11,00",20.2,"15,50",20.25,"43,30",20.3,"37,70",0.05,0.2%,20.3,"5,80",20.35,"7,20",20.4,"13,40","542,30",20.3,19.95,N,N,"17,360,60"
2021-10-30 17:05:15.904203,AAT,21.65,18.85,20.25,20.1,"11,00",20.2,"15,50",20.25,"43,30",20.3,"37,70",0.05,0.2%,20.3,"5,80",20.35,"7,20",20.4,"13,40","542,30",20.3,19.95,N,N,"17,360,60"
2021-10-30 17:05:16.711586,AAT,21.65,18.85,20.25,20.1,"11,00",20.2,"15,50",20.25,"43,30",20.3,"37,70",0.05,0.2%,20.3,"5,80",20.35,"7,20",20.4,"13,40","542,30",20.3,19.95,N,N,"17,360,60"
2021-10-30 17:05:17.759194,AAT,21.65,18.85,20.25,20.1,"11,00",20.2,"15,50",20.25,"43,30",20.3,"37,70",0.05,0.2%,20.3,"5,80",20.35,"7,20",20.4,"13,40","542,30",20.3,19.95,N,N,"17,360,60"
2021-10-30 17:05:18.612304,AAT,21.65,18.85,20.25,20.1,"11,00",20.2,"15,50",20.25,"43,30",20.3,"37,70",0.05,0.2%,20.3,"5,80",20.35,"7,20",20.4,"13,40","542,30",20.3,19.95,N,N,"17,360,60"
2021-10-30 17:05:19.396892,AAT,21.65,18.85,20.25,20.1,"11,00",20.2,"15,50",20.25,"43,30",20.3,"37,70",0.05,0.2%,20.3,"5,80",20.35,"7,20",20.4,"13,40","542,30",20.3,19.95,N,N,"17,360,60"
2021-10-30 17:05:20.178608,AAT,21.65,18.85,20.25,20.1,"11,00",20.2,"15,50",20.25,"43,30",20.3,"37,70",0.05,0.2%,20.3,"5,80",20.35,"7,20",20.4,"13,40","542,30",20.3,19.95,N,N,"17,360,60"
2021-10-30 17:05:20.976750,AAT,21.65,18.85,20.25,20.1,"11,00",20.2,"15,50",20.25,"43,30",20.3,"37,70",0.05,0.2%,20.3,"5,80",20.35,"7,20",20.4,"13,40","542,30",20.3,19.95,N,N,"17,360,60"
2021-10-30 17:05:21.775332,AAT,21.65,18.85,20.25,20.1,"11,00",20.2,"15,50",20.25,"43,30",20.3,"37,70",0.05,0.2%,20.3,"5,80",20.35,"7,20",20.4,"13,40","542,30",20.3,19.95,N,N,"17,360,60"
2021-10-30 17:05:23.008349,AAT,21.65,18.85,20.25,20.1,"11,00",20.2,"15,50",20.25,"43,30",20.3,"37,70",0.05,0.2%,20.3,"5,80",20.35,"7,20",20.4,"13,40","542,30",20.3,19.95,N,N,"17,360,60"
2021-10-30 17:05:24.190075,AAT,21.65,18.85,20.25,20.1,"11,00",20.2,"15,50",20.25,"43,30",20.3,"37,70",0.05,0.2%,20.3,"5,80",20.35,"7,20",20.4,"13,40","542,30",20.3,19.95,N,N,"17,360,60"
2021-10-30 17:05:25.128404,AAT,21.65,18.85,20.25,20.1,"11,00",20.2,"15,50",20.25,"43,30",20.3,"37,70",0.05,0.2%,20.3,"5,80",20.35,"7,20",20.4,"13,40","542,30",20.3,19.95,N,N,"17,360,60"
2021-10-30 17:05:25.931856,AAT,21.65,18.85,20.25,20.1,"11,00",20.2,"15,50",20.25,"43,30",20.3,"37,70",0.05,0.2%,20.3,"5,80",20.35,"7,20",20.4,"13,40","542,30",20.3,19.95,N,N,"17,360,60"
2021-10-30 17:05:26.678784,AAT,21.65,18.85,20.25,20.1,"11,00",20.2,"15,50",20.25,"43,30",20.3,"37,70",0.05,0.2%,20.3,"5,80",20.35,"7,20",20.4,"13,40","542,30",20.3,19.95,N,N,"17,360,60"
2021-10-30 17:05:27.561064,AAT,21.65,18.85,20.25,20.1,"11,00",20.2,"15,50",20.25,"43,30",20.3,"37,70",0.05,0.2%,20.3,"5,80",20.35,"7,20",20.4,"13,40","542,30",20.3,19.95,N,N,"17,360,60"
2021-10-30 17:05:28.321140,AAT,21.65,18.85,20.25,20.1,"11,00",20.2,"15,50",20.25,"43,30",20.3,"37,70",0.05,0.2%,20.3,"5,80",20.35,"7,20",20.4,"13,40","542,30",20.3,19.95,N,N,"17,360,60"
2021-10-30 17:05:29.128847,AAT,21.65,18.85,20.25,20.1,"11,00",20.2,"15,50",20.25,"43,30",20.3,"37,70",0.05,0.2%,20.3,"5,80",20.35,"7,20",20.4,"13,40","542,30",20.3,19.95,N,N,"17,360,60"
2021-10-30 17:05:29.922573,AAT,21.65,18.85,20.25,20.1,"11,00",20.2,"15,50",20.25,"43,30",20.3,"37,70",0.05,0.2%,20.3,"5,80",20.35,"7,20",20.4,"13,40","542,30",20.3,19.95,N,N,"17,360,60"
2021-10-30 17:05:30.728920,AAT,21.65,18.85,20.25,20.1,"11,00",20.2,"15,50",20.25,"43,30",20.3,"37,70",0.05,0.2%,20.3,"5,80",20.35,"7,20",20.4,"13,40","542,30",20.3,19.95,N,N,"17,360,60"
2021-10-30 17:05:31.778920,AAT,21.65,18.85,20.25,20.1,"11,00",20.2,"15,50",20.25,"43,30",20.3,"37,70",0.05,0.2%,20.3,"5,80",20.35,"7,20",20.4,"13,40","542,30",20.3,19.95,N,N,"17,360,60"
2021-10-30 17:05:32.840647,AAT,21.65,18.85,20.25,20.1,"11,00",20.2,"15,50",20.25,"43,30",20.3,"37,70",0.05,0.2%,20.3,"5,80",20.35,"7,20",20.4,"13,40","542,30",20.3,19.95,N,N,"17,360,60"
2021-10-30 17:05:33.749650,AAT,21.65,18.85,20.25,20.1,"11,00",20.2,"15,50",20.25,"43,30",20.3,"37,70",0.05,0.2%,20.3,"5,80",20.35,"7,20",20.4,"13,40","542,30",20.3,19.95,N,N,"17,360,60"
2021-10-30 17:05:34.519518,AAT,21.65,18.85,20.25,20.1,"11,00",20.2,"15,50",20.25,"43,30",20.3,"37,70",0.05,0.2%,20.3,"5,80",20.35,"7,20",20.4,"13,40","542,30",20.3,19.95,N,N,"17,360,60"
2021-10-30 17:05:35.456709,AAT,21.65,18.85,20.25,20.1,"11,00",20.2,"15,50",20.25,"43,30",20.3,"37,70",0.05,0.2%,20.3,"5,80",20.35,"7,20",20.4,"13,40","542,30",20.3,19.95,N,N,"17,360,60"
2021-10-30 17:05:36.232164,AAT,21.65,18.85,20.25,20.1,"11,00",20.2,"15,50",20.25,"43,30",20.3,"37,70",0.05,0.2%,20.3,"5,80",20.35,"7,20",20.4,"13,40","542,30",20.3,19.95,N,N,"17,360,60"
2021-10-30 17:05:37.051447,AAT,21.65,18.85,20.25,20.1,"11,00",20.2,"15,50",20.25,"43,30",20.3,"37,70",0.05,0.2%,20.3,"5,80",20.35,"7,20",20.4,"13,40","542,30",20.3,19.95,N,N,"17,360,60"
2021-10-30 17:05:37.880432,AAT,21.65,18.85,20.25,20.1,"11,00",20.2,"15,50",20.25,"43,30",20.3,"37,70",0.05,0.2%,20.3,"5,80",20.35,"7,20",20.4,"13,40","542,30",20.3,19.95,N,N,"17,360,60"
2021-10-30 17:05:38.637800,AAT,21.65,18.85,20.25,20.1,"11,00",20.2,"15,50",20.25,"43,30",20.3,"37,70",0.05,0.2%,20.3,"5,80",20.35,"7,20",20.4,"13,40","542,30",20.3,19.95,N,N,"17,360,60"
2021-10-30 17:05:39.429133,AAT,21.65,18.85,20.25,20.1,"11,00",20.2,"15,50",20.25,"43,30",20.3,"37,70",0.05,0.2%,20.3,"5,80",20.35,"7,20",20.4,"13,40","542,30",20.3,19.95,N,N,"17,360,60"
2021-10-30 17:05:40.879390,AAT,21.65,18.85,20.25,20.1,"11,00",20.2,"15,50",20.25,"43,30",20.3,"37,70",0.05,0.2%,20.3,"5,80",20.35,"7,20",20.4,"13,40","542,30",20.3,19.95,N,N,"17,360,60"
2021-10-30 17:05:42.065862,AAT,21.65,18.85,20.25,20.1,"11,00",20.2,"15,50",20.25,"43,30",20.3,"37,70",0.05,0.2%,20.3,"5,80",20.35,"7,20",20.4,"13,40","542,30",20.3,19.95,N,N,"17,360,60"
2021-10-30 17:05:42.923846,AAT,21.65,18.85,20.25,20.1,"11,00",20.2,"15,50",20.25,"43,30",20.3,"37,70",0.05,0.2%,20.3,"5,80",20.35,"7,20",20.4,"13,40","542,30",20.3,19.95,N,N,"17,360,60"
2021-10-30 17:05:43.803445,AAT,21.65,18.85,20.25,20.1,"11,00",20.2,"15,50",20.25,"43,30",20.3,"37,70",0.05,0.2%,20.3,"5,80",20.35,"7,20",20.4,"13,40","542,30",20.3,19.95,N,N,"17,360,60"
2021-10-30 17:05:44.587945,AAT,21.65,18.85,20.25,20.1,"11,00",20.2,"15,50",20.25,"43,30",20.3,"37,70",0.05,0.2%,20.3,"5,80",20.35,"7,20",20.4,"13,40","542,30",20.3,19.95,N,N,"17,360,60"
2021-10-30 17:05:45.407949,AAT,21.65,18.85,20.25,20.1,"11,00",20.2,"15,50",20.25,"43,30",20.3,"37,70",0.05,0.2%,20.3,"5,80",20.35,"7,20",20.4,"13,40","542,30",20.3,19.95,N,N,"17,360,60"
2021-10-30 17:05:46.224658,AAT,21.65,18.85,20.25,20.1,"11,00",20.2,"15,50",20.25,"43,30",20.3,"37,70",0.05,0.2%,20.3,"5,80",20.35,"7,20",20.4,"13,40","542,30",20.3,19.95,N,N,"17,360,60"
2021-10-30 17:05:47.057619,AAT,21.65,18.85,20.25,20.1,"11,00",20.2,"15,50",20.25,"43,30",20.3,"37,70",0.05,0.2%,20.3,"5,80",20.35,"7,20",20.4,"13,40","542,30",20.3,19.95,N,N,"17,360,60"
2021-10-30 17:05:47.892451,AAT,21.65,18.85,20.25,20.1,"11,00",20.2,"15,50",20.25,"43,30",20.3,"37,70",0.05,0.2%,20.3,"5,80",20.35,"7,20",20.4,"13,40","542,30",20.3,19.95,N,N,"17,360,60"
2021-10-30 17:05:48.716028,AAT,21.65,18.85,20.25,20.1,"11,00",20.2,"15,50",20.25,"43,30",20.3,"37,70",0.05,0.2%,20.3,"5,80",20.35,"7,20",20.4,"13,40","542,30",20.3,19.95,N,N,"17,360,60"
2021-10-30 17:05:49.620077,AAT,21.65,18.85,20.25,20.1,"11,00",20.2,"15,50",20.25,"43,30",20.3,"37,70",0.05,0.2%,20.3,"5,80",20.35,"7,20",20.4,"13,40","542,30",20.3,19.95,N,N,"17,360,60"
2021-10-30 17:05:50.659117,AAT,21.65,18.85,20.25,20.1,"11,00",20.2,"15,50",20.25,"43,30",20.3,"37,70",0.05,0.2%,20.3,"5,80",20.35,"7,20",20.4,"13,40","542,30",20.3,19.95,N,N,"17,360,60"
2021-10-30 17:05:51.875118,AAT,21.65,18.85,20.25,20.1,"11,00",20.2,"15,50",20.25,"43,30",20.3,"37,70",0.05,0.2%,20.3,"5,80",20.35,"7,20",20.4,"13,40","542,30",20.3,19.95,N,N,"17,360,60"
2021-10-30 17:05:52.904159,AAT,21.65,18.85,20.25,20.1,"11,00",20.2,"15,50",20.25,"43,30",20.3,"37,70",0.05,0.2%,20.3,"5,80",20.35,"7,20",20.4,"13,40","542,30",20.3,19.95,N,N,"17,360,60"
2021-10-30 17:05:53.827171,AAT,21.65,18.85,20.25,20.1,"11,00",20.2,"15,50",20.25,"43,30",20.3,"37,70",0.05,0.2%,20.3,"5,80",20.35,"7,20",20.4,"13,40","542,30",20.3,19.95,N,N,"17,360,60"
2021-10-30 17:05:54.729571,AAT,21.65,18.85,20.25,20.1,"11,00",20.2,"15,50",20.25,"43,30",20.3,"37,70",0.05,0.2%,20.3,"5,80",20.35,"7,20",20.4,"13,40","542,30",20.3,19.95,N,N,"17,360,60"
2021-10-30 17:05:55.529596,AAT,21.65,18.85,20.25,20.1,"11,00",20.2,"15,50",20.25,"43,30",20.3,"37,70",0.05,0.2%,20.3,"5,80",20.35,"7,20",20.4,"13,40","542,30",20.3,19.95,N,N,"17,360,60"
2021-10-30 17:05:56.327245,AAT,21.65,18.85,20.25,20.1,"11,00",20.2,"15,50",20.25,"43,30",20.3,"37,70",0.05,0.2%,20.3,"5,80",20.35,"7,20",20.4,"13,40","542,30",20.3,19.95,N,N,"17,360,60"
2021-10-30 17:05:57.266826,AAT,21.65,18.85,20.25,20.1,"11,00",20.2,"15,50",20.25,"43,30",20.3,"37,70",0.05,0.2%,20.3,"5,80",20.35,"7,20",20.4,"13,40","542,30",20.3,19.95,N,N,"17,360,60"
2021-10-30 17:05:58.063330,AAT,21.65,18.85,20.25,20.1,"11,00",20.2,"15,50",20.25,"43,30",20.3,"37,70",0.05,0.2%,20.3,"5,80",20.35,"7,20",20.4,"13,40","542,30",20.3,19.95,N,N,"17,360,60"
2021-10-30 17:05:58.873300,AAT,21.65,18.85,20.25,20.1,"11,00",20.2,"15,50",20.25,"43,30",20.3,"37,70",0.05,0.2%,20.3,"5,80",20.35,"7,20",20.4,"13,40","542,30",20.3,19.95,N,N,"17,360,60"
2021-10-30 17:05:59.726318,AAT,21.65,18.85,20.25,20.1,"11,00",20.2,"15,50",20.25,"43,30",20.3,"37,70",0.05,0.2%,20.3,"5,80",20.35,"7,20",20.4,"13,40","542,30",20.3,19.95,N,N,"17,360,60"
2021-10-30 17:06:00.617376,AAT,21.65,18.85,20.25,20.1,"11,00",20.2,"15,50",20.25,"43,30",20.3,"37,70",0.05,0.2%,20.3,"5,80",20.35,"7,20",20.4,"13,40","542,30",20.3,19.95,N,N,"17,360,60"
2021-10-30 17:06:01.442797,AAT,21.65,18.85,20.25,20.1,"11,00",20.2,"15,50",20.25,"43,30",20.3,"37,70",0.05,0.2%,20.3,"5,80",20.35,"7,20",20.4,"13,40","542,30",20.3,19.95,N,N,"17,360,60"
2021-10-30 17:06:02.296507,AAT,21.65,18.85,20.25,20.1,"11,00",20.2,"15,50",20.25,"43,30",20.3,"37,70",0.05,0.2%,20.3,"5,80",20.35,"7,20",20.4,"13,40","542,30",20.3,19.95,N,N,"17,360,60"
2021-10-30 17:06:03.078842,AAT,21.65,18.85,20.25,20.1,"11,00",20.2,"15,50",20.25,"43,30",20.3,"37,70",0.05,0.2%,20.3,"5,80",20.35,"7,20",20.4,"13,40","542,30",20.3,19.95,N,N,"17,360,60"
2021-10-30 17:06:03.905478,AAT,21.65,18.85,20.25,20.1,"11,00",20.2,"15,50",20.25,"43,30",20.3,"37,70",0.05,0.2%,20.3,"5,80",20.35,"7,20",20.4,"13,40","542,30",20.3,19.95,N,N,"17,360,60"
2021-10-30 17:06:04.757485,AAT,21.65,18.85,20.25,20.1,"11,00",20.2,"15,50",20.25,"43,30",20.3,"37,70",0.05,0.2%,20.3,"5,80",20.35,"7,20",20.4,"13,40","542,30",20.3,19.95,N,N,"17,360,60"
2021-10-30 17:06:05.611386,AAT,21.65,18.85,20.25,20.1,"11,00",20.2,"15,50",20.25,"43,30",20.3,"37,70",0.05,0.2%,20.3,"5,80",20.35,"7,20",20.4,"13,40","542,30",20.3,19.95,N,N,"17,360,60"
2021-10-30 17:06:06.424473,AAT,21.65,18.85,20.25,20.1,"11,00",20.2,"15,50",20.25,"43,30",20.3,"37,70",0.05,0.2%,20.3,"5,80",20.35,"7,20",20.4,"13,40","542,30",20.3,19.95,N,N,"17,360,60"
2021-10-30 17:06:07.205570,AAT,21.65,18.85,20.25,20.1,"11,00",20.2,"15,50",20.25,"43,30",20.3,"37,70",0.05,0.2%,20.3,"5,80",20.35,"7,20",20.4,"13,40","542,30",20.3,19.95,N,N,"17,360,60"
2021-10-30 17:06:08.129899,AAT,21.65,18.85,20.25,20.1,"11,00",20.2,"15,50",20.25,"43,30",20.3,"37,70",0.05,0.2%,20.3,"5,80",20.35,"7,20",20.4,"13,40","542,30",20.3,19.95,N,N,"17,360,60"
2021-10-30 17:06:08.952544,AAT,21.65,18.85,20.25,20.1,"11,00",20.2,"15,50",20.25,"43,30",20.3,"37,70",0.05,0.2%,20.3,"5,80",20.35,"7,20",20.4,"13,40","542,30",20.3,19.95,N,N,"17,360,60"
2021-10-30 17:06:09.829857,AAT,21.65,18.85,20.25,20.1,"11,00",20.2,"15,50",20.25,"43,30",20.3,"37,70",0.05,0.2%,20.3,"5,80",20.35,"7,20",20.4,"13,40","542,30",20.3,19.95,N,N,"17,360,60"
2021-10-30 17:06:11.103922,AAT,21.65,18.85,20.25,20.1,"11,00",20.2,"15,50",20.25,"43,30",20.3,"37,70",0.05,0.2%,20.3,"5,80",20.35,"7,20",20.4,"13,40","542,30",20.3,19.95,N,N,"17,360,60"
2021-10-30 17:06:12.348658,AAT,21.65,18.85,20.25,20.1,"11,00",20.2,"15,50",20.25,"43,30",20.3,"37,70",0.05,0.2%,20.3,"5,80",20.35,"7,20",20.4,"13,40","542,30",20.3,19.95,N,N,"17,360,60"
2021-10-30 17:06:13.268732,AAT,21.65,18.85,20.25,20.1,"11,00",20.2,"15,50",20.25,"43,30",20.3,"37,70",0.05,0.2%,20.3,"5,80",20.35,"7,20",20.4,"13,40","542,30",20.3,19.95,N,N,"17,360,60"
2021-10-30 17:06:14.120617,AAT,21.65,18.85,20.25,20.1,"11,00",20.2,"15,50",20.25,"43,30",20.3,"37,70",0.05,0.2%,20.3,"5,80",20.35,"7,20",20.4,"13,40","542,30",20.3,19.95,N,N,"17,360,60"
2021-10-30 17:06:15.389212,AAT,21.65,18.85,20.25,20.1,"11,00",20.2,"15,50",20.25,"43,30",20.3,"37,70",0.05,0.2%,20.3,"5,80",20.35,"7,20",20.4,"13,40","542,30",20.3,19.95,N,N,"17,360,60"
2021-10-30 17:06:16.517398,AAT,21.65,18.85,20.25,20.1,"11,00",20.2,"15,50",20.25,"43,30",20.3,"37,70",0.05,0.2%,20.3,"5,80",20.35,"7,20",20.4,"13,40","542,30",20.3,19.95,N,N,"17,360,60"
2021-10-30 17:06:18.155584,AAT,21.65,18.85,20.25,20.1,"11,00",20.2,"15,50",20.25,"43,30",20.3,"37,70",0.05,0.2%,20.3,"5,80",20.35,"7,20",20.4,"13,40","542,30",20.3,19.95,N,N,"17,360,60"
2021-10-30 17:06:19.216888,AAT,21.65,18.85,20.25,20.1,"11,00",20.2,"15,50",20.25,"43,30",20.3,"37,70",0.05,0.2%,20.3,"5,80",20.35,"7,20",20.4,"13,40","542,30",20.3,19.95,N,N,"17,360,60"
2021-10-30 17:06:20.078763,AAT,21.65,18.85,20.25,20.1,"11,00",20.2,"15,50",20.25,"43,30",20.3,"37,70",0.05,0.2%,20.3,"5,80",20.35,"7,20",20.4,"13,40","542,30",20.3,19.95,N,N,"17,360,60"
2021-10-30 17:06:20.967894,AAT,21.65,18.85,20.25,20.1,"11,00",20.2,"15,50",20.25,"43,30",20.3,"37,70",0.05,0.2%,20.3,"5,80",20.35,"7,20",20.4,"13,40","542,30",20.3,19.95,N,N,"17,360,60"
2021-10-30 17:06:21.780559,AAT,21.65,18.85,20.25,20.1,"11,00",20.2,"15,50",20.25,"43,30",20.3,"37,70",0.05,0.2%,20.3,"5,80",20.35,"7,20",20.4,"13,40","542,30",20.3,19.95,N,N,"17,360,60"
2021-10-30 17:06:22.931644,AAT,21.65,18.85,20.25,20.1,"11,00",20.2,"15,50",20.25,"43,30",20.3,"37,70",0.05,0.2%,20.3,"5,80",20.35,"7,20",20.4,"13,40","542,30",20.3,19.95,N,N,"17,360,60"
2021-10-30 17:06:23.935013,AAT,21.65,18.85,20.25,20.1,"11,00",20.2,"15,50",20.25,"43,30",20.3,"37,70",0.05,0.2%,20.3,"5,80",20.35,"7,20",20.4,"13,40","542,30",20.3,19.95,N,N,"17,360,60"
2021-10-30 17:06:24.730355,AAT,21.65,18.85,20.25,20.1,"11,00",20.2,"15,50",20.25,"43,30",20.3,"37,70",0.05,0.2%,20.3,"5,80",20.35,"7,20",20.4,"13,40","542,30",20.3,19.95,N,N,"17,360,60"
2021-10-30 17:06:25.573045,AAT,21.65,18.85,20.25,20.1,"11,00",20.2,"15,50",20.25,"43,30",20.3,"37,70",0.05,0.2%,20.3,"5,80",20.35,"7,20",20.4,"13,40","542,30",20.3,19.95,N,N,"17,360,60"
2021-10-30 17:06:26.345553,AAT,21.65,18.85,20.25,20.1,"11,00",20.2,"15,50",20.25,"43,30",20.3,"37,70",0.05,0.2%,20.3,"5,80",20.35,"7,20",20.4,"13,40","542,30",20.3,19.95,N,N,"17,360,60"
2021-10-30 17:06:27.210134,AAT,21.65,18.85,20.25,20.1,"11,00",20.2,"15,50",20.25,"43,30",20.3,"37,70",0.05,0.2%,20.3,"5,80",20.35,"7,20",20.4,"13,40","542,30",20.3,19.95,N,N,"17,360,60"
2021-10-30 17:06:28.002103,AAT,21.65,18.85,20.25,20.1,"11,00",20.2,"15,50",20.25,"43,30",20.3,"37,70",0.05,0.2%,20.3,"5,80",20.35,"7,20",20.4,"13,40","542,30",20.3,19.95,N,N,"17,360,60"
2021-10-30 17:06:29.130773,AAT,21.65,18.85,20.25,20.1,"11,00",20.2,"15,50",20.25,"43,30",20.3,"37,70",0.05,0.2%,20.3,"5,80",20.35,"7,20",20.4,"13,40","542,30",20.3,19.95,N,N,"17,360,60"
2021-10-30 17:06:29.930487,AAT,21.65,18.85,20.25,20.1,"11,00",20.2,"15,50",20.25,"43,30",20.3,"37,70",0.05,0.2%,20.3,"5,80",20.35,"7,20",20.4,"13,40","542,30",20.3,19.95,N,N,"17,360,60"
2021-10-30 17:06:30.777171,AAT,21.65,18.85,20.25,20.1,"11,00",20.2,"15,50",20.25,"43,30",20.3,"37,70",0.05,0.2%,20.3,"5,80",20.35,"7,20",20.4,"13,40","542,30",20.3,19.95,N,N,"17,360,60"
2021-10-30 17:06:31.614190,AAT,21.65,18.85,20.25,20.1,"11,00",20.2,"15,50",20.25,"43,30",20.3,"37,70",0.05,0.2%,20.3,"5,80",20.35,"7,20",20.4,"13,40","542,30",20.3,19.95,N,N,"17,360,60"
2021-10-30 17:06:32.380532,AAT,21.65,18.85,20.25,20.1,"11,00",20.2,"15,50",20.25,"43,30",20.3,"37,70",0.05,0.2%,20.3,"5,80",20.35,"7,20",20.4,"13,40","542,30",20.3,19.95,N,N,"17,360,60"
2021-10-30 17:06:33.207829,AAT,21.65,18.85,20.25,20.1,"11,00",20.2,"15,50",20.25,"43,30",20.3,"37,70",0.05,0.2%,20.3,"5,80",20.35,"7,20",20.4,"13,40","542,30",20.3,19.95,N,N,"17,360,60"
2021-10-30 17:06:34.229277,AAT,21.65,18.85,20.25,20.1,"11,00",20.2,"15,50",20.25,"43,30",20.3,"37,70",0.05,0.2%,20.3,"5,80",20.35,"7,20",20.4,"13,40","542,30",20.3,19.95,N,N,"17,360,60"
2021-10-30 17:06:35.198835,AAT,21.65,18.85,20.25,20.1,"11,00",20.2,"15,50",20.25,"43,30",20.3,"37,70",0.05,0.2%,20.3,"5,80",20.35,"7,20",20.4,"13,40","542,30",20.3,19.95,N,N,"17,360,60"
2021-10-30 17:06:35.995340,AAT,21.65,18.85,20.25,20.1,"11,00",20.2,"15,50",20.25,"43,30",20.3,"37,70",0.05,0.2%,20.3,"5,80",20.35,"7,20",20.4,"13,40","542,30",20.3,19.95,N,N,"17,360,60"
2021-10-30 17:06:36.770317,AAT,21.65,18.85,20.25,20.1,"11,00",20.2,"15,50",20.25,"43,30",20.3,"37,70",0.05,0.2%,20.3,"5,80",20.35,"7,20",20.4,"13,40","542,30",20.3,19.95,N,N,"17,360,60"
2021-10-30 17:06:37.620335,AAT,21.65,18.85,20.25,20.1,"11,00",20.2,"15,50",20.25,"43,30",20.3,"37,70",0.05,0.2%,20.3,"5,80",20.35,"7,20",20.4,"13,40","542,30",20.3,19.95,N,N,"17,360,60"
2021-10-30 17:06:38.422413,AAT,21.65,18.85,20.25,20.1,"11,00",20.2,"15,50",20.25,"43,30",20.3,"37,70",0.05,0.2%,20.3,"5,80",20.35,"7,20",20.4,"13,40","542,30",20.3,19.95,N,N,"17,360,60"
2021-10-30 17:06:39.230730,AAT,21.65,18.85,20.25,20.1,"11,00",20.2,"15,50",20.25,"43,30",20.3,"37,70",0.05,0.2%,20.3,"5,80",20.35,"7,20",20.4,"13,40","542,30",20.3,19.95,N,N,"17,360,60"
2021-10-30 17:06:40.911280,AAT,21.65,18.85,20.25,20.1,"11,00",20.2,"15,50",20.25,"43,30",20.3,"37,70",0.05,0.2%,20.3,"5,80",20.35,"7,20",20.4,"13,40","542,30",20.3,19.95,N,N,"17,360,60"
2021-10-30 17:06:41.901508,AAT,21.65,18.85,20.25,20.1,"11,00",20.2,"15,50",20.25,"43,30",20.3,"37,70",0.05,0.2%,20.3,"5,80",20.35,"7,20",20.4,"13,40","542,30",20.3,19.95,N,N,"17,360,60"
2021-10-30 17:06:42.687491,AAT,21.65,18.85,20.25,20.1,"11,00",20.2,"15,50",20.25,"43,30",20.3,"37,70",0.05,0.2%,20.3,"5,80",20.35,"7,20",20.4,"13,40","542,30",20.3,19.95,N,N,"17,360,60"
2021-10-30 17:06:43.521570,AAT,21.65,18.85,20.25,20.1,"11,00",20.2,"15,50",20.25,"43,30",20.3,"37,70",0.05,0.2%,20.3,"5,80",20.35,"7,20",20.4,"13,40","542,30",20.3,19.95,N,N,"17,360,60"
2021-10-30 17:06:44.342940,AAT,21.65,18.85,20.25,20.1,"11,00",20.2,"15,50",20.25,"43,30",20.3,"37,70",0.05,0.2%,20.3,"5,80",20.35,"7,20",20.4,"13,40","542,30",20.3,19.95,N,N,"17,360,60"
2021-10-30 17:06:45.135041,AAT,21.65,18.85,20.25,20.1,"11,00",20.2,"15,50",20.25,"43,30",20.3,"37,70",0.05,0.2%,20.3,"5,80",20.35,"7,20",20.4,"13,40","542,30",20.3,19.95,N,N,"17,360,60"
2021-10-30 17:06:46.246543,AAT,21.65,18.85,20.25,20.1,"11,00",20.2,"15,50",20.25,"43,30",20.3,"37,70",0.05,0.2%,20.3,"5,80",20.35,"7,20",20.4,"13,40","542,30",20.3,19.95,N,N,"17,360,60"
2021-10-30 17:06:47.019616,AAT,21.65,18.85,20.25,20.1,"11,00",20.2,"15,50",20.25,"43,30",20.3,"37,70",0.05,0.2%,20.3,"5,80",20.35,"7,20",20.4,"13,40","542,30",20.3,19.95,N,N,"17,360,60"
2021-10-30 17:06:48.110664,AAT,21.65,18.85,20.25,20.1,"11,00",20.2,"15,50",20.25,"43,30",20.3,"37,70",0.05,0.2%,20.3,"5,80",20.35,"7,20",20.4,"13,40","542,30",20.3,19.95,N,N,"17,360,60"
2021-10-30 17:06:48.910689,AAT,21.65,18.85,20.25,20.1,"11,00",20.2,"15,50",20.25,"43,30",20.3,"37,70",0.05,0.2%,20.3,"5,80",20.35,"7,20",20.4,"13,40","542,30",20.3,19.95,N,N,"17,360,60"
2021-10-30 17:06:49.779737,AAT,21.65,18.85,20.25,20.1,"11,00",20.2,"15,50",20.25,"43,30",20.3,"37,70",0.05,0.2%,20.3,"5,80",20.35,"7,20",20.4,"13,40","542,30",20.3,19.95,N,N,"17,360,60"
2021-10-30 17:06:50.534134,AAT,21.65,18.85,20.25,20.1,"11,00",20.2,"15,50",20.25,"43,30",20.3,"37,70",0.05,0.2%,20.3,"5,80",20.35,"7,20",20.4,"13,40","542,30",20.3,19.95,N,N,"17,360,60"
2021-10-30 17:06:51.714758,AAT,21.65,18.85,20.25,20.1,"11,00",20.2,"15,50",20.25,"43,30",20.3,"37,70",0.05,0.2%,20.3,"5,80",20.35,"7,20",20.4,"13,40","542,30",20.3,19.95,N,N,"17,360,60"
2021-10-30 17:06:52.631105,AAT,21.65,18.85,20.25,20.1,"11,00",20.2,"15,50",20.25,"43,30",20.3,"37,70",0.05,0.2%,20.3,"5,80",20.35,"7,20",20.4,"13,40","542,30",20.3,19.95,N,N,"17,360,60"
2021-10-30 17:06:53.549337,AAT,21.65,18.85,20.25,20.1,"11,00",20.2,"15,50",20.25,"43,30",20.3,"37,70",0.05,0.2%,20.3,"5,80",20.35,"7,20",20.4,"13,40","542,30",20.3,19.95,N,N,"17,360,60"
2021-10-30 17:06:54.480492,AAT,21.65,18.85,20.25,20.1,"11,00",20.2,"15,50",20.25,"43,30",20.3,"37,70",0.05,0.2%,20.3,"5,80",20.35,"7,20",20.4,"13,40","542,30",20.3,19.95,N,N,"17,360,60"
2021-10-30 17:06:55.250888,AAT,21.65,18.85,20.25,20.1,"11,00",20.2,"15,50",20.25,"43,30",20.3,"37,70",0.05,0.2%,20.3,"5,80",20.35,"7,20",20.4,"13,40","542,30",20.3,19.95,N,N,"17,360,60"
2021-10-30 17:06:56.253869,AAT,21.65,18.85,20.25,20.1,"11,00",20.2,"15,50",20.25,"43,30",20.3,"37,70",0.05,0.2%,20.3,"5,80",20.35,"7,20",20.4,"13,40","542,30",20.3,19.95,N,N,"17,360,60"
2021-10-30 17:06:57.556573,AAT,21.65,18.85,20.25,20.1,"11,00",20.2,"15,50",20.25,"43,30",20.3,"37,70",0.05,0.2%,20.3,"5,80",20.35,"7,20",20.4,"13,40","542,30",20.3,19.95,N,N,"17,360,60"
2021-10-30 17:06:58.719915,AAT,21.65,18.85,20.25,20.1,"11,00",20.2,"15,50",20.25,"43,30",20.3,"37,70",0.05,0.2%,20.3,"5,80",20.35,"7,20",20.4,"13,40","542,30",20.3,19.95,N,N,"17,360,60"
2021-10-30 17:06:59.717968,AAT,21.65,18.85,20.25,20.1,"11,00",20.2,"15,50",20.25,"43,30",20.3,"37,70",0.05,0.2%,20.3,"5,80",20.35,"7,20",20.4,"13,40","542,30",20.3,19.95,N,N,"17,360,60"
2021-10-30 17:07:00.648985,AAT,21.65,18.85,20.25,20.1,"11,00",20.2,"15,50",20.25,"43,30",20.3,"37,70",0.05,0.2%,20.3,"5,80",20.35,"7,20",20.4,"13,40","542,30",20.3,19.95,N,N,"17,360,60"
2021-10-30 17:07:01.665046,AAT,21.65,18.85,20.25,20.1,"11,00",20.2,"15,50",20.25,"43,30",20.3,"37,70",0.05,0.2%,20.3,"5,80",20.35,"7,20",20.4,"13,40","542,30",20.3,19.95,N,N,"17,360,60"
2021-10-30 17:07:02.819072,AAT,21.65,18.85,20.25,20.1,"11,00",20.2,"15,50",20.25,"43,30",20.3,"37,70",0.05,0.2%,20.3,"5,80",20.35,"7,20",20.4,"13,40","542,30",20.3,19.95,N,N,"17,360,60"
2021-10-30 17:07:03.745117,AAT,21.65,18.85,20.25,20.1,"11,00",20.2,"15,50",20.25,"43,30",20.3,"37,70",0.05,0.2%,20.3,"5,80",20.35,"7,20",20.4,"13,40","542,30",20.3,19.95,N,N,"17,360,60"
2021-10-30 17:07:04.513074,AAT,21.65,18.85,20.25,20.1,"11,00",20.2,"15,50",20.25,"43,30",20.3,"37,70",0.05,0.2%,20.3,"5,80",20.35,"7,20",20.4,"13,40","542,30",20.3,19.95,N,N,"17,360,60"
2021-10-30 17:07:05.381446,AAT,21.65,18.85,20.25,20.1,"11,00",20.2,"15,50",20.25,"43,30",20.3,"37,70",0.05,0.2%,20.3,"5,80",20.35,"7,20",20.4,"13,40","542,30",20.3,19.95,N,N,"17,360,60"
2021-10-30 17:07:06.255653,AAT,21.65,18.85,20.25,20.1,"11,00",20.2,"15,50",20.25,"43,30",20.3,"37,70",0.05,0.2%,20.3,"5,80",20.35,"7,20",20.4,"13,40","542,30",20.3,19.95,N,N,"17,360,60"
2021-10-30 17:07:07.053168,AAT,21.65,18.85,20.25,20.1,"11,00",20.2,"15,50",20.25,"43,30",20.3,"37,70",0.05,0.2%,20.3,"5,80",20.35,"7,20",20.4,"13,40","542,30",20.3,19.95,N,N,"17,360,60"
2021-10-30 17:07:08.054232,AAT,21.65,18.85,20.25,20.1,"11,00",20.2,"15,50",20.25,"43,30",20.3,"37,70",0.05,0.2%,20.3,"5,80",20.35,"7,20",20.4,"13,40","542,30",20.3,19.95,N,N,"17,360,60"
2021-10-30 17:07:08.823199,AAT,21.65,18.85,20.25,20.1,"11,00",20.2,"15,50",20.25,"43,30",20.3,"37,70",0.05,0.2%,20.3,"5,80",20.35,"7,20",20.4,"13,40","542,30",20.3,19.95,N,N,"17,360,60"
2021-10-30 17:07:09.673045,AAT,21.65,18.85,20.25,20.1,"11,00",20.2,"15,50",20.25,"43,30",20.3,"37,70",0.05,0.2%,20.3,"5,80",20.35,"7,20",20.4,"13,40","542,30",20.3,19.95,N,N,"17,360,60"
2021-10-30 17:07:10.426266,AAT,21.65,18.85,20.25,20.1,"11,00",20.2,"15,50",20.25,"43,30",20.3,"37,70",0.05,0.2%,20.3,"5,80",20.35,"7,20",20.4,"13,40","542,30",20.3,19.95,N,N,"17,360,60"
2021-10-30 17:07:12.296299,AAT,21.65,18.85,20.25,20.1,"11,00",20.2,"15,50",20.25,"43,30",20.3,"37,70",0.05,0.2%,20.3,"5,80",20.35,"7,20",20.4,"13,40","542,30",20.3,19.95,N,N,"17,360,60"
2021-10-30 17:07:13.410030,AAT,21.65,18.85,20.25,20.1,"11,00",20.2,"15,50",20.25,"43,30",20.3,"37,70",0.05,0.2%,20.3,"5,80",20.35,"7,20",20.4,"13,40","542,30",20.3,19.95,N,N,"17,360,60"
2021-10-30 17:07:14.341326,AAT,21.65,18.85,20.25,20.1,"11,00",20.2,"15,50",20.25,"43,30",20.3,"37,70",0.05,0.2%,20.3,"5,80",20.35,"7,20",20.4,"13,40","542,30",20.3,19.95,N,N,"17,360,60"
2021-10-30 17:07:15.350106,AAT,21.65,18.85,20.25,20.1,"11,00",20.2,"15,50",20.25,"43,30",20.3,"37,70",0.05,0.2%,20.3,"5,80",20.35,"7,20",20.4,"13,40","542,30",20.3,19.95,N,N,"17,360,60"
2021-10-30 17:07:16.387816,AAT,21.65,18.85,20.25,20.1,"11,00",20.2,"15,50",20.25,"43,30",20.3,"37,70",0.05,0.2%,20.3,"5,80",20.35,"7,20",20.4,"13,40","542,30",20.3,19.95,N,N,"17,360,60"
2021-10-30 17:07:17.347443,AAT,21.65,18.85,20.25,20.1,"11,00",20.2,"15,50",20.25,"43,30",20.3,"37,70",0.05,0.2%,20.3,"5,80",20.35,"7,20",20.4,"13,40","542,30",20.3,19.95,N,N,"17,360,60"
2021-10-30 17:07:18.184448,AAT,21.65,18.85,20.25,20.1,"11,00",20.2,"15,50",20.25,"43,30",20.3,"37,70",0.05,0.2%,20.3,"5,80",20.35,"7,20",20.4,"13,40","542,30",20.3,19.95,N,N,"17,360,60"
2021-10-30 17:07:18.968443,AAT,21.65,18.85,20.25,20.1,"11,00",20.2,"15,50",20.25,"43,30",20.3,"37,70",0.05,0.2%,20.3,"5,80",20.35,"7,20",20.4,"13,40","542,30",20.3,19.95,N,N,"17,360,60"
2021-10-30 17:07:19.814497,AAT,21.65,18.85,20.25,20.1,"11,00",20.2,"15,50",20.25,"43,30",20.3,"37,70",0.05,0.2%,20.3,"5,80",20.35,"7,20",20.4,"13,40","542,30",20.3,19.95,N,N,"17,360,60"
2021-10-30 17:07:20.671510,AAT,21.65,18.85,20.25,20.1,"11,00",20.2,"15,50",20.25,"43,30",20.3,"37,70",0.05,0.2%,20.3,"5,80",20.35,"7,20",20.4,"13,40","542,30",20.3,19.95,N,N,"17,360,60"
2021-10-30 17:07:21.626628,AAT,21.65,18.85,20.25,20.1,"11,00",20.2,"15,50",20.25,"43,30",20.3,"37,70",0.05,0.2%,20.3,"5,80",20.35,"7,20",20.4,"13,40","542,30",20.3,19.95,N,N,"17,360,60"
2021-10-30 17:07:22.401596,AAT,21.65,18.85,20.25,20.1,"11,00",20.2,"15,50",20.25,"43,30",20.3,"37,70",0.05,0.2%,20.3,"5,80",20.35,"7,20",20.4,"13,40","542,30",20.3,19.95,N,N,"17,360,60"
2021-10-30 17:07:23.231939,AAT,21.65,18.85,20.25,20.1,"11,00",20.2,"15,50",20.25,"43,30",20.3,"37,70",0.05,0.2%,20.3,"5,80",20.35,"7,20",20.4,"13,40","542,30",20.3,19.95,N,N,"17,360,60"
2021-10-30 17:07:24.038615,AAT,21.65,18.85,20.25,20.1,"11,00",20.2,"15,50",20.25,"43,30",20.3,"37,70",0.05,0.2%,20.3,"5,80",20.35,"7,20",20.4,"13,40","542,30",20.3,19.95,N,N,"17,360,60"
2021-10-30 17:07:24.885597,AAT,21.65,18.85,20.25,20.1,"11,00",20.2,"15,50",20.25,"43,30",20.3,"37,70",0.05,0.2%,20.3,"5,80",20.35,"7,20",20.4,"13,40","542,30",20.3,19.95,N,N,"17,360,60"
2021-10-30 17:07:25.760647,AAT,21.65,18.85,20.25,20.1,"11,00",20.2,"15,50",20.25,"43,30",20.3,"37,70",0.05,0.2%,20.3,"5,80",20.35,"7,20",20.4,"13,40","542,30",20.3,19.95,N,N,"17,360,60"
2021-10-30 17:07:26.528676,AAT,21.65,18.85,20.25,20.1,"11,00",20.2,"15,50",20.25,"43,30",20.3,"37,70",0.05,0.2%,20.3,"5,80",20.35,"7,20",20.4,"13,40","542,30",20.3,19.95,N,N,"17,360,60"
2021-10-30 17:07:27.361678,AAT,21.65,18.85,20.25,20.1,"11,00",20.2,"15,50",20.25,"43,30",20.3,"37,70",0.05,0.2%,20.3,"5,80",20.35,"7,20",20.4,"13,40","542,30",20.3,19.95,N,N,"17,360,60"
2021-10-30 17:07:28.159712,AAT,21.65,18.85,20.25,20.1,"11,00",20.2,"15,50",20.25,"43,30",20.3,"37,70",0.05,0.2%,20.3,"5,80",20.35,"7,20",20.4,"13,40","542,30",20.3,19.95,N,N,"17,360,60"
2021-10-30 17:07:29.597711,AAT,21.65,18.85,20.25,20.1,"11,00",20.2,"15,50",20.25,"43,30",20.3,"37,70",0.05,0.2%,20.3,"5,80",20.35,"7,20",20.4,"13,40","542,30",20.3,19.95,N,N,"17,360,60"
2021-10-30 17:07:30.568765,AAT,21.65,18.85,20.25,20.1,"11,00",20.2,"15,50",20.25,"43,30",20.3,"37,70",0.05,0.2%,20.3,"5,80",20.35,"7,20",20.4,"13,40","542,30",20.3,19.95,N,N,"17,360,60"
2021-10-30 17:07:31.409754,AAT,21.65,18.85,20.25,20.1,"11,00",20.2,"15,50",20.25,"43,30",20.3,"37,70",0.05,0.2%,20.3,"5,80",20.35,"7,20",20.4,"13,40","542,30",20.3,19.95,N,N,"17,360,60"
2021-10-30 17:07:32.299927,AAT,21.65,18.85,20.25,20.1,"11,00",20.2,"15,50",20.25,"43,30",20.3,"37,70",0.05,0.2%,20.3,"5,80",20.35,"7,20",20.4,"13,40","542,30",20.3,19.95,N,N,"17,360,60"
2021-10-30 17:07:33.074841,AAT,21.65,18.85,20.25,20.1,"11,00",20.2,"15,50",20.25,"43,30",20.3,"37,70",0.05,0.2%,20.3,"5,80",20.35,"7,20",20.4,"13,40","542,30",20.3,19.95,N,N,"17,360,60"
2021-10-30 17:07:33.934884,AAT,21.65,18.85,20.25,20.1,"11,00",20.2,"15,50",20.25,"43,30",20.3,"37,70",0.05,0.2%,20.3,"5,80",20.35,"7,20",20.4,"13,40","542,30",20.3,19.95,N,N,"17,360,60"
2021-10-30 17:07:34.711874,AAT,21.65,18.85,20.25,20.1,"11,00",20.2,"15,50",20.25,"43,30",20.3,"37,70",0.05,0.2%,20.3,"5,80",20.35,"7,20",20.4,"13,40","542,30",20.3,19.95,N,N,"17,360,60"
2021-10-30 17:07:35.554912,AAT,21.65,18.85,20.25,20.1,"11,00",20.2,"15,50",20.25,"43,30",20.3,"37,70",0.05,0.2%,20.3,"5,80",20.35,"7,20",20.4,"13,40","542,30",20.3,19.95,N,N,"17,360,60"
2021-10-30 17:07:36.391364,AAT,21.65,18.85,20.25,20.1,"11,00",20.2,"15,50",20.25,"43,30",20.3,"37,70",0.05,0.2%,20.3,"5,80",20.35,"7,20",20.4,"13,40","542,30",20.3,19.95,N,N,"17,360,60"
2021-10-30 17:07:37.282290,AAT,21.65,18.85,20.25,20.1,"11,00",20.2,"15,50",20.25,"43,30",20.3,"37,70",0.05,0.2%,20.3,"5,80",20.35,"7,20",20.4,"13,40","542,30",20.3,19.95,N,N,"17,360,60"
2021-10-30 17:07:38.123007,AAT,21.65,18.85,20.25,20.1,"11,00",20.2,"15,50",20.25,"43,30",20.3,"37,70",0.05,0.2%,20.3,"5,80",20.35,"7,20",20.4,"13,40","542,30",20.3,19.95,N,N,"17,360,60"
2021-10-30 17:07:38.918610,AAT,21.65,18.85,20.25,20.1,"11,00",20.2,"15,50",20.25,"43,30",20.3,"37,70",0.05,0.2%,20.3,"5,80",20.35,"7,20",20.4,"13,40","542,30",20.3,19.95,N,N,"17,360,60"
2021-10-30 17:07:39.809080,AAT,21.65,18.85,20.25,20.1,"11,00",20.2,"15,50",20.25,"43,30",20.3,"37,70",0.05,0.2%,20.3,"5,80",20.35,"7,20",20.4,"13,40","542,30",20.3,19.95,N,N,"17,360,60"
2021-10-30 17:07:40.579043,AAT,21.65,18.85,20.25,20.1,"11,00",20.2,"15,50",20.25,"43,30",20.3,"37,70",0.05,0.2%,20.3,"5,80",20.35,"7,20",20.4,"13,40","542,30",20.3,19.95,N,N,"17,360,60"
2021-10-30 17:07:41.430097,AAT,21.65,18.85,20.25,20.1,"11,00",20.2,"15,50",20.25,"43,30",20.3,"37,70",0.05,0.2%,20.3,"5,80",20.35,"7,20",20.4,"13,40","542,30",20.3,19.95,N,N,"17,360,60"
2021-10-30 17:07:43.621898,AAT,21.65,18.85,20.25,20.1,"11,00",20.2,"15,50",20.25,"43,30",20.3,"37,70",0.05,0.2%,20.3,"5,80",20.35,"7,20",20.4,"13,40","542,30",20.3,19.95,N,N,"17,360,60"
2021-10-30 17:07:44.604717,AAT,21.65,18.85,20.25,20.1,"11,00",20.2,"15,50",20.25,"43,30",20.3,"37,70",0.05,0.2%,20.3,"5,80",20.35,"7,20",20.4,"13,40","542,30",20.3,19.95,N,N,"17,360,60"
2021-10-30 17:07:45.532512,AAT,21.65,18.85,20.25,20.1,"11,00",20.2,"15,50",20.25,"43,30",20.3,"37,70",0.05,0.2%,20.3,"5,80",20.35,"7,20",20.4,"13,40","542,30",20.3,19.95,N,N,"17,360,60"
2021-10-30 17:07:46.319234,AAT,21.65,18.85,20.25,20.1,"11,00",20.2,"15,50",20.25,"43,30",20.3,"37,70",0.05,0.2%,20.3,"5,80",20.35,"7,20",20.4,"13,40","542,30",20.3,19.95,N,N,"17,360,60"
2021-10-30 17:07:47.220626,AAT,21.65,18.85,20.25,20.1,"11,00",20.2,"15,50",20.25,"43,30",20.3,"37,70",0.05,0.2%,20.3,"5,80",20.35,"7,20",20.4,"13,40","542,30",20.3,19.95,N,N,"17,360,60"
2021-10-30 17:07:48.207252,AAT,21.65,18.85,20.25,20.1,"11,00",20.2,"15,50",20.25,"43,30",20.3,"37,70",0.05,0.2%,20.3,"5,80",20.35,"7,20",20.4,"13,40","542,30",20.3,19.95,N,N,"17,360,60"
2021-10-30 17:07:49.082634,AAT,21.65,18.85,20.25,20.1,"11,00",20.2,"15,50",20.25,"43,30",20.3,"37,70",0.05,0.2%,20.3,"5,80",20.35,"7,20",20.4,"13,40","542,30",20.3,19.95,N,N,"17,360,60"
2021-10-30 17:07:50.078000,AAT,21.65,18.85,20.25,20.1,"11,00",20.2,"15,50",20.25,"43,30",20.3,"37,70",0.05,0.2%,20.3,"5,80",20.35,"7,20",20.4,"13,40","542,30",20.3,19.95,N,N,"17,360,60"
2021-10-30 17:07:51.206384,AAT,21.65,18.85,20.25,20.1,"11,00",20.2,"15,50",20.25,"43,30",20.3,"37,70",0.05,0.2%,20.3,"5,80",20.35,"7,20",20.4,"13,40","542,30",20.3,19.95,N,N,"17,360,60"
2021-10-30 17:07:52.129359,AAT,21.65,18.85,20.25,20.1,"11,00",20.2,"15,50",20.25,"43,30",20.3,"37,70",0.05,0.2%,20.3,"5,80",20.35,"7,20",20.4,"13,40","542,30",20.3,19.95,N,N,"17,360,60"
2021-10-30 17:07:52.902378,AAT,21.65,18.85,20.25,20.1,"11,00",20.2,"15,50",20.25,"43,30",20.3,"37,70",0.05,0.2%,20.3,"5,80",20.35,"7,20",20.4,"13,40","542,30",20.3,19.95,N,N,"17,360,60"
2021-10-30 17:07:53.861432,AAT,21.65,18.85,20.25,20.1,"11,00",20.2,"15,50",20.25,"43,30",20.3,"37,70",0.05,0.2%,20.3,"5,80",20.35,"7,20",20.4,"13,40","542,30",20.3,19.95,N,N,"17,360,60"
2021-10-30 17:07:54.770422,AAT,21.65,18.85,20.25,20.1,"11,00",20.2,"15,50",20.25,"43,30",20.3,"37,70",0.05,0.2%,20.3,"5,80",20.35,"7,20",20.4,"13,40","542,30",20.3,19.95,N,N,"17,360,60"
2021-10-30 17:07:55.678475,AAT,21.65,18.85,20.25,20.1,"11,00",20.2,"15,50",20.25,"43,30",20.3,"37,70",0.05,0.2%,20.3,"5,80",20.35,"7,20",20.4,"13,40","542,30",20.3,19.95,N,N,"17,360,60"
2021-10-30 17:07:56.473311,AAT,21.65,18.85,20.25,20.1,"11,00",20.2,"15,50",20.25,"43,30",20.3,"37,70",0.05,0.2%,20.3,"5,80",20.35,"7,20",20.4,"13,40","542,30",20.3,19.95,N,N,"17,360,60"
2021-10-30 17:07:57.261504,AAT,21.65,18.85,20.25,20.1,"11,00",20.2,"15,50",20.25,"43,30",20.3,"37,70",0.05,0.2%,20.3,"5,80",20.35,"7,20",20.4,"13,40","542,30",20.3,19.95,N,N,"17,360,60"
2021-10-30 17:07:58.107099,AAT,21.65,18.85,20.25,20.1,"11,00",20.2,"15,50",20.25,"43,30",20.3,"37,70",0.05,0.2%,20.3,"5,80",20.35,"7,20",20.4,"13,40","542,30",20.3,19.95,N,N,"17,360,60"
2021-10-30 17:07:58.878576,AAT,21.65,18.85,20.25,20.1,"11,00",20.2,"15,50",20.25,"43,30",20.3,"37,70",0.05,0.2%,20.3,"5,80",20.35,"7,20",20.4,"13,40","542,30",20.3,19.95,N,N,"17,360,60"
2021-10-30 17:07:59.909493,AAT,21.65,18.85,20.25,20.1,"11,00",20.2,"15,50",20.25,"43,30",20.3,"37,70",0.05,0.2%,20.3,"5,80",20.35,"7,20",20.4,"13,40","542,30",20.3,19.95,N,N,"17,360,60"
2021-10-30 17:08:01.255427,AAT,21.65,18.85,20.25,20.1,"11,00",20.2,"15,50",20.25,"43,30",20.3,"37,70",0.05,0.2%,20.3,"5,80",20.35,"7,20",20.4,"13,40","542,30",20.3,19.95,N,N,"17,360,60"
2021-10-30 17:08:02.279322,AAT,21.65,18.85,20.25,20.1,"11,00",20.2,"15,50",20.25,"43,30",20.3,"37,70",0.05,0.2%,20.3,"5,80",20.35,"7,20",20.4,"13,40","542,30",20.3,19.95,N,N,"17,360,60"
2021-10-30 17:08:03.327648,AAT,21.65,18.85,20.25,20.1,"11,00",20.2,"15,50",20.25,"43,30",20.3,"37,70",0.05,0.2%,20.3,"5,80",20.35,"7,20",20.4,"13,40","542,30",20.3,19.95,N,N,"17,360,60"
2021-10-30 17:08:04.329695,AAT,21.65,18.85,20.25,20.1,"11,00",20.2,"15,50",20.25,"43,30",20.3,"37,70",0.05,0.2%,20.3,"5,80",20.35,"7,20",20.4,"13,40","542,30",20.3,19.95,N,N,"17,360,60"
2021-10-30 17:08:05.269718,AAT,21.65,18.85,20.25,20.1,"11,00",20.2,"15,50",20.25,"43,30",20.3,"37,70",0.05,0.2%,20.3,"5,80",20.35,"7,20",20.4,"13,40","542,30",20.3,19.95,N,N,"17,360,60"
2021-10-30 17:08:06.303414,AAT,21.65,18.85,20.25,20.1,"11,00",20.2,"15,50",20.25,"43,30",20.3,"37,70",0.05,0.2%,20.3,"5,80",20.35,"7,20",20.4,"13,40","542,30",20.3,19.95,N,N,"17,360,60"
2021-10-30 17:08:07.218798,AAT,21.65,18.85,20.25,20.1,"11,00",20.2,"15,50",20.25,"43,30",20.3,"37,70",0.05,0.2%,20.3,"5,80",20.35,"7,20",20.4,"13,40","542,30",20.3,19.95,N,N,"17,360,60"
2021-10-30 17:08:08.080787,AAT,21.65,18.85,20.25,20.1,"11,00",20.2,"15,50",20.25,"43,30",20.3,"37,70",0.05,0.2%,20.3,"5,80",20.35,"7,20",20.4,"13,40","542,30",20.3,19.95,N,N,"17,360,60"
2021-10-30 17:08:08.901860,AAT,21.65,18.85,20.25,20.1,"11,00",20.2,"15,50",20.25,"43,30",20.3,"37,70",0.05,0.2%,20.3,"5,80",20.35,"7,20",20.4,"13,40","542,30",20.3,19.95,N,N,"17,360,60"
2021-10-30 17:08:09.687273,AAT,21.65,18.85,20.25,20.1,"11,00",20.2,"15,50",20.25,"43,30",20.3,"37,70",0.05,0.2%,20.3,"5,80",20.35,"7,20",20.4,"13,40","542,30",20.3,19.95,N,N,"17,360,60"
2021-10-30 17:08:10.463566,AAT,21.65,18.85,20.25,20.1,"11,00",20.2,"15,50",20.25,"43,30",20.3,"37,70",0.05,0.2%,20.3,"5,80",20.35,"7,20",20.4,"13,40","542,30",20.3,19.95,N,N,"17,360,60"
2021-10-30 17:08:11.333684,AAT,21.65,18.85,20.25,20.1,"11,00",20.2,"15,50",20.25,"43,30",20.3,"37,70",0.05,0.2%,20.3,"5,80",20.35,"7,20",20.4,"13,40","542,30",20.3,19.95,N,N,"17,360,60"
2021-10-30 17:08:13.117499,AAT,21.65,18.85,20.25,20.1,"11,00",20.2,"15,50",20.25,"43,30",20.3,"37,70",0.05,0.2%,20.3,"5,80",20.35,"7,20",20.4,"13,40","542,30",20.3,19.95,N,N,"17,360,60"
2021-10-30 17:08:13.980949,AAT,21.65,18.85,20.25,20.1,"11,00",20.2,"15,50",20.25,"43,30",20.3,"37,70",0.05,0.2%,20.3,"5,80",20.35,"7,20",20.4,"13,40","542,30",20.3,19.95,N,N,"17,360,60"
2021-10-30 17:08:14.760373,AAT,21.65,18.85,20.25,20.1,"11,00",20.2,"15,50",20.25,"43,30",20.3,"37,70",0.05,0.2%,20.3,"5,80",20.35,"7,20",20.4,"13,40","542,30",20.3,19.95,N,N,"17,360,60"
2021-10-30 17:08:15.657038,AAT,21.65,18.85,20.25,20.1,"11,00",20.2,"15,50",20.25,"43,30",20.3,"37,70",0.05,0.2%,20.3,"5,80",20.35,"7,20",20.4,"13,40","542,30",20.3,19.95,N,N,"17,360,60"
2021-10-30 17:08:16.433356,AAT,21.65,18.85,20.25,20.1,"11,00",20.2,"15,50",20.25,"43,30",20.3,"37,70",0.05,0.2%,20.3,"5,80",20.35,"7,20",20.4,"13,40","542,30",20.3,19.95,N,N,"17,360,60"
2021-10-30 17:08:17.306049,AAT,21.65,18.85,20.25,20.1,"11,00",20.2,"15,50",20.25,"43,30",20.3,"37,70",0.05,0.2%,20.3,"5,80",20.35,"7,20",20.4,"13,40","542,30",20.3,19.95,N,N,"17,360,60"
2021-10-30 17:08:18.133402,AAT,21.65,18.85,20.25,20.1,"11,00",20.2,"15,50",20.25,"43,30",20.3,"37,70",0.05,0.2%,20.3,"5,80",20.35,"7,20",20.4,"13,40","542,30",20.3,19.95,N,N,"17,360,60"
2021-10-30 17:08:18.928113,AAT,21.65,18.85,20.25,20.1,"11,00",20.2,"15,50",20.25,"43,30",20.3,"37,70",0.05,0.2%,20.3,"5,80",20.35,"7,20",20.4,"13,40","542,30",20.3,19.95,N,N,"17,360,60"
2021-10-30 17:08:19.809832,AAT,21.65,18.85,20.25,20.1,"11,00",20.2,"15,50",20.25,"43,30",20.3,"37,70",0.05,0.2%,20.3,"5,80",20.35,"7,20",20.4,"13,40","542,30",20.3,19.95,N,N,"17,360,60"
2021-10-30 17:08:20.583469,AAT,21.65,18.85,20.25,20.1,"11,00",20.2,"15,50",20.25,"43,30",20.3,"37,70",0.05,0.2%,20.3,"5,80",20.35,"7,20",20.4,"13,40","542,30",20.3,19.95,N,N,"17,360,60"
2021-10-30 17:08:21.632174,AAT,21.65,18.85,20.25,20.1,"11,00",20.2,"15,50",20.25,"43,30",20.3,"37,70",0.05,0.2%,20.3,"5,80",20.35,"7,20",20.4,"13,40","542,30",20.3,19.95,N,N,"17,360,60"
2021-10-30 17:08:22.728932,AAT,21.65,18.85,20.25,20.1,"11,00",20.2,"15,50",20.25,"43,30",20.3,"37,70",0.05,0.2%,20.3,"5,80",20.35,"7,20",20.4,"13,40","542,30",20.3,19.95,N,N,"17,360,60"
2021-10-30 17:08:23.705251,AAT,21.65,18.85,20.25,20.1,"11,00",20.2,"15,50",20.25,"43,30",20.3,"37,70",0.05,0.2%,20.3,"5,80",20.35,"7,20",20.4,"13,40","542,30",20.3,19.95,N,N,"17,360,60"
2021-10-30 17:08:24.733562,AAT,21.65,18.85,20.25,20.1,"11,00",20.2,"15,50",20.25,"43,30",20.3,"37,70",0.05,0.2%,20.3,"5,80",20.35,"7,20",20.4,"13,40","542,30",20.3,19.95,N,N,"17,360,60"
2021-10-30 17:08:25.742715,AAT,21.65,18.85,20.25,20.1,"11,00",20.2,"15,50",20.25,"43,30",20.3,"37,70",0.05,0.2%,20.3,"5,80",20.35,"7,20",20.4,"13,40","542,30",20.3,19.95,N,N,"17,360,60"
2021-10-30 17:08:26.683641,AAT,21.65,18.85,20.25,20.1,"11,00",20.2,"15,50",20.25,"43,30",20.3,"37,70",0.05,0.2%,20.3,"5,80",20.35,"7,20",20.4,"13,40","542,30",20.3,19.95,N,N,"17,360,60"
2021-10-30 17:08:27.720234,AAT,21.65,18.85,20.25,20.1,"11,00",20.2,"15,50",20.25,"43,30",20.3,"37,70",0.05,0.2%,20.3,"5,80",20.35,"7,20",20.4,"13,40","542,30",20.3,19.95,N,N,"17,360,60"
2021-10-30 17:08:28.699324,AAT,21.65,18.85,20.25,20.1,"11,00",20.2,"15,50",20.25,"43,30",20.3,"37,70",0.05,0.2%,20.3,"5,80",20.35,"7,20",20.4,"13,40","542,30",20.3,19.95,N,N,"17,360,60"
2021-10-30 17:08:29.555391,AAT,21.65,18.85,20.25,20.1,"11,00",20.2,"15,50",20.25,"43,30",20.3,"37,70",0.05,0.2%,20.3,"5,80",20.35,"7,20",20.4,"13,40","542,30",20.3,19.95,N,N,"17,360,60"
2021-10-30 17:08:30.354649,AAT,21.65,18.85,20.25,20.1,"11,00",20.2,"15,50",20.25,"43,30",20.3,"37,70",0.05,0.2%,20.3,"5,80",20.35,"7,20",20.4,"13,40","542,30",20.3,19.95,N,N,"17,360,60"
2021-10-30 17:08:31.185439,AAT,21.65,18.85,20.25,20.1,"11,00",20.2,"15,50",20.25,"43,30",20.3,"37,70",0.05,0.2%,20.3,"5,80",20.35,"7,20",20.4,"13,40","542,30",20.3,19.95,N,N,"17,360,60"
2021-10-30 17:08:32.015478,AAT,21.65,18.85,20.25,20.1,"11,00",20.2,"15,50",20.25,"43,30",20.3,"37,70",0.05,0.2%,20.3,"5,80",20.35,"7,20",20.4,"13,40","542,30",20.3,19.95,N,N,"17,360,60"
2021-10-30 17:08:33.390488,AAT,21.65,18.85,20.25,20.1,"11,00",20.2,"15,50",20.25,"43,30",20.3,"37,70",0.05,0.2%,20.3,"5,80",20.35,"7,20",20.4,"13,40","542,30",20.3,19.95,N,N,"17,360,60"
2021-10-30 17:08:34.483827,AAT,21.65,18.85,20.25,20.1,"11,00",20.2,"15,50",20.25,"43,30",20.3,"37,70",0.05,0.2%,20.3,"5,80",20.35,"7,20",20.4,"13,40","542,30",20.3,19.95,N,N,"17,360,60"
2021-10-30 17:08:35.373518,AAT,21.65,18.85,20.25,20.1,"11,00",20.2,"15,50",20.25,"43,30",20.3,"37,70",0.05,0.2%,20.3,"5,80",20.35,"7,20",20.4,"13,40","542,30",20.3,19.95,N,N,"17,360,60"
2021-10-30 17:08:36.191960,AAT,21.65,18.85,20.25,20.1,"11,00",20.2,"15,50",20.25,"43,30",20.3,"37,70",0.05,0.2%,20.3,"5,80",20.35,"7,20",20.4,"13,40","542,30",20.3,19.95,N,N,"17,360,60"
2021-10-30 17:08:36.979112,AAT,21.65,18.85,20.25,20.1,"11,00",20.2,"15,50",20.25,"43,30",20.3,"37,70",0.05,0.2%,20.3,"5,80",20.35,"7,20",20.4,"13,40","542,30",20.3,19.95,N,N,"17,360,60"
2021-10-30 17:08:37.815023,AAT,21.65,18.85,20.25,20.1,"11,00",20.2,"15,50",20.25,"43,30",20.3,"37,70",0.05,0.2%,20.3,"5,80",20.35,"7,20",20.4,"13,40","542,30",20.3,19.95,N,N,"17,360,60"
2021-10-30 17:08:38.586066,AAT,21.65,18.85,20.25,20.1,"11,00",20.2,"15,50",20.25,"43,30",20.3,"37,70",0.05,0.2%,20.3,"5,80",20.35,"7,20",20.4,"13,40","542,30",20.3,19.95,N,N,"17,360,60"
2021-10-30 17:08:39.781711,AAT,21.65,18.85,20.25,20.1,"11,00",20.2,"15,50",20.25,"43,30",20.3,"37,70",0.05,0.2%,20.3,"5,80",20.35,"7,20",20.4,"13,40","542,30",20.3,19.95,N,N,"17,360,60"
2021-10-30 17:08:40.557214,AAT,21.65,18.85,20.25,20.1,"11,00",20.2,"15,50",20.25,"43,30",20.3,"37,70",0.05,0.2%,20.3,"5,80",20.35,"7,20",20.4,"13,40","542,30",20.3,19.95,N,N,"17,360,60"
2021-10-30 17:08:41.679625,AAT,21.65,18.85,20.25,20.1,"11,00",20.2,"15,50",20.25,"43,30",20.3,"37,70",0.05,0.2%,20.3,"5,80",20.35,"7,20",20.4,"13,40","542,30",20.3,19.95,N,N,"17,360,60"
2021-10-30 17:08:42.723733,AAT,21.65,18.85,20.25,20.1,"11,00",20.2,"15,50",20.25,"43,30",20.3,"37,70",0.05,0.2%,20.3,"5,80",20.35,"7,20",20.4,"13,40","542,30",20.3,19.95,N,N,"17,360,60"
2021-10-30 17:08:43.679708,AAT,21.65,18.85,20.25,20.1,"11,00",20.2,"15,50",20.25,"43,30",20.3,"37,70",0.05,0.2%,20.3,"5,80",20.35,"7,20",20.4,"13,40","542,30",20.3,19.95,N,N,"17,360,60"
2021-10-30 17:08:44.534129,AAT,21.65,18.85,20.25,20.1,"11,00",20.2,"15,50",20.25,"43,30",20.3,"37,70",0.05,0.2%,20.3,"5,80",20.35,"7,20",20.4,"13,40","542,30",20.3,19.95,N,N,"17,360,60"
2021-10-30 17:08:45.584121,AAT,21.65,18.85,20.25,20.1,"11,00",20.2,"15,50",20.25,"43,30",20.3,"37,70",0.05,0.2%,20.3,"5,80",20.35,"7,20",20.4,"13,40","542,30",20.3,19.95,N,N,"17,360,60"
2021-10-30 17:08:46.434143,AAT,21.65,18.85,20.25,20.1,"11,00",20.2,"15,50",20.25,"43,30",20.3,"37,70",0.05,0.2%,20.3,"5,80",20.35,"7,20",20.4,"13,40","542,30",20.3,19.95,N,N,"17,360,60"
2021-10-30 17:08:47.333841,AAT,21.65,18.85,20.25,20.1,"11,00",20.2,"15,50",20.25,"43,30",20.3,"37,70",0.05,0.2%,20.3,"5,80",20.35,"7,20",20.4,"13,40","542,30",20.3,19.95,N,N,"17,360,60"
2021-10-30 17:08:48.266679,AAT,21.65,18.85,20.25,20.1,"11,00",20.2,"15,50",20.25,"43,30",20.3,"37,70",0.05,0.2%,20.3,"5,80",20.35,"7,20",20.4,"13,40","542,30",20.3,19.95,N,N,"17,360,60"
2021-10-30 17:08:49.080916,AAT,21.65,18.85,20.25,20.1,"11,00",20.2,"15,50",20.25,"43,30",20.3,"37,70",0.05,0.2%,20.3,"5,80",20.35,"7,20",20.4,"13,40","542,30",20.3,19.95,N,N,"17,360,60"
2021-10-30 17:08:49.955661,AAT,21.65,18.85,20.25,20.1,"11,00",20.2,"15,50",20.25,"43,30",20.3,"37,70",0.05,0.2%,20.3,"5,80",20.35,"7,20",20.4,"13,40","542,30",20.3,19.95,N,N,"17,360,60"
2021-10-30 17:08:51.034278,AAT,21.65,18.85,20.25,20.1,"11,00",20.2,"15,50",20.25,"43,30",20.3,"37,70",0.05,0.2%,20.3,"5,80",20.35,"7,20",20.4,"13,40","542,30",20.3,19.95,N,N,"17,360,60"
2021-10-30 17:08:51.878954,AAT,21.65,18.85,20.25,20.1,"11,00",20.2,"15,50",20.25,"43,30",20.3,"37,70",0.05,0.2%,20.3,"5,80",20.35,"7,20",20.4,"13,40","542,30",20.3,19.95,N,N,"17,360,60"
2021-10-30 17:08:52.702968,AAT,21.65,18.85,20.25,20.1,"11,00",20.2,"15,50",20.25,"43,30",20.3,"37,70",0.05,0.2%,20.3,"5,80",20.35,"7,20",20.4,"13,40","542,30",20.3,19.95,N,N,"17,360,60"
2021-10-30 17:08:53.518583,AAT,21.65,18.85,20.25,20.1,"11,00",20.2,"15,50",20.25,"43,30",20.3,"37,70",0.05,0.2%,20.3,"5,80",20.35,"7,20",20.4,"13,40","542,30",20.3,19.95,N,N,"17,360,60"
2021-10-30 17:08:54.370042,AAT,21.65,18.85,20.25,20.1,"11,00",20.2,"15,50",20.25,"43,30",20.3,"37,70",0.05,0.2%,20.3,"5,80",20.35,"7,20",20.4,"13,40","542,30",20.3,19.95,N,N,"17,360,60"
2021-10-30 17:08:55.174070,AAT,21.65,18.85,20.25,20.1,"11,00",20.2,"15,50",20.25,"43,30",20.3,"37,70",0.05,0.2%,20.3,"5,80",20.35,"7,20",20.4,"13,40","542,30",20.3,19.95,N,N,"17,360,60"
2021-10-30 17:08:56.358658,AAT,21.65,18.85,20.25,20.1,"11,00",20.2,"15,50",20.25,"43,30",20.3,"37,70",0.05,0.2%,20.3,"5,80",20.35,"7,20",20.4,"13,40","542,30",20.3,19.95,N,N,"17,360,60"
2021-10-30 17:08:57.245553,AAT,21.65,18.85,20.25,20.1,"11,00",20.2,"15,50",20.25,"43,30",20.3,"37,70",0.05,0.2%,20.3,"5,80",20.35,"7,20",20.4,"13,40","542,30",20.3,19.95,N,N,"17,360,60"
2021-10-30 17:08:58.106544,AAT,21.65,18.85,20.25,20.1,"11,00",20.2,"15,50",20.25,"43,30",20.3,"37,70",0.05,0.2%,20.3,"5,80",20.35,"7,20",20.4,"13,40","542,30",20.3,19.95,N,N,"17,360,60"
2021-10-30 17:08:58.910187,AAT,21.65,18.85,20.25,20.1,"11,00",20.2,"15,50",20.25,"43,30",20.3,"37,70",0.05,0.2%,20.3,"5,80",20.35,"7,20",20.4,"13,40","542,30",20.3,19.95,N,N,"17,360,60"
2021-10-30 17:08:59.677200,AAT,21.65,18.85,20.25,20.1,"11,00",20.2,"15,50",20.25,"43,30",20.3,"37,70",0.05,0.2%,20.3,"5,80",20.35,"7,20",20.4,"13,40","542,30",20.3,19.95,N,N,"17,360,60"
2021-10-30 17:09:00.658234,AAT,21.65,18.85,20.25,20.1,"11,00",20.2,"15,50",20.25,"43,30",20.3,"37,70",0.05,0.2%,20.3,"5,80",20.35,"7,20",20.4,"13,40","542,30",20.3,19.95,N,N,"17,360,60"
2021-10-30 17:09:01.684618,AAT,21.65,18.85,20.25,20.1,"11,00",20.2,"15,50",20.25,"43,30",20.3,"37,70",0.05,0.2%,20.3,"5,80",20.35,"7,20",20.4,"13,40","542,30",20.3,19.95,N,N,"17,360,60"
2021-10-30 17:09:02.673292,AAT,21.65,18.85,20.25,20.1,"11,00",20.2,"15,50",20.25,"43,30",20.3,"37,70",0.05,0.2%,20.3,"5,80",20.35,"7,20",20.4,"13,40","542,30",20.3,19.95,N,N,"17,360,60"
2021-10-30 17:09:03.484595,AAT,21.65,18.85,20.25,20.1,"11,00",20.2,"15,50",20.25,"43,30",20.3,"37,70",0.05,0.2%,20.3,"5,80",20.35,"7,20",20.4,"13,40","542,30",20.3,19.95,N,N,"17,360,60"
2021-10-30 17:09:04.306274,AAT,21.65,18.85,20.25,20.1,"11,00",20.2,"15,50",20.25,"43,30",20.3,"37,70",0.05,0.2%,20.3,"5,80",20.35,"7,20",20.4,"13,40","542,30",20.3,19.95,N,N,"17,360,60"
2021-10-30 17:09:05.127357,AAT,21.65,18.85,20.25,20.1,"11,00",20.2,"15,50",20.25,"43,30",20.3,"37,70",0.05,0.2%,20.3,"5,80",20.35,"7,20",20.4,"13,40","542,30",20.3,19.95,N,N,"17,360,60"
2021-10-30 17:09:05.933358,AAT,21.65,18.85,20.25,20.1,"11,00",20.2,"15,50",20.25,"43,30",20.3,"37,70",0.05,0.2%,20.3,"5,80",20.35,"7,20",20.4,"13,40","542,30",20.3,19.95,N,N,"17,360,60"
2021-10-30 17:09:06.782779,AAT,21.65,18.85,20.25,20.1,"11,00",20.2,"15,50",20.25,"43,30",20.3,"37,70",0.05,0.2%,20.3,"5,80",20.35,"7,20",20.4,"13,40","542,30",20.3,19.95,N,N,"17,360,60"
2021-10-30 17:09:07.907421,AAT,21.65,18.85,20.25,20.1,"11,00",20.2,"15,50",20.25,"43,30",20.3,"37,70",0.05,0.2%,20.3,"5,80",20.35,"7,20",20.4,"13,40","542,30",20.3,19.95,N,N,"17,360,60"
2021-10-30 17:09:08.984454,AAT,21.65,18.85,20.25,20.1,"11,00",20.2,"15,50",20.25,"43,30",20.3,"37,70",0.05,0.2%,20.3,"5,80",20.35,"7,20",20.4,"13,40","542,30",20.3,19.95,N,N,"17,360,60"
2021-10-30 17:09:09.965445,AAT,21.65,18.85,20.25,20.1,"11,00",20.2,"15,50",20.25,"43,30",20.3,"37,70",0.05,0.2%,20.3,"5,80",20.35,"7,20",20.4,"13,40","542,30",20.3,19.95,N,N,"17,360,60"
2021-10-30 17:09:10.920407,AAT,21.65,18.85,20.25,20.1,"11,00",20.2,"15,50",20.25,"43,30",20.3,"37,70",0.05,0.2%,20.3,"5,80",20.35,"7,20",20.4,"13,40","542,30",20.3,19.95,N,N,"17,360,60"
2021-10-30 17:09:12.497521,AAT,21.65,18.85,20.25,20.1,"11,00",20.2,"15,50",20.25,"43,30",20.3,"37,70",0.05,0.2%,20.3,"5,80",20.35,"7,20",20.4,"13,40","542,30",20.3,19.95,N,N,"17,360,60"
2021-10-30 17:09:13.693140,AAT,21.65,18.85,20.25,20.1,"11,00",20.2,"15,50",20.25,"43,30",20.3,"37,70",0.05,0.2%,20.3,"5,80",20.35,"7,20",20.4,"13,40","542,30",20.3,19.95,N,N,"17,360,60"
2021-10-30 17:09:14.536995,AAT,21.65,18.85,20.25,20.1,"11,00",20.2,"15,50",20.25,"43,30",20.3,"37,70",0.05,0.2%,20.3,"5,80",20.35,"7,20",20.4,"13,40","542,30",20.3,19.95,N,N,"17,360,60"
2021-10-30 17:09:15.332589,AAT,21.65,18.85,20.25,20.1,"11,00",20.2,"15,50",20.25,"43,30",20.3,"37,70",0.05,0.2%,20.3,"5,80",20.35,"7,20",20.4,"13,40","542,30",20.3,19.95,N,N,"17,360,60"
2021-10-30 17:09:16.184990,AAT,21.65,18.85,20.25,20.1,"11,00",20.2,"15,50",20.25,"43,30",20.3,"37,70",0.05,0.2%,20.3,"5,80",20.35,"7,20",20.4,"13,40","542,30",20.3,19.95,N,N,"17,360,60"
2021-10-30 17:09:16.969646,AAT,21.65,18.85,20.25,20.1,"11,00",20.2,"15,50",20.25,"43,30",20.3,"37,70",0.05,0.2%,20.3,"5,80",20.35,"7,20",20.4,"13,40","542,30",20.3,19.95,N,N,"17,360,60"
2021-10-30 17:09:17.804671,AAT,21.65,18.85,20.25,20.1,"11,00",20.2,"15,50",20.25,"43,30",20.3,"37,70",0.05,0.2%,20.3,"5,80",20.35,"7,20",20.4,"13,40","542,30",20.3,19.95,N,N,"17,360,60"
2021-10-30 17:09:19.114714,AAT,21.65,18.85,20.25,20.1,"11,00",20.2,"15,50",20.25,"43,30",20.3,"37,70",0.05,0.2%,20.3,"5,80",20.35,"7,20",20.4,"13,40","542,30",20.3,19.95,N,N,"17,360,60"
2021-10-30 17:09:19.969734,AAT,21.65,18.85,20.25,20.1,"11,00",20.2,"15,50",20.25,"43,30",20.3,"37,70",0.05,0.2%,20.3,"5,80",20.35,"7,20",20.4,"13,40","542,30",20.3,19.95,N,N,"17,360,60"
2021-10-30 17:09:20.881772,AAT,21.65,18.85,20.25,20.1,"11,00",20.2,"15,50",20.25,"43,30",20.3,"37,70",0.05,0.2%,20.3,"5,80",20.35,"7,20",20.4,"13,40","542,30",20.3,19.95,N,N,"17,360,60"
2021-10-30 17:09:21.679178,AAT,21.65,18.85,20.25,20.1,"11,00",20.2,"15,50",20.25,"43,30",20.3,"37,70",0.05,0.2%,20.3,"5,80",20.35,"7,20",20.4,"13,40","542,30",20.3,19.95,N,N,"17,360,60"
2021-10-30 17:09:22.618810,AAT,21.65,18.85,20.25,20.1,"11,00",20.2,"15,50",20.25,"43,30",20.3,"37,70",0.05,0.2%,20.3,"5,80",20.35,"7,20",20.4,"13,40","542,30",20.3,19.95,N,N,"17,360,60"
2021-10-30 17:09:23.422761,AAT,21.65,18.85,20.25,20.1,"11,00",20.2,"15,50",20.25,"43,30",20.3,"37,70",0.05,0.2%,20.3,"5,80",20.35,"7,20",20.4,"13,40","542,30",20.3,19.95,N,N,"17,360,60"
2021-10-30 17:09:24.455845,AAT,21.65,18.85,20.25,20.1,"11,00",20.2,"15,50",20.25,"43,30",20.3,"37,70",0.05,0.2%,20.3,"5,80",20.35,"7,20",20.4,"13,40","542,30",20.3,19.95,N,N,"17,360,60"
2021-10-30 17:09:25.389275,AAT,21.65,18.85,20.25,20.1,"11,00",20.2,"15,50",20.25,"43,30",20.3,"37,70",0.05,0.2%,20.3,"5,80",20.35,"7,20",20.4,"13,40","542,30",20.3,19.95,N,N,"17,360,60"
2021-10-30 17:09:26.185231,AAT,21.65,18.85,20.25,20.1,"11,00",20.2,"15,50",20.25,"43,30",20.3,"37,70",0.05,0.2%,20.3,"5,80",20.35,"7,20",20.4,"13,40","542,30",20.3,19.95,N,N,"17,360,60"
2021-10-30 17:09:27.030930,AAT,21.65,18.85,20.25,20.1,"11,00",20.2,"15,50",20.25,"43,30",20.3,"37,70",0.05,0.2%,20.3,"5,80",20.35,"7,20",20.4,"13,40","542,30",20.3,19.95,N,N,"17,360,60"
2021-10-30 17:09:27.870474,AAT,21.65,18.85,20.25,20.1,"11,00",20.2,"15,50",20.25,"43,30",20.3,"37,70",0.05,0.2%,20.3,"5,80",20.35,"7,20",20.4,"13,40","542,30",20.3,19.95,N,N,"17,360,60"
2021-10-30 17:09:28.695000,AAT,21.65,18.85,20.25,20.1,"11,00",20.2,"15,50",20.25,"43,30",20.3,"37,70",0.05,0.2%,20.3,"5,80",20.35,"7,20",20.4,"13,40","542,30",20.3,19.95,N,N,"17,360,60"
2021-10-30 17:09:29.506009,AAT,21.65,18.85,20.25,20.1,"11,00",20.2,"15,50",20.25,"43,30",20.3,"37,70",0.05,0.2%,20.3,"5,80",20.35,"7,20",20.4,"13,40","542,30",20.3,19.95,N,N,"17,360,60"
2021-10-30 17:09:30.623941,AAT,21.65,18.85,20.25,20.1,"11,00",20.2,"15,50",20.25,"43,30",20.3,"37,70",0.05,0.2%,20.3,"5,80",20.35,"7,20",20.4,"13,40","542,30",20.3,19.95,N,N,"17,360,60"
2021-10-30 17:09:31.472003,AAT,21.65,18.85,20.25,20.1,"11,00",20.2,"15,50",20.25,"43,30",20.3,"37,70",0.05,0.2%,20.3,"5,80",20.35,"7,20",20.4,"13,40","542,30",20.3,19.95,N,N,"17,360,60"
2021-10-30 17:09:32.300055,AAT,21.65,18.85,20.25,20.1,"11,00",20.2,"15,50",20.25,"43,30",20.3,"37,70",0.05,0.2%,20.3,"5,80",20.35,"7,20",20.4,"13,40","542,30",20.3,19.95,N,N,"17,360,60"
2021-10-30 17:09:33.122080,AAT,21.65,18.85,20.25,20.1,"11,00",20.2,"15,50",20.25,"43,30",20.3,"37,70",0.05,0.2%,20.3,"5,80",20.35,"7,20",20.4,"13,40","542,30",20.3,19.95,N,N,"17,360,60"
2021-10-30 17:09:33.924012,AAT,21.65,18.85,20.25,20.1,"11,00",20.2,"15,50",20.25,"43,30",20.3,"37,70",0.05,0.2%,20.3,"5,80",20.35,"7,20",20.4,"13,40","542,30",20.3,19.95,N,N,"17,360,60"
2021-10-30 17:09:34.723153,AAT,21.65,18.85,20.25,20.1,"11,00",20.2,"15,50",20.25,"43,30",20.3,"37,70",0.05,0.2%,20.3,"5,80",20.35,"7,20",20.4,"13,40","542,30",20.3,19.95,N,N,"17,360,60"
2021-10-30 17:09:35.871173,AAT,21.65,18.85,20.25,20.1,"11,00",20.2,"15,50",20.25,"43,30",20.3,"37,70",0.05,0.2%,20.3,"5,80",20.35,"7,20",20.4,"13,40","542,30",20.3,19.95,N,N,"17,360,60"
2021-10-30 17:09:36.715126,AAT,21.65,18.85,20.25,20.1,"11,00",20.2,"15,50",20.25,"43,30",20.3,"37,70",0.05,0.2%,20.3,"5,80",20.35,"7,20",20.4,"13,40","542,30",20.3,19.95,N,N,"17,360,60"
2021-10-30 17:09:37.562212,AAT,21.65,18.85,20.25,20.1,"11,00",20.2,"15,50",20.25,"43,30",20.3,"37,70",0.05,0.2%,20.3,"5,80",20.35,"7,20",20.4,"13,40","542,30",20.3,19.95,N,N,"17,360,60"
2021-10-30 17:09:38.354822,AAT,21.65,18.85,20.25,20.1,"11,00",20.2,"15,50",20.25,"43,30",20.3,"37,70",0.05,0.2%,20.3,"5,80",20.35,"7,20",20.4,"13,40","542,30",20.3,19.95,N,N,"17,360,60"
2021-10-30 17:09:39.172236,AAT,21.65,18.85,20.25,20.1,"11,00",20.2,"15,50",20.25,"43,30",20.3,"37,70",0.05,0.2%,20.3,"5,80",20.35,"7,20",20.4,"13,40","542,30",20.3,19.95,N,N,"17,360,60"
2021-10-30 17:09:40.035599,AAT,21.65,18.85,20.25,20.1,"11,00",20.2,"15,50",20.25,"43,30",20.3,"37,70",0.05,0.2%,20.3,"5,80",20.35,"7,20",20.4,"13,40","542,30",20.3,19.95,N,N,"17,360,60"
2021-10-30 17:09:40.860311,AAT,21.65,18.85,20.25,20.1,"11,00",20.2,"15,50",20.25,"43,30",20.3,"37,70",0.05,0.2%,20.3,"5,80",20.35,"7,20",20.4,"13,40","542,30",20.3,19.95,N,N,"17,360,60"
2021-10-30 17:09:42.465268,AAT,21.65,18.85,20.25,20.1,"11,00",20.2,"15,50",20.25,"43,30",20.3,"37,70",0.05,0.2%,20.3,"5,80",20.35,"7,20",20.4,"13,40","542,30",20.3,19.95,N,N,"17,360,60"
2021-10-30 17:09:43.410980,AAT,21.65,18.85,20.25,20.1,"11,00",20.2,"15,50",20.25,"43,30",20.3,"37,70",0.05,0.2%,20.3,"5,80",20.35,"7,20",20.4,"13,40","542,30",20.3,19.95,N,N,"17,360,60"
2021-10-30 17:09:44.235721,AAT,21.65,18.85,20.25,20.1,"11,00",20.2,"15,50",20.25,"43,30",20.3,"37,70",0.05,0.2%,20.3,"5,80",20.35,"7,20",20.4,"13,40","542,30",20.3,19.95,N,N,"17,360,60"
2021-10-30 17:09:45.139399,AAT,21.65,18.85,20.25,20.1,"11,00",20.2,"15,50",20.25,"43,30",20.3,"37,70",0.05,0.2%,20.3,"5,80",20.35,"7,20",20.4,"13,40","542,30",20.3,19.95,N,N,"17,360,60"
2021-10-30 17:09:46.032422,AAT,21.65,18.85,20.25,20.1,"11,00",20.2,"15,50",20.25,"43,30",20.3,"37,70",0.05,0.2%,20.3,"5,80",20.35,"7,20",20.4,"13,40","542,30",20.3,19.95,N,N,"17,360,60"
2021-10-30 17:09:47.084902,AAT,21.65,18.85,20.25,20.1,"11,00",20.2,"15,50",20.25,"43,30",20.3,"37,70",0.05,0.2%,20.3,"5,80",20.35,"7,20",20.4,"13,40","542,30",20.3,19.95,N,N,"17,360,60"
2021-10-30 17:09:47.985803,AAT,21.65,18.85,20.25,20.1,"11,00",20.2,"15,50",20.25,"43,30",20.3,"37,70",0.05,0.2%,20.3,"5,80",20.35,"7,20",20.4,"13,40","542,30",20.3,19.95,N,N,"17,360,60"
2021-10-30 17:09:48.749952,AAT,21.65,18.85,20.25,20.1,"11,00",20.2,"15,50",20.25,"43,30",20.3,"37,70",0.05,0.2%,20.3,"5,80",20.35,"7,20",20.4,"13,40","542,30",20.3,19.95,N,N,"17,360,60"
2021-10-30 17:09:49.581518,AAT,21.65,18.85,20.25,20.1,"11,00",20.2,"15,50",20.25,"43,30",20.3,"37,70",0.05,0.2%,20.3,"5,80",20.35,"7,20",20.4,"13,40","542,30",20.3,19.95,N,N,"17,360,60"
2021-10-30 17:09:50.406163,AAT,21.65,18.85,20.25,20.1,"11,00",20.2,"15,50",20.25,"43,30",20.3,"37,70",0.05,0.2%,20.3,"5,80",20.35,"7,20",20.4,"13,40","542,30",20.3,19.95,N,N,"17,360,60"
2021-10-30 17:09:51.185870,AAT,21.65,18.85,20.25,20.1,"11,00",20.2,"15,50",20.25,"43,30",20.3,"37,70",0.05,0.2%,20.3,"5,80",20.35,"7,20",20.4,"13,40","542,30",20.3,19.95,N,N,"17,360,60"
2021-10-30 17:09:52.035925,AAT,21.65,18.85,20.25,20.1,"11,00",20.2,"15,50",20.25,"43,30",20.3,"37,70",0.05,0.2%,20.3,"5,80",20.35,"7,20",20.4,"13,40","542,30",20.3,19.95,N,N,"17,360,60"
2021-10-30 17:09:53.150010,AAT,21.65,18.85,20.25,20.1,"11,00",20.2,"15,50",20.25,"43,30",20.3,"37,70",0.05,0.2%,20.3,"5,80",20.35,"7,20",20.4,"13,40","542,30",20.3,19.95,N,N,"17,360,60"
2021-10-30 17:09:54.074666,AAT,21.65,18.85,20.25,20.1,"11,00",20.2,"15,50",20.25,"43,30",20.3,"37,70",0.05,0.2%,20.3,"5,80",20.35,"7,20",20.4,"13,40","542,30",20.3,19.95,N,N,"17,360,60"
2021-10-30 17:09:54.834683,AAT,21.65,18.85,20.25,20.1,"11,00",20.2,"15,50",20.25,"43,30",20.3,"37,70",0.05,0.2%,20.3,"5,80",20.35,"7,20",20.4,"13,40","542,30",20.3,19.95,N,N,"17,360,60"
2021-10-30 17:09:55.636033,AAT,21.65,18.85,20.25,20.1,"11,00",20.2,"15,50",20.25,"43,30",20.3,"37,70",0.05,0.2%,20.3,"5,80",20.35,"7,20",20.4,"13,40","542,30",20.3,19.95,N,N,"17,360,60"
2021-10-30 17:09:56.476681,AAT,21.65,18.85,20.25,20.1,"11,00",20.2,"15,50",20.25,"43,30",20.3,"37,70",0.05,0.2%,20.3,"5,80",20.35,"7,20",20.4,"13,40","542,30",20.3,19.95,N,N,"17,360,60"
2021-10-30 17:09:57.266706,AAT,21.65,18.85,20.25,20.1,"11,00",20.2,"15,50",20.25,"43,30",20.3,"37,70",0.05,0.2%,20.3,"5,80",20.35,"7,20",20.4,"13,40","542,30",20.3,19.95,N,N,"17,360,60"
2021-10-30 17:09:58.427767,AAT,21.65,18.85,20.25,20.1,"11,00",20.2,"15,50",20.25,"43,30",20.3,"37,70",0.05,0.2%,20.3,"5,80",20.35,"7,20",20.4,"13,40","542,30",20.3,19.95,N,N,"17,360,60"
2021-10-30 17:09:59.313349,AAT,21.65,18.85,20.25,20.1,"11,00",20.2,"15,50",20.25,"43,30",20.3,"37,70",0.05,0.2%,20.3,"5,80",20.35,"7,20",20.4,"13,40","542,30",20.3,19.95,N,N,"17,360,60"
2021-10-30 17:10:00.179754,AAT,21.65,18.85,20.25,20.1,"11,00",20.2,"15,50",20.25,"43,30",20.3,"37,70",0.05,0.2%,20.3,"5,80",20.35,"7,20",20.4,"13,40","542,30",20.3,19.95,N,N,"17,360,60"
2021-10-30 17:10:01.430837,AAT,21.65,18.85,20.25,20.1,"11,00",20.2,"15,50",20.25,"43,30",20.3,"37,70",0.05,0.2%,20.3,"5,80",20.35,"7,20",20.4,"13,40","542,30",20.3,19.95,N,N,"17,360,60"
2021-10-30 17:10:02.229833,AAT,21.65,18.85,20.25,20.1,"11,00",20.2,"15,50",20.25,"43,30",20.3,"37,70",0.05,0.2%,20.3,"5,80",20.35,"7,20",20.4,"13,40","542,30",20.3,19.95,N,N,"17,360,60"
2021-10-30 17:10:03.067585,AAT,21.65,18.85,20.25,20.1,"11,00",20.2,"15,50",20.25,"43,30",20.3,"37,70",0.05,0.2%,20.3,"5,80",20.35,"7,20",20.4,"13,40","542,30",20.3,19.95,N,N,"17,360,60"
2021-10-30 17:10:04.436291,AAT,21.65,18.85,20.25,20.1,"11,00",20.2,"15,50",20.25,"43,30",20.3,"37,70",0.05,0.2%,20.3,"5,80",20.35,"7,20",20.4,"13,40","542,30",20.3,19.95,N,N,"17,360,60"
2021-10-30 17:10:05.330942,AAT,21.65,18.85,20.25,20.1,"11,00",20.2,"15,50",20.25,"43,30",20.3,"37,70",0.05,0.2%,20.3,"5,80",20.35,"7,20",20.4,"13,40","542,30",20.3,19.95,N,N,"17,360,60"
2021-10-30 17:10:06.123536,AAT,21.65,18.85,20.25,20.1,"11,00",20.2,"15,50",20.25,"43,30",20.3,"37,70",0.05,0.2%,20.3,"5,80",20.35,"7,20",20.4,"13,40","542,30",20.3,19.95,N,N,"17,360,60"
2021-10-30 17:10:06.978505,AAT,21.65,18.85,20.25,20.1,"11,00",20.2,"15,50",20.25,"43,30",20.3,"37,70",0.05,0.2%,20.3,"5,80",20.35,"7,20",20.4,"13,40","542,30",20.3,19.95,N,N,"17,360,60"
2021-10-30 17:10:07.767023,AAT,21.65,18.85,20.25,20.1,"11,00",20.2,"15,50",20.25,"43,30",20.3,"37,70",0.05,0.2%,20.3,"5,80",20.35,"7,20",20.4,"13,40","542,30",20.3,19.95,N,N,"17,360,60"
2021-10-30 17:10:08.571601,AAT,21.65,18.85,20.25,20.1,"11,00",20.2,"15,50",20.25,"43,30",20.3,"37,70",0.05,0.2%,20.3,"5,80",20.35,"7,20",20.4,"13,40","542,30",20.3,19.95,N,N,"17,360,60"
2021-10-30 17:10:09.902076,AAT,21.65,18.85,20.25,20.1,"11,00",20.2,"15,50",20.25,"43,30",20.3,"37,70",0.05,0.2%,20.3,"5,80",20.35,"7,20",20.4,"13,40","542,30",20.3,19.95,N,N,"17,360,60"
2021-10-30 17:10:10.889093,AAT,21.65,18.85,20.25,20.1,"11,00",20.2,"15,50",20.25,"43,30",20.3,"37,70",0.05,0.2%,20.3,"5,80",20.35,"7,20",20.4,"13,40","542,30",20.3,19.95,N,N,"17,360,60"
2021-10-30 17:10:12.329090,AAT,21.65,18.85,20.25,20.1,"11,00",20.2,"15,50",20.25,"43,30",20.3,"37,70",0.05,0.2%,20.3,"5,80",20.35,"7,20",20.4,"13,40","542,30",20.3,19.95,N,N,"17,360,60"
2021-10-30 17:10:13.124155,AAT,21.65,18.85,20.25,20.1,"11,00",20.2,"15,50",20.25,"43,30",20.3,"37,70",0.05,0.2%,20.3,"5,80",20.35,"7,20",20.4,"13,40","542,30",20.3,19.95,N,N,"17,360,60"
2021-10-30 17:10:14.136490,AAT,21.65,18.85,20.25,20.1,"11,00",20.2,"15,50",20.25,"43,30",20.3,"37,70",0.05,0.2%,20.3,"5,80",20.35,"7,20",20.4,"13,40","542,30",20.3,19.95,N,N,"17,360,60"
2021-10-30 17:10:15.365144,AAT,21.65,18.85,20.25,20.1,"11,00",20.2,"15,50",20.25,"43,30",20.3,"37,70",0.05,0.2%,20.3,"5,80",20.35,"7,20",20.4,"13,40","542,30",20.3,19.95,N,N,"17,360,60"
2021-10-30 17:10:16.409230,AAT,21.65,18.85,20.25,20.1,"11,00",20.2,"15,50",20.25,"43,30",20.3,"37,70",0.05,0.2%,20.3,"5,80",20.35,"7,20",20.4,"13,40","542,30",20.3,19.95,N,N,"17,360,60"
2021-10-30 17:10:17.329235,AAT,21.65,18.85,20.25,20.1,"11,00",20.2,"15,50",20.25,"43,30",20.3,"37,70",0.05,0.2%,20.3,"5,80",20.35,"7,20",20.4,"13,40","542,30",20.3,19.95,N,N,"17,360,60"
2021-10-30 17:10:18.450698,AAT,21.65,18.85,20.25,20.1,"11,00",20.2,"15,50",20.25,"43,30",20.3,"37,70",0.05,0.2%,20.3,"5,80",20.35,"7,20",20.4,"13,40","542,30",20.3,19.95,N,N,"17,360,60"
2021-10-30 17:10:19.326889,AAT,21.65,18.85,20.25,20.1,"11,00",20.2,"15,50",20.25,"43,30",20.3,"37,70",0.05,0.2%,20.3,"5,80",20.35,"7,20",20.4,"13,40","542,30",20.3,19.95,N,N,"17,360,60"
2021-10-30 17:10:20.123993,AAT,21.65,18.85,20.25,20.1,"11,00",20.2,"15,50",20.25,"43,30",20.3,"37,70",0.05,0.2%,20.3,"5,80",20.35,"7,20",20.4,"13,40","542,30",20.3,19.95,N,N,"17,360,60"
2021-10-30 17:10:21.281392,AAT,21.65,18.85,20.25,20.1,"11,00",20.2,"15,50",20.25,"43,30",20.3,"37,70",0.05,0.2%,20.3,"5,80",20.35,"7,20",20.4,"13,40","542,30",20.3,19.95,N,N,"17,360,60"
2021-10-30 17:10:22.127331,AAT,21.65,18.85,20.25,20.1,"11,00",20.2,"15,50",20.25,"43,30",20.3,"37,70",0.05,0.2%,20.3,"5,80",20.35,"7,20",20.4,"13,40","542,30",20.3,19.95,N,N,"17,360,60"
2021-10-30 17:10:23.122448,AAT,21.65,18.85,20.25,20.1,"11,00",20.2,"15,50",20.25,"43,30",20.3,"37,70",0.05,0.2%,20.3,"5,80",20.35,"7,20",20.4,"13,40","542,30",20.3,19.95,N,N,"17,360,60"
2021-10-30 17:10:24.078431,AAT,21.65,18.85,20.25,20.1,"11,00",20.2,"15,50",20.25,"43,30",20.3,"37,70",0.05,0.2%,20.3,"5,80",20.35,"7,20",20.4,"13,40","542,30",20.3,19.95,N,N,"17,360,60"
2021-10-30 17:10:24.856887,AAT,21.65,18.85,20.25,20.1,"11,00",20.2,"15,50",20.25,"43,30",20.3,"37,70",0.05,0.2%,20.3,"5,80",20.35,"7,20",20.4,"13,40","542,30",20.3,19.95,N,N,"17,360,60"
2021-10-30 17:10:25.686838,AAT,21.65,18.85,20.25,20.1,"11,00",20.2,"15,50",20.25,"43,30",20.3,"37,70",0.05,0.2%,20.3,"5,80",20.35,"7,20",20.4,"13,40","542,30",20.3,19.95,N,N,"17,360,60"
2021-10-30 17:10:26.797527,AAT,21.65,18.85,20.25,20.1,"11,00",20.2,"15,50",20.25,"43,30",20.3,"37,70",0.05,0.2%,20.3,"5,80",20.35,"7,20",20.4,"13,40","542,30",20.3,19.95,N,N,"17,360,60"
2021-10-30 17:10:27.719557,AAT,21.65,18.85,20.25,20.1,"11,00",20.2,"15,50",20.25,"43,30",20.3,"37,70",0.05,0.2%,20.3,"5,80",20.35,"7,20",20.4,"13,40","542,30",20.3,19.95,N,N,"17,360,60"
2021-10-30 17:10:28.505599,AAT,21.65,18.85,20.25,20.1,"11,00",20.2,"15,50",20.25,"43,30",20.3,"37,70",0.05,0.2%,20.3,"5,80",20.35,"7,20",20.4,"13,40","542,30",20.3,19.95,N,N,"17,360,60"
2021-10-30 17:10:29.286914,AAT,21.65,18.85,20.25,20.1,"11,00",20.2,"15,50",20.25,"43,30",20.3,"37,70",0.05,0.2%,20.3,"5,80",20.35,"7,20",20.4,"13,40","542,30",20.3,19.95,N,N,"17,360,60"
2021-10-30 17:10:30.225685,AAT,21.65,18.85,20.25,20.1,"11,00",20.2,"15,50",20.25,"43,30",20.3,"37,70",0.05,0.2%,20.3,"5,80",20.35,"7,20",20.4,"13,40","542,30",20.3,19.95,N,N,"17,360,60"
2021-10-30 17:10:31.026633,AAT,21.65,18.85,20.25,20.1,"11,00",20.2,"15,50",20.25,"43,30",20.3,"37,70",0.05,0.2%,20.3,"5,80",20.35,"7,20",20.4,"13,40","542,30",20.3,19.95,N,N,"17,360,60"
2021-10-30 17:10:31.973675,AAT,21.65,18.85,20.25,20.1,"11,00",20.2,"15,50",20.25,"43,30",20.3,"37,70",0.05,0.2%,20.3,"5,80",20.35,"7,20",20.4,"13,40","542,30",20.3,19.95,N,N,"17,360,60"
2021-10-30 17:10:32.987026,AAT,21.65,18.85,20.25,20.1,"11,00",20.2,"15,50",20.25,"43,30",20.3,"37,70",0.05,0.2%,20.3,"5,80",20.35,"7,20",20.4,"13,40","542,30",20.3,19.95,N,N,"17,360,60"
2021-10-30 17:10:33.847161,AAT,21.65,18.85,20.25,20.1,"11,00",20.2,"15,50",20.25,"43,30",20.3,"37,70",0.05,0.2%,20.3,"5,80",20.35,"7,20",20.4,"13,40","542,30",20.3,19.95,N,N,"17,360,60"
2021-10-30 17:10:34.627740,AAT,21.65,18.85,20.25,20.1,"11,00",20.2,"15,50",20.25,"43,30",20.3,"37,70",0.05,0.2%,20.3,"5,80",20.35,"7,20",20.4,"13,40","542,30",20.3,19.95,N,N,"17,360,60"
2021-10-30 17:10:35.426145,AAT,21.65,18.85,20.25,20.1,"11,00",20.2,"15,50",20.25,"43,30",20.3,"37,70",0.05,0.2%,20.3,"5,80",20.35,"7,20",20.4,"13,40","542,30",20.3,19.95,N,N,"17,360,60"
2021-10-30 17:10:36.240294,AAT,21.65,18.85,20.25,20.1,"11,00",20.2,"15,50",20.25,"43,30",20.3,"37,70",0.05,0.2%,20.3,"5,80",20.35,"7,20",20.4,"13,40","542,30",20.3,19.95,N,N,"17,360,60"
2021-10-30 17:10:37.035760,AAT,21.65,18.85,20.25,20.1,"11,00",20.2,"15,50",20.25,"43,30",20.3,"37,70",0.05,0.2%,20.3,"5,80",20.35,"7,20",20.4,"13,40","542,30",20.3,19.95,N,N,"17,360,60"
2021-10-30 17:10:38.217334,AAT,21.65,18.85,20.25,20.1,"11,00",20.2,"15,50",20.25,"43,30",20.3,"37,70",0.05,0.2%,20.3,"5,80",20.35,"7,20",20.4,"13,40","542,30",20.3,19.95,N,N,"17,360,60"
2021-10-30 17:10:39.005847,AAT,21.65,18.85,20.25,20.1,"11,00",20.2,"15,50",20.25,"43,30",20.3,"37,70",0.05,0.2%,20.3,"5,80",20.35,"7,20",20.4,"13,40","542,30",20.3,19.95,N,N,"17,360,60"
2021-10-30 17:10:39.937187,AAT,21.65,18.85,20.25,20.1,"11,00",20.2,"15,50",20.25,"43,30",20.3,"37,70",0.05,0.2%,20.3,"5,80",20.35,"7,20",20.4,"13,40","542,30",20.3,19.95,N,N,"17,360,60"
2021-10-30 17:10:40.721436,AAT,21.65,18.85,20.25,20.1,"11,00",20.2,"15,50",20.25,"43,30",20.3,"37,70",0.05,0.2%,20.3,"5,80",20.35,"7,20",20.4,"13,40","542,30",20.3,19.95,N,N,"17,360,60"
2021-10-30 17:10:42.022889,AAT,21.65,18.85,20.25,20.1,"11,00",20.2,"15,50",20.25,"43,30",20.3,"37,70",0.05,0.2%,20.3,"5,80",20.35,"7,20",20.4,"13,40","542,30",20.3,19.95,N,N,"17,360,60"
2021-10-30 17:10:42.909581,AAT,21.65,18.85,20.25,20.1,"11,00",20.2,"15,50",20.25,"43,30",20.3,"37,70",0.05,0.2%,20.3,"5,80",20.35,"7,20",20.4,"13,40","542,30",20.3,19.95,N,N,"17,360,60"
2021-10-30 17:10:44.027607,AAT,21.65,18.85,20.25,20.1,"11,00",20.2,"15,50",20.25,"43,30",20.3,"37,70",0.05,0.2%,20.3,"5,80",20.35,"7,20",20.4,"13,40","542,30",20.3,19.95,N,N,"17,360,60"
2021-10-30 17:10:44.895444,AAT,21.65,18.85,20.25,20.1,"11,00",20.2,"15,50",20.25,"43,30",20.3,"37,70",0.05,0.2%,20.3,"5,80",20.35,"7,20",20.4,"13,40","542,30",20.3,19.95,N,N,"17,360,60"
2021-10-30 17:10:45.687353,AAT,21.65,18.85,20.25,20.1,"11,00",20.2,"15,50",20.25,"43,30",20.3,"37,70",0.05,0.2%,20.3,"5,80",20.35,"7,20",20.4,"13,40","542,30",20.3,19.95,N,N,"17,360,60"
2021-10-30 17:10:46.521040,AAT,21.65,18.85,20.25,20.1,"11,00",20.2,"15,50",20.25,"43,30",20.3,"37,70",0.05,0.2%,20.3,"5,80",20.35,"7,20",20.4,"13,40","542,30",20.3,19.95,N,N,"17,360,60"
2021-10-30 17:10:47.319078,AAT,21.65,18.85,20.25,20.1,"11,00",20.2,"15,50",20.25,"43,30",20.3,"37,70",0.05,0.2%,20.3,"5,80",20.35,"7,20",20.4,"13,40","542,30",20.3,19.95,N,N,"17,360,60"
2021-10-30 17:10:48.186119,AAT,21.65,18.85,20.25,20.1,"11,00",20.2,"15,50",20.25,"43,30",20.3,"37,70",0.05,0.2%,20.3,"5,80",20.35,"7,20",20.4,"13,40","542,30",20.3,19.95,N,N,"17,360,60"
2021-10-30 17:10:49.234090,AAT,21.65,18.85,20.25,20.1,"11,00",20.2,"15,50",20.25,"43,30",20.3,"37,70",0.05,0.2%,20.3,"5,80",20.35,"7,20",20.4,"13,40","542,30",20.3,19.95,N,N,"17,360,60"
2021-10-30 17:10:50.085120,AAT,21.65,18.85,20.25,20.1,"11,00",20.2,"15,50",20.25,"43,30",20.3,"37,70",0.05,0.2%,20.3,"5,80",20.35,"7,20",20.4,"13,40","542,30",20.3,19.95,N,N,"17,360,60"
2021-10-30 17:10:50.910175,AAT,21.65,18.85,20.25,20.1,"11,00",20.2,"15,50",20.25,"43,30",20.3,"37,70",0.05,0.2%,20.3,"5,80",20.35,"7,20",20.4,"13,40","542,30",20.3,19.95,N,N,"17,360,60"
2021-10-30 17:10:51.720199,AAT,21.65,18.85,20.25,20.1,"11,00",20.2,"15,50",20.25,"43,30",20.3,"37,70",0.05,0.2%,20.3,"5,80",20.35,"7,20",20.4,"13,40","542,30",20.3,19.95,N,N,"17,360,60"
2021-10-30 17:10:52.587553,AAT,21.65,18.85,20.25,20.1,"11,00",20.2,"15,50",20.25,"43,30",20.3,"37,70",0.05,0.2%,20.3,"5,80",20.35,"7,20",20.4,"13,40","542,30",20.3,19.95,N,N,"17,360,60"
2021-10-30 17:10:53.436198,AAT,21.65,18.85,20.25,20.1,"11,00",20.2,"15,50",20.25,"43,30",20.3,"37,70",0.05,0.2%,20.3,"5,80",20.35,"7,20",20.4,"13,40","542,30",20.3,19.95,N,N,"17,360,60"
2021-10-30 17:10:54.461287,AAT,21.65,18.85,20.25,20.1,"11,00",20.2,"15,50",20.25,"43,30",20.3,"37,70",0.05,0.2%,20.3,"5,80",20.35,"7,20",20.4,"13,40","542,30",20.3,19.95,N,N,"17,360,60"
2021-10-30 17:10:55.529313,AAT,21.65,18.85,20.25,20.1,"11,00",20.2,"15,50",20.25,"43,30",20.3,"37,70",0.05,0.2%,20.3,"5,80",20.35,"7,20",20.4,"13,40","542,30",20.3,19.95,N,N,"17,360,60"
2021-10-30 17:10:56.324700,AAT,21.65,18.85,20.25,20.1,"11,00",20.2,"15,50",20.25,"43,30",20.3,"37,70",0.05,0.2%,20.3,"5,80",20.35,"7,20",20.4,"13,40","542,30",20.3,19.95,N,N,"17,360,60"
2021-10-30 17:10:57.137655,AAT,21.65,18.85,20.25,20.1,"11,00",20.2,"15,50",20.25,"43,30",20.3,"37,70",0.05,0.2%,20.3,"5,80",20.35,"7,20",20.4,"13,40","542,30",20.3,19.95,N,N,"17,360,60"
2021-10-30 17:10:58.053412,AAT,21.65,18.85,20.25,20.1,"11,00",20.2,"15,50",20.25,"43,30",20.3,"37,70",0.05,0.2%,20.3,"5,80",20.35,"7,20",20.4,"13,40","542,30",20.3,19.95,N,N,"17,360,60"
2021-10-30 17:10:58.896860,AAT,21.65,18.85,20.25,20.1,"11,00",20.2,"15,50",20.25,"43,30",20.3,"37,70",0.05,0.2%,20.3,"5,80",20.35,"7,20",20.4,"13,40","542,30",20.3,19.95,N,N,"17,360,60"
2021-10-30 17:10:59.687732,AAT,21.65,18.85,20.25,20.1,"11,00",20.2,"15,50",20.25,"43,30",20.3,"37,70",0.05,0.2%,20.3,"5,80",20.35,"7,20",20.4,"13,40","542,30",20.3,19.95,N,N,"17,360,60"
2021-10-30 17:11:00.873997,AAT,21.65,18.85,20.25,20.1,"11,00",20.2,"15,50",20.25,"43,30",20.3,"37,70",0.05,0.2%,20.3,"5,80",20.35,"7,20",20.4,"13,40","542,30",20.3,19.95,N,N,"17,360,60"
2021-10-30 17:11:01.684140,AAT,21.65,18.85,20.25,20.1,"11,00",20.2,"15,50",20.25,"43,30",20.3,"37,70",0.05,0.2%,20.3,"5,80",20.35,"7,20",20.4,"13,40","542,30",20.3,19.95,N,N,"17,360,60"
2021-10-30 17:11:02.616516,AAT,21.65,18.85,20.25,20.1,"11,00",20.2,"15,50",20.25,"43,30",20.3,"37,70",0.05,0.2%,20.3,"5,80",20.35,"7,20",20.4,"13,40","542,30",20.3,19.95,N,N,"17,360,60"
2021-10-30 17:11:03.584525,AAT,21.65,18.85,20.25,20.1,"11,00",20.2,"15,50",20.25,"43,30",20.3,"37,70",0.05,0.2%,20.3,"5,80",20.35,"7,20",20.4,"13,40","542,30",20.3,19.95,N,N,"17,360,60"
2021-10-30 17:11:04.365504,AAT,21.65,18.85,20.25,20.1,"11,00",20.2,"15,50",20.25,"43,30",20.3,"37,70",0.05,0.2%,20.3,"5,80",20.35,"7,20",20.4,"13,40","542,30",20.3,19.95,N,N,"17,360,60"
2021-10-30 17:11:05.187862,AAT,21.65,18.85,20.25,20.1,"11,00",20.2,"15,50",20.25,"43,30",20.3,"37,70",0.05,0.2%,20.3,"5,80",20.35,"7,20",20.4,"13,40","542,30",20.3,19.95,N,N,"17,360,60"
2021-10-30 17:11:06.295020,AAT,21.65,18.85,20.25,20.1,"11,00",20.2,"15,50",20.25,"43,30",20.3,"37,70",0.05,0.2%,20.3,"5,80",20.35,"7,20",20.4,"13,40","542,30",20.3,19.95,N,N,"17,360,60"
2021-10-30 17:11:07.150045,AAT,21.65,18.85,20.25,20.1,"11,00",20.2,"15,50",20.25,"43,30",20.3,"37,70",0.05,0.2%,20.3,"5,80",20.35,"7,20",20.4,"13,40","542,30",20.3,19.95,N,N,"17,360,60"
2021-10-30 17:11:08.069660,AAT,21.65,18.85,20.25,20.1,"11,00",20.2,"15,50",20.25,"43,30",20.3,"37,70",0.05,0.2%,20.3,"5,80",20.35,"7,20",20.4,"13,40","542,30",20.3,19.95,N,N,"17,360,60"
2021-10-30 17:11:08.873688,AAT,21.65,18.85,20.25,20.1,"11,00",20.2,"15,50",20.25,"43,30",20.3,"37,70",0.05,0.2%,20.3,"5,80",20.35,"7,20",20.4,"13,40","542,30",20.3,19.95,N,N,"17,360,60"
2021-10-30 17:11:09.731672,AAT,21.65,18.85,20.25,20.1,"11,00",20.2,"15,50",20.25,"43,30",20.3,"37,70",0.05,0.2%,20.3,"5,80",20.35,"7,20",20.4,"13,40","542,30",20.3,19.95,N,N,"17,360,60"
2021-10-30 17:11:10.562742,AAT,21.65,18.85,20.25,20.1,"11,00",20.2,"15,50",20.25,"43,30",20.3,"37,70",0.05,0.2%,20.3,"5,80",20.35,"7,20",20.4,"13,40","542,30",20.3,19.95,N,N,"17,360,60"
2021-10-30 17:11:12.292581,AAT,21.65,18.85,20.25,20.1,"11,00",20.2,"15,50",20.25,"43,30",20.3,"37,70",0.05,0.2%,20.3,"5,80",20.35,"7,20",20.4,"13,40","542,30",20.3,19.95,N,N,"17,360,60"
2021-10-30 17:11:13.132769,AAT,21.65,18.85,20.25,20.1,"11,00",20.2,"15,50",20.25,"43,30",20.3,"37,70",0.05,0.2%,20.3,"5,80",20.35,"7,20",20.4,"13,40","542,30",20.3,19.95,N,N,"17,360,60"
2021-10-30 17:11:13.998265,AAT,21.65,18.85,20.25,20.1,"11,00",20.2,"15,50",20.25,"43,30",20.3,"37,70",0.05,0.2%,20.3,"5,80",20.35,"7,20",20.4,"13,40","542,30",20.3,19.95,N,N,"17,360,60"
2021-10-30 17:11:14.790288,AAT,21.65,18.85,20.25,20.1,"11,00",20.2,"15,50",20.25,"43,30",20.3,"37,70",0.05,0.2%,20.3,"5,80",20.35,"7,20",20.4,"13,40","542,30",20.3,19.95,N,N,"17,360,60"
2021-10-30 17:11:15.634322,AAT,21.65,18.85,20.25,20.1,"11,00",20.2,"15,50",20.25,"43,30",20.3,"37,70",0.05,0.2%,20.3,"5,80",20.35,"7,20",20.4,"13,40","542,30",20.3,19.95,N,N,"17,360,60"
2021-10-30 17:11:16.461890,AAT,21.65,18.85,20.25,20.1,"11,00",20.2,"15,50",20.25,"43,30",20.3,"37,70",0.05,0.2%,20.3,"5,80",20.35,"7,20",20.4,"13,40","542,30",20.3,19.95,N,N,"17,360,60"
2021-10-30 17:11:17.250879,AAT,21.65,18.85,20.25,20.1,"11,00",20.2,"15,50",20.25,"43,30",20.3,"37,70",0.05,0.2%,20.3,"5,80",20.35,"7,20",20.4,"13,40","542,30",20.3,19.95,N,N,"17,360,60"
2021-10-30 17:11:18.519946,AAT,21.65,18.85,20.25,20.1,"11,00",20.2,"15,50",20.25,"43,30",20.3,"37,70",0.05,0.2%,20.3,"5,80",20.35,"7,20",20.4,"13,40","542,30",20.3,19.95,N,N,"17,360,60"
2021-10-30 17:11:19.442928,AAT,21.65,18.85,20.25,20.1,"11,00",20.2,"15,50",20.25,"43,30",20.3,"37,70",0.05,0.2%,20.3,"5,80",20.35,"7,20",20.4,"13,40","542,30",20.3,19.95,N,N,"17,360,60"
2021-10-30 17:11:20.738347,AAT,21.65,18.85,20.25,20.1,"11,00",20.2,"15,50",20.25,"43,30",20.3,"37,70",0.05,0.2%,20.3,"5,80",20.35,"7,20",20.4,"13,40","542,30",20.3,19.95,N,N,"17,360,60"
2021-10-30 17:11:21.738327,AAT,21.65,18.85,20.25,20.1,"11,00",20.2,"15,50",20.25,"43,30",20.3,"37,70",0.05,0.2%,20.3,"5,80",20.35,"7,20",20.4,"13,40","542,30",20.3,19.95,N,N,"17,360,60"
2021-10-30 17:11:22.716021,AAT,21.65,18.85,20.25,20.1,"11,00",20.2,"15,50",20.25,"43,30",20.3,"37,70",0.05,0.2%,20.3,"5,80",20.35,"7,20",20.4,"13,40","542,30",20.3,19.95,N,N,"17,360,60"
2021-10-30 17:11:24.186327,AAT,21.65,18.85,20.25,20.1,"11,00",20.2,"15,50",20.25,"43,30",20.3,"37,70",0.05,0.2%,20.3,"5,80",20.35,"7,20",20.4,"13,40","542,30",20.3,19.95,N,N,"17,360,60"
2021-10-30 17:11:24.949295,AAT,21.65,18.85,20.25,20.1,"11,00",20.2,"15,50",20.25,"43,30",20.3,"37,70",0.05,0.2%,20.3,"5,80",20.35,"7,20",20.4,"13,40","542,30",20.3,19.95,N,N,"17,360,60"
2021-10-30 17:11:25.882760,AAT,21.65,18.85,20.25,20.1,"11,00",20.2,"15,50",20.25,"43,30",20.3,"37,70",0.05,0.2%,20.3,"5,80",20.35,"7,20",20.4,"13,40","542,30",20.3,19.95,N,N,"17,360,60"
2021-10-30 17:11:26.687432,AAT,21.65,18.85,20.25,20.1,"11,00",20.2,"15,50",20.25,"43,30",20.3,"37,70",0.05,0.2%,20.3,"5,80",20.35,"7,20",20.4,"13,40","542,30",20.3,19.95,N,N,"17,360,60"
2021-10-30 17:11:27.530509,AAT,21.65,18.85,20.25,20.1,"11,00",20.2,"15,50",20.25,"43,30",20.3,"37,70",0.05,0.2%,20.3,"5,80",20.35,"7,20",20.4,"13,40","542,30",20.3,19.95,N,N,"17,360,60"
2021-10-30 17:11:28.289583,AAT,21.65,18.85,20.25,20.1,"11,00",20.2,"15,50",20.25,"43,30",20.3,"37,70",0.05,0.2%,20.3,"5,80",20.35,"7,20",20.4,"13,40","542,30",20.3,19.95,N,N,"17,360,60"
2021-10-30 17:11:29.404199,AAT,21.65,18.85,20.25,20.1,"11,00",20.2,"15,50",20.25,"43,30",20.3,"37,70",0.05,0.2%,20.3,"5,80",20.35,"7,20",20.4,"13,40","542,30",20.3,19.95,N,N,"17,360,60"
2021-10-30 17:11:30.235914,AAT,21.65,18.85,20.25,20.1,"11,00",20.2,"15,50",20.25,"43,30",20.3,"37,70",0.05,0.2%,20.3,"5,80",20.35,"7,20",20.4,"13,40","542,30",20.3,19.95,N,N,"17,360,60"
2021-10-30 17:11:30.985923,AAT,21.65,18.85,20.25,20.1,"11,00",20.2,"15,50",20.25,"43,30",20.3,"37,70",0.05,0.2%,20.3,"5,80",20.35,"7,20",20.4,"13,40","542,30",20.3,19.95,N,N,"17,360,60"
2021-10-30 17:11:31.826275,AAT,21.65,18.85,20.25,20.1,"11,00",20.2,"15,50",20.25,"43,30",20.3,"37,70",0.05,0.2%,20.3,"5,80",20.35,"7,20",20.4,"13,40","542,30",20.3,19.95,N,N,"17,360,60"
2021-10-30 17:11:32.769177,AAT,21.65,18.85,20.25,20.1,"11,00",20.2,"15,50",20.25,"43,30",20.3,"37,70",0.05,0.2%,20.3,"5,80",20.35,"7,20",20.4,"13,40","542,30",20.3,19.95,N,N,"17,360,60"
2021-10-30 17:11:33.884355,AAT,21.65,18.85,20.25,20.1,"11,00",20.2,"15,50",20.25,"43,30",20.3,"37,70",0.05,0.2%,20.3,"5,80",20.35,"7,20",20.4,"13,40","542,30",20.3,19.95,N,N,"17,360,60"
2021-10-30 17:11:35.419793,AAT,21.65,18.85,20.25,20.1,"11,00",20.2,"15,50",20.25,"43,30",20.3,"37,70",0.05,0.2%,20.3,"5,80",20.35,"7,20",20.4,"13,40","542,30",20.3,19.95,N,N,"17,360,60"
2021-10-30 17:11:36.414407,AAT,21.65,18.85,20.25,20.1,"11,00",20.2,"15,50",20.25,"43,30",20.3,"37,70",0.05,0.2%,20.3,"5,80",20.35,"7,20",20.4,"13,40","542,30",20.3,19.95,N,N,"17,360,60"
2021-10-30 17:11:37.489915,AAT,21.65,18.85,20.25,20.1,"11,00",20.2,"15,50",20.25,"43,30",20.3,"37,70",0.05,0.2%,20.3,"5,80",20.35,"7,20",20.4,"13,40","542,30",20.3,19.95,N,N,"17,360,60"
2021-10-30 17:11:38.344069,AAT,21.65,18.85,20.25,20.1,"11,00",20.2,"15,50",20.25,"43,30",20.3,"37,70",0.05,0.2%,20.3,"5,80",20.35,"7,20",20.4,"13,40","542,30",20.3,19.95,N,N,"17,360,60"
2021-10-30 17:11:39.219805,AAT,21.65,18.85,20.25,20.1,"11,00",20.2,"15,50",20.25,"43,30",20.3,"37,70",0.05,0.2%,20.3,"5,80",20.35,"7,20",20.4,"13,40","542,30",20.3,19.95,N,N,"17,360,60"
2021-10-30 17:11:40.184347,AAT,21.65,18.85,20.25,20.1,"11,00",20.2,"15,50",20.25,"43,30",20.3,"37,70",0.05,0.2%,20.3,"5,80",20.35,"7,20",20.4,"13,40","542,30",20.3,19.95,N,N,"17,360,60"
2021-10-30 17:11:42.049835,AAT,21.65,18.85,20.25,20.1,"11,00",20.2,"15,50",20.25,"43,30",20.3,"37,70",0.05,0.2%,20.3,"5,80",20.35,"7,20",20.4,"13,40","542,30",20.3,19.95,N,N,"17,360,60"
2021-10-30 17:11:42.895965,AAT,21.65,18.85,20.25,20.1,"11,00",20.2,"15,50",20.25,"43,30",20.3,"37,70",0.05,0.2%,20.3,"5,80",20.35,"7,20",20.4,"13,40","542,30",20.3,19.95,N,N,"17,360,60"
2021-10-30 17:11:43.845137,AAT,21.65,18.85,20.25,20.1,"11,00",20.2,"15,50",20.25,"43,30",20.3,"37,70",0.05,0.2%,20.3,"5,80",20.35,"7,20",20.4,"13,40","542,30",20.3,19.95,N,N,"17,360,60"
2021-10-30 17:11:44.718496,AAT,21.65,18.85,20.25,20.1,"11,00",20.2,"15,50",20.25,"43,30",20.3,"37,70",0.05,0.2%,20.3,"5,80",20.35,"7,20",20.4,"13,40","542,30",20.3,19.95,N,N,"17,360,60"
2021-10-30 17:11:45.707867,AAT,21.65,18.85,20.25,20.1,"11,00",20.2,"15,50",20.25,"43,30",20.3,"37,70",0.05,0.2%,20.3,"5,80",20.35,"7,20",20.4,"13,40","542,30",20.3,19.95,N,N,"17,360,60"
2021-10-30 17:11:47.095404,AAT,21.65,18.85,20.25,20.1,"11,00",20.2,"15,50",20.25,"43,30",20.3,"37,70",0.05,0.2%,20.3,"5,80",20.35,"7,20",20.4,"13,40","542,30",20.3,19.95,N,N,"17,360,60"
2021-10-30 17:11:48.010594,AAT,21.65,18.85,20.25,20.1,"11,00",20.2,"15,50",20.25,"43,30",20.3,"37,70",0.05,0.2%,20.3,"5,80",20.35,"7,20",20.4,"13,40","542,30",20.3,19.95,N,N,"17,360,60"
2021-10-30 17:11:49.184814,AAT,21.65,18.85,20.25,20.1,"11,00",20.2,"15,50",20.25,"43,30",20.3,"37,70",0.05,0.2%,20.3,"5,80",20.35,"7,20",20.4,"13,40","542,30",20.3,19.95,N,N,"17,360,60"
2021-10-30 17:11:50.119726,AAT,21.65,18.85,20.25,20.1,"11,00",20.2,"15,50",20.25,"43,30",20.3,"37,70",0.05,0.2%,20.3,"5,80",20.35,"7,20",20.4,"13,40","542,30",20.3,19.95,N,N,"17,360,60"
2021-10-30 17:11:50.943563,AAT,21.65,18.85,20.25,20.1,"11,00",20.2,"15,50",20.25,"43,30",20.3,"37,70",0.05,0.2%,20.3,"5,80",20.35,"7,20",20.4,"13,40","542,30",20.3,19.95,N,N,"17,360,60"
2021-10-30 17:11:52.013846,AAT,21.65,18.85,20.25,20.1,"11,00",20.2,"15,50",20.25,"43,30",20.3,"37,70",0.05,0.2%,20.3,"5,80",20.35,"7,20",20.4,"13,40","542,30",20.3,19.95,N,N,"17,360,60"
2021-10-30 17:11:53.811005,AAT,21.65,18.85,20.25,20.1,"11,00",20.2,"15,50",20.25,"43,30",20.3,"37,70",0.05,0.2%,20.3,"5,80",20.35,"7,20",20.4,"13,40","542,30",20.3,19.95,N,N,"17,360,60"
2021-10-30 17:11:55.211165,AAT,21.65,18.85,20.25,20.1,"11,00",20.2,"15,50",20.25,"43,30",20.3,"37,70",0.05,0.2%,20.3,"5,80",20.35,"7,20",20.4,"13,40","542,30",20.3,19.95,N,N,"17,360,60"
2021-10-30 17:11:56.740314,AAT,21.65,18.85,20.25,20.1,"11,00",20.2,"15,50",20.25,"43,30",20.3,"37,70",0.05,0.2%,20.3,"5,80",20.35,"7,20",20.4,"13,40","542,30",20.3,19.95,N,N,"17,360,60"
2021-10-30 17:11:58.109215,AAT,21.65,18.85,20.25,20.1,"11,00",20.2,"15,50",20.25,"43,30",20.3,"37,70",0.05,0.2%,20.3,"5,80",20.35,"7,20",20.4,"13,40","542,30",20.3,19.95,N,N,"17,360,60"
2021-10-30 17:12:00.138529,AAT,21.65,18.85,20.25,20.1,"11,00",20.2,"15,50",20.25,"43,30",20.3,"37,70",0.05,0.2%,20.3,"5,80",20.35,"7,20",20.4,"13,40","542,30",20.3,19.95,N,N,"17,360,60"
2021-10-30 17:12:01.460327,AAT,21.65,18.85,20.25,20.1,"11,00",20.2,"15,50",20.25,"43,30",20.3,"37,70",0.05,0.2%,20.3,"5,80",20.35,"7,20",20.4,"13,40","542,30",20.3,19.95,N,N,"17,360,60"
