2021-10-30 17:04:01.405151,ABT,36.35,31.65,34,31.7,30,31.75,30,32.1,10,35,"7,00",1.00,2.9%,34.9,"1,00",35,"1,90",35.9,"1,10","9,30",36,35,N,N,"6,657,01"
2021-10-30 17:04:02.203191,ABT,36.35,31.65,34,31.7,30,31.75,30,32.1,10,35,"7,00",1.00,2.9%,34.9,"1,00",35,"1,90",35.9,"1,10","9,30",36,35,N,N,"6,657,01"
2021-10-30 17:04:03.037245,ABT,36.35,31.65,34,31.7,30,31.75,30,32.1,10,35,"7,00",1.00,2.9%,34.9,"1,00",35,"1,90",35.9,"1,10","9,30",36,35,N,N,"6,657,01"
2021-10-30 17:04:03.819209,ABT,36.35,31.65,34,31.7,30,31.75,30,32.1,10,35,"7,00",1.00,2.9%,34.9,"1,00",35,"1,90",35.9,"1,10","9,30",36,35,N,N,"6,657,01"
2021-10-30 17:04:04.605266,ABT,36.35,31.65,34,31.7,30,31.75,30,32.1,10,35,"7,00",1.00,2.9%,34.9,"1,00",35,"1,90",35.9,"1,10","9,30",36,35,N,N,"6,657,01"
2021-10-30 17:04:05.359225,ABT,36.35,31.65,34,31.7,30,31.75,30,32.1,10,35,"7,00",1.00,2.9%,34.9,"1,00",35,"1,90",35.9,"1,10","9,30",36,35,N,N,"6,657,01"
2021-10-30 17:04:06.113313,ABT,36.35,31.65,34,31.7,30,31.75,30,32.1,10,35,"7,00",1.00,2.9%,34.9,"1,00",35,"1,90",35.9,"1,10","9,30",36,35,N,N,"6,657,01"
2021-10-30 17:04:06.893874,ABT,36.35,31.65,34,31.7,30,31.75,30,32.1,10,35,"7,00",1.00,2.9%,34.9,"1,00",35,"1,90",35.9,"1,10","9,30",36,35,N,N,"6,657,01"
2021-10-30 17:04:07.646380,ABT,36.35,31.65,34,31.7,30,31.75,30,32.1,10,35,"7,00",1.00,2.9%,34.9,"1,00",35,"1,90",35.9,"1,10","9,30",36,35,N,N,"6,657,01"
2021-10-30 17:04:08.426693,ABT,36.35,31.65,34,31.7,30,31.75,30,32.1,10,35,"7,00",1.00,2.9%,34.9,"1,00",35,"1,90",35.9,"1,10","9,30",36,35,N,N,"6,657,01"
2021-10-30 17:04:09.195394,ABT,36.35,31.65,34,31.7,30,31.75,30,32.1,10,35,"7,00",1.00,2.9%,34.9,"1,00",35,"1,90",35.9,"1,10","9,30",36,35,N,N,"6,657,01"
2021-10-30 17:04:09.976725,ABT,36.35,31.65,34,31.7,30,31.75,30,32.1,10,35,"7,00",1.00,2.9%,34.9,"1,00",35,"1,90",35.9,"1,10","9,30",36,35,N,N,"6,657,01"
2021-10-30 17:04:11.510465,ABT,36.35,31.65,34,31.7,30,31.75,30,32.1,10,35,"7,00",1.00,2.9%,34.9,"1,00",35,"1,90",35.9,"1,10","9,30",36,35,N,N,"6,657,01"
2021-10-30 17:04:12.526803,ABT,36.35,31.65,34,31.7,30,31.75,30,32.1,10,35,"7,00",1.00,2.9%,34.9,"1,00",35,"1,90",35.9,"1,10","9,30",36,35,N,N,"6,657,01"
2021-10-30 17:04:13.366467,ABT,36.35,31.65,34,31.7,30,31.75,30,32.1,10,35,"7,00",1.00,2.9%,34.9,"1,00",35,"1,90",35.9,"1,10","9,30",36,35,N,N,"6,657,01"
2021-10-30 17:04:14.159521,ABT,36.35,31.65,34,31.7,30,31.75,30,32.1,10,35,"7,00",1.00,2.9%,34.9,"1,00",35,"1,90",35.9,"1,10","9,30",36,35,N,N,"6,657,01"
2021-10-30 17:04:14.941973,ABT,36.35,31.65,34,31.7,30,31.75,30,32.1,10,35,"7,00",1.00,2.9%,34.9,"1,00",35,"1,90",35.9,"1,10","9,30",36,35,N,N,"6,657,01"
2021-10-30 17:04:15.715554,ABT,36.35,31.65,34,31.7,30,31.75,30,32.1,10,35,"7,00",1.00,2.9%,34.9,"1,00",35,"1,90",35.9,"1,10","9,30",36,35,N,N,"6,657,01"
2021-10-30 17:04:16.561010,ABT,36.35,31.65,34,31.7,30,31.75,30,32.1,10,35,"7,00",1.00,2.9%,34.9,"1,00",35,"1,90",35.9,"1,10","9,30",36,35,N,N,"6,657,01"
2021-10-30 17:04:17.315191,ABT,36.35,31.65,34,31.7,30,31.75,30,32.1,10,35,"7,00",1.00,2.9%,34.9,"1,00",35,"1,90",35.9,"1,10","9,30",36,35,N,N,"6,657,01"
2021-10-30 17:04:18.086045,ABT,36.35,31.65,34,31.7,30,31.75,30,32.1,10,35,"7,00",1.00,2.9%,34.9,"1,00",35,"1,90",35.9,"1,10","9,30",36,35,N,N,"6,657,01"
2021-10-30 17:04:18.885062,ABT,36.35,31.65,34,31.7,30,31.75,30,32.1,10,35,"7,00",1.00,2.9%,34.9,"1,00",35,"1,90",35.9,"1,10","9,30",36,35,N,N,"6,657,01"
2021-10-30 17:04:19.657636,ABT,36.35,31.65,34,31.7,30,31.75,30,32.1,10,35,"7,00",1.00,2.9%,34.9,"1,00",35,"1,90",35.9,"1,10","9,30",36,35,N,N,"6,657,01"
2021-10-30 17:04:20.427010,ABT,36.35,31.65,34,31.7,30,31.75,30,32.1,10,35,"7,00",1.00,2.9%,34.9,"1,00",35,"1,90",35.9,"1,10","9,30",36,35,N,N,"6,657,01"
2021-10-30 17:04:21.177033,ABT,36.35,31.65,34,31.7,30,31.75,30,32.1,10,35,"7,00",1.00,2.9%,34.9,"1,00",35,"1,90",35.9,"1,10","9,30",36,35,N,N,"6,657,01"
2021-10-30 17:04:21.974319,ABT,36.35,31.65,34,31.7,30,31.75,30,32.1,10,35,"7,00",1.00,2.9%,34.9,"1,00",35,"1,90",35.9,"1,10","9,30",36,35,N,N,"6,657,01"
2021-10-30 17:04:22.719755,ABT,36.35,31.65,34,31.7,30,31.75,30,32.1,10,35,"7,00",1.00,2.9%,34.9,"1,00",35,"1,90",35.9,"1,10","9,30",36,35,N,N,"6,657,01"
2021-10-30 17:04:23.458620,ABT,36.35,31.65,34,31.7,30,31.75,30,32.1,10,35,"7,00",1.00,2.9%,34.9,"1,00",35,"1,90",35.9,"1,10","9,30",36,35,N,N,"6,657,01"
2021-10-30 17:04:24.240197,ABT,36.35,31.65,34,31.7,30,31.75,30,32.1,10,35,"7,00",1.00,2.9%,34.9,"1,00",35,"1,90",35.9,"1,10","9,30",36,35,N,N,"6,657,01"
2021-10-30 17:04:24.990229,ABT,36.35,31.65,34,31.7,30,31.75,30,32.1,10,35,"7,00",1.00,2.9%,34.9,"1,00",35,"1,90",35.9,"1,10","9,30",36,35,N,N,"6,657,01"
2021-10-30 17:04:25.777166,ABT,36.35,31.65,34,31.7,30,31.75,30,32.1,10,35,"7,00",1.00,2.9%,34.9,"1,00",35,"1,90",35.9,"1,10","9,30",36,35,N,N,"6,657,01"
2021-10-30 17:04:26.571838,ABT,36.35,31.65,34,31.7,30,31.75,30,32.1,10,35,"7,00",1.00,2.9%,34.9,"1,00",35,"1,90",35.9,"1,10","9,30",36,35,N,N,"6,657,01"
2021-10-30 17:04:27.381837,ABT,36.35,31.65,34,31.7,30,31.75,30,32.1,10,35,"7,00",1.00,2.9%,34.9,"1,00",35,"1,90",35.9,"1,10","9,30",36,35,N,N,"6,657,01"
2021-10-30 17:04:28.130894,ABT,36.35,31.65,34,31.7,30,31.75,30,32.1,10,35,"7,00",1.00,2.9%,34.9,"1,00",35,"1,90",35.9,"1,10","9,30",36,35,N,N,"6,657,01"
2021-10-30 17:04:28.855898,ABT,36.35,31.65,34,31.7,30,31.75,30,32.1,10,35,"7,00",1.00,2.9%,34.9,"1,00",35,"1,90",35.9,"1,10","9,30",36,35,N,N,"6,657,01"
2021-10-30 17:04:29.704610,ABT,36.35,31.65,34,31.7,30,31.75,30,32.1,10,35,"7,00",1.00,2.9%,34.9,"1,00",35,"1,90",35.9,"1,10","9,30",36,35,N,N,"6,657,01"
2021-10-30 17:04:30.427252,ABT,36.35,31.65,34,31.7,30,31.75,30,32.1,10,35,"7,00",1.00,2.9%,34.9,"1,00",35,"1,90",35.9,"1,10","9,30",36,35,N,N,"6,657,01"
2021-10-30 17:04:31.214990,ABT,36.35,31.65,34,31.7,30,31.75,30,32.1,10,35,"7,00",1.00,2.9%,34.9,"1,00",35,"1,90",35.9,"1,10","9,30",36,35,N,N,"6,657,01"
2021-10-30 17:04:31.990980,ABT,36.35,31.65,34,31.7,30,31.75,30,32.1,10,35,"7,00",1.00,2.9%,34.9,"1,00",35,"1,90",35.9,"1,10","9,30",36,35,N,N,"6,657,01"
2021-10-30 17:04:32.777342,ABT,36.35,31.65,34,31.7,30,31.75,30,32.1,10,35,"7,00",1.00,2.9%,34.9,"1,00",35,"1,90",35.9,"1,10","9,30",36,35,N,N,"6,657,01"
2021-10-30 17:04:33.550033,ABT,36.35,31.65,34,31.7,30,31.75,30,32.1,10,35,"7,00",1.00,2.9%,34.9,"1,00",35,"1,90",35.9,"1,10","9,30",36,35,N,N,"6,657,01"
2021-10-30 17:04:34.277388,ABT,36.35,31.65,34,31.7,30,31.75,30,32.1,10,35,"7,00",1.00,2.9%,34.9,"1,00",35,"1,90",35.9,"1,10","9,30",36,35,N,N,"6,657,01"
2021-10-30 17:04:35.079052,ABT,36.35,31.65,34,31.7,30,31.75,30,32.1,10,35,"7,00",1.00,2.9%,34.9,"1,00",35,"1,90",35.9,"1,10","9,30",36,35,N,N,"6,657,01"
2021-10-30 17:04:35.855097,ABT,36.35,31.65,34,31.7,30,31.75,30,32.1,10,35,"7,00",1.00,2.9%,34.9,"1,00",35,"1,90",35.9,"1,10","9,30",36,35,N,N,"6,657,01"
2021-10-30 17:04:36.635522,ABT,36.35,31.65,34,31.7,30,31.75,30,32.1,10,35,"7,00",1.00,2.9%,34.9,"1,00",35,"1,90",35.9,"1,10","9,30",36,35,N,N,"6,657,01"
2021-10-30 17:04:37.377471,ABT,36.35,31.65,34,31.7,30,31.75,30,32.1,10,35,"7,00",1.00,2.9%,34.9,"1,00",35,"1,90",35.9,"1,10","9,30",36,35,N,N,"6,657,01"
2021-10-30 17:04:38.189157,ABT,36.35,31.65,34,31.7,30,31.75,30,32.1,10,35,"7,00",1.00,2.9%,34.9,"1,00",35,"1,90",35.9,"1,10","9,30",36,35,N,N,"6,657,01"
2021-10-30 17:04:38.941761,ABT,36.35,31.65,34,31.7,30,31.75,30,32.1,10,35,"7,00",1.00,2.9%,34.9,"1,00",35,"1,90",35.9,"1,10","9,30",36,35,N,N,"6,657,01"
2021-10-30 17:04:39.711199,ABT,36.35,31.65,34,31.7,30,31.75,30,32.1,10,35,"7,00",1.00,2.9%,34.9,"1,00",35,"1,90",35.9,"1,10","9,30",36,35,N,N,"6,657,01"
2021-10-30 17:04:40.577550,ABT,36.35,31.65,34,31.7,30,31.75,30,32.1,10,35,"7,00",1.00,2.9%,34.9,"1,00",35,"1,90",35.9,"1,10","9,30",36,35,N,N,"6,657,01"
2021-10-30 17:04:42.201257,ABT,36.35,31.65,34,31.7,30,31.75,30,32.1,10,35,"7,00",1.00,2.9%,34.9,"1,00",35,"1,90",35.9,"1,10","9,30",36,35,N,N,"6,657,01"
2021-10-30 17:04:43.148283,ABT,36.35,31.65,34,31.7,30,31.75,30,32.1,10,35,"7,00",1.00,2.9%,34.9,"1,00",35,"1,90",35.9,"1,10","9,30",36,35,N,N,"6,657,01"
2021-10-30 17:04:44.060330,ABT,36.35,31.65,34,31.7,30,31.75,30,32.1,10,35,"7,00",1.00,2.9%,34.9,"1,00",35,"1,90",35.9,"1,10","9,30",36,35,N,N,"6,657,01"
2021-10-30 17:04:45.059083,ABT,36.35,31.65,34,31.7,30,31.75,30,32.1,10,35,"7,00",1.00,2.9%,34.9,"1,00",35,"1,90",35.9,"1,10","9,30",36,35,N,N,"6,657,01"
2021-10-30 17:04:45.905762,ABT,36.35,31.65,34,31.7,30,31.75,30,32.1,10,35,"7,00",1.00,2.9%,34.9,"1,00",35,"1,90",35.9,"1,10","9,30",36,35,N,N,"6,657,01"
2021-10-30 17:04:46.834059,ABT,36.35,31.65,34,31.7,30,31.75,30,32.1,10,35,"7,00",1.00,2.9%,34.9,"1,00",35,"1,90",35.9,"1,10","9,30",36,35,N,N,"6,657,01"
2021-10-30 17:04:47.718422,ABT,36.35,31.65,34,31.7,30,31.75,30,32.1,10,35,"7,00",1.00,2.9%,34.9,"1,00",35,"1,90",35.9,"1,10","9,30",36,35,N,N,"6,657,01"
2021-10-30 17:04:48.652464,ABT,36.35,31.65,34,31.7,30,31.75,30,32.1,10,35,"7,00",1.00,2.9%,34.9,"1,00",35,"1,90",35.9,"1,10","9,30",36,35,N,N,"6,657,01"
2021-10-30 17:04:49.454068,ABT,36.35,31.65,34,31.7,30,31.75,30,32.1,10,35,"7,00",1.00,2.9%,34.9,"1,00",35,"1,90",35.9,"1,10","9,30",36,35,N,N,"6,657,01"
2021-10-30 17:04:50.223864,ABT,36.35,31.65,34,31.7,30,31.75,30,32.1,10,35,"7,00",1.00,2.9%,34.9,"1,00",35,"1,90",35.9,"1,10","9,30",36,35,N,N,"6,657,01"
2021-10-30 17:04:51.064909,ABT,36.35,31.65,34,31.7,30,31.75,30,32.1,10,35,"7,00",1.00,2.9%,34.9,"1,00",35,"1,90",35.9,"1,10","9,30",36,35,N,N,"6,657,01"
2021-10-30 17:04:51.855516,ABT,36.35,31.65,34,31.7,30,31.75,30,32.1,10,35,"7,00",1.00,2.9%,34.9,"1,00",35,"1,90",35.9,"1,10","9,30",36,35,N,N,"6,657,01"
2021-10-30 17:04:52.664578,ABT,36.35,31.65,34,31.7,30,31.75,30,32.1,10,35,"7,00",1.00,2.9%,34.9,"1,00",35,"1,90",35.9,"1,10","9,30",36,35,N,N,"6,657,01"
2021-10-30 17:04:53.437547,ABT,36.35,31.65,34,31.7,30,31.75,30,32.1,10,35,"7,00",1.00,2.9%,34.9,"1,00",35,"1,90",35.9,"1,10","9,30",36,35,N,N,"6,657,01"
2021-10-30 17:04:54.177919,ABT,36.35,31.65,34,31.7,30,31.75,30,32.1,10,35,"7,00",1.00,2.9%,34.9,"1,00",35,"1,90",35.9,"1,10","9,30",36,35,N,N,"6,657,01"
2021-10-30 17:04:55.023020,ABT,36.35,31.65,34,31.7,30,31.75,30,32.1,10,35,"7,00",1.00,2.9%,34.9,"1,00",35,"1,90",35.9,"1,10","9,30",36,35,N,N,"6,657,01"
2021-10-30 17:04:55.817288,ABT,36.35,31.65,34,31.7,30,31.75,30,32.1,10,35,"7,00",1.00,2.9%,34.9,"1,00",35,"1,90",35.9,"1,10","9,30",36,35,N,N,"6,657,01"
2021-10-30 17:04:56.603692,ABT,36.35,31.65,34,31.7,30,31.75,30,32.1,10,35,"7,00",1.00,2.9%,34.9,"1,00",35,"1,90",35.9,"1,10","9,30",36,35,N,N,"6,657,01"
2021-10-30 17:04:57.368617,ABT,36.35,31.65,34,31.7,30,31.75,30,32.1,10,35,"7,00",1.00,2.9%,34.9,"1,00",35,"1,90",35.9,"1,10","9,30",36,35,N,N,"6,657,01"
2021-10-30 17:04:58.169743,ABT,36.35,31.65,34,31.7,30,31.75,30,32.1,10,35,"7,00",1.00,2.9%,34.9,"1,00",35,"1,90",35.9,"1,10","9,30",36,35,N,N,"6,657,01"
2021-10-30 17:04:59.510210,ABT,36.35,31.65,34,31.7,30,31.75,30,32.1,10,35,"7,00",1.00,2.9%,34.9,"1,00",35,"1,90",35.9,"1,10","9,30",36,35,N,N,"6,657,01"
2021-10-30 17:05:00.599726,ABT,36.35,31.65,34,31.7,30,31.75,30,32.1,10,35,"7,00",1.00,2.9%,34.9,"1,00",35,"1,90",35.9,"1,10","9,30",36,35,N,N,"6,657,01"
2021-10-30 17:05:01.478241,ABT,36.35,31.65,34,31.7,30,31.75,30,32.1,10,35,"7,00",1.00,2.9%,34.9,"1,00",35,"1,90",35.9,"1,10","9,30",36,35,N,N,"6,657,01"
2021-10-30 17:05:02.279604,ABT,36.35,31.65,34,31.7,30,31.75,30,32.1,10,35,"7,00",1.00,2.9%,34.9,"1,00",35,"1,90",35.9,"1,10","9,30",36,35,N,N,"6,657,01"
2021-10-30 17:05:03.158844,ABT,36.35,31.65,34,31.7,30,31.75,30,32.1,10,35,"7,00",1.00,2.9%,34.9,"1,00",35,"1,90",35.9,"1,10","9,30",36,35,N,N,"6,657,01"
2021-10-30 17:05:03.955864,ABT,36.35,31.65,34,31.7,30,31.75,30,32.1,10,35,"7,00",1.00,2.9%,34.9,"1,00",35,"1,90",35.9,"1,10","9,30",36,35,N,N,"6,657,01"
2021-10-30 17:05:04.753867,ABT,36.35,31.65,34,31.7,30,31.75,30,32.1,10,35,"7,00",1.00,2.9%,34.9,"1,00",35,"1,90",35.9,"1,10","9,30",36,35,N,N,"6,657,01"
2021-10-30 17:05:05.964588,ABT,36.35,31.65,34,31.7,30,31.75,30,32.1,10,35,"7,00",1.00,2.9%,34.9,"1,00",35,"1,90",35.9,"1,10","9,30",36,35,N,N,"6,657,01"
2021-10-30 17:05:06.980929,ABT,36.35,31.65,34,31.7,30,31.75,30,32.1,10,35,"7,00",1.00,2.9%,34.9,"1,00",35,"1,90",35.9,"1,10","9,30",36,35,N,N,"6,657,01"
2021-10-30 17:05:08.107087,ABT,36.35,31.65,34,31.7,30,31.75,30,32.1,10,35,"7,00",1.00,2.9%,34.9,"1,00",35,"1,90",35.9,"1,10","9,30",36,35,N,N,"6,657,01"
2021-10-30 17:05:08.915981,ABT,36.35,31.65,34,31.7,30,31.75,30,32.1,10,35,"7,00",1.00,2.9%,34.9,"1,00",35,"1,90",35.9,"1,10","9,30",36,35,N,N,"6,657,01"
2021-10-30 17:05:09.724000,ABT,36.35,31.65,34,31.7,30,31.75,30,32.1,10,35,"7,00",1.00,2.9%,34.9,"1,00",35,"1,90",35.9,"1,10","9,30",36,35,N,N,"6,657,01"
2021-10-30 17:05:10.490020,ABT,36.35,31.65,34,31.7,30,31.75,30,32.1,10,35,"7,00",1.00,2.9%,34.9,"1,00",35,"1,90",35.9,"1,10","9,30",36,35,N,N,"6,657,01"
2021-10-30 17:05:12.256087,ABT,36.35,31.65,34,31.7,30,31.75,30,32.1,10,35,"7,00",1.00,2.9%,34.9,"1,00",35,"1,90",35.9,"1,10","9,30",36,35,N,N,"6,657,01"
2021-10-30 17:05:13.063610,ABT,36.35,31.65,34,31.7,30,31.75,30,32.1,10,35,"7,00",1.00,2.9%,34.9,"1,00",35,"1,90",35.9,"1,10","9,30",36,35,N,N,"6,657,01"
2021-10-30 17:05:14.078439,ABT,36.35,31.65,34,31.7,30,31.75,30,32.1,10,35,"7,00",1.00,2.9%,34.9,"1,00",35,"1,90",35.9,"1,10","9,30",36,35,N,N,"6,657,01"
2021-10-30 17:05:15.124712,ABT,36.35,31.65,34,31.7,30,31.75,30,32.1,10,35,"7,00",1.00,2.9%,34.9,"1,00",35,"1,90",35.9,"1,10","9,30",36,35,N,N,"6,657,01"
2021-10-30 17:05:15.904203,ABT,36.35,31.65,34,31.7,30,31.75,30,32.1,10,35,"7,00",1.00,2.9%,34.9,"1,00",35,"1,90",35.9,"1,10","9,30",36,35,N,N,"6,657,01"
2021-10-30 17:05:16.711586,ABT,36.35,31.65,34,31.7,30,31.75,30,32.1,10,35,"7,00",1.00,2.9%,34.9,"1,00",35,"1,90",35.9,"1,10","9,30",36,35,N,N,"6,657,01"
2021-10-30 17:05:17.759194,ABT,36.35,31.65,34,31.7,30,31.75,30,32.1,10,35,"7,00",1.00,2.9%,34.9,"1,00",35,"1,90",35.9,"1,10","9,30",36,35,N,N,"6,657,01"
2021-10-30 17:05:18.612304,ABT,36.35,31.65,34,31.7,30,31.75,30,32.1,10,35,"7,00",1.00,2.9%,34.9,"1,00",35,"1,90",35.9,"1,10","9,30",36,35,N,N,"6,657,01"
2021-10-30 17:05:19.396892,ABT,36.35,31.65,34,31.7,30,31.75,30,32.1,10,35,"7,00",1.00,2.9%,34.9,"1,00",35,"1,90",35.9,"1,10","9,30",36,35,N,N,"6,657,01"
2021-10-30 17:05:20.178608,ABT,36.35,31.65,34,31.7,30,31.75,30,32.1,10,35,"7,00",1.00,2.9%,34.9,"1,00",35,"1,90",35.9,"1,10","9,30",36,35,N,N,"6,657,01"
2021-10-30 17:05:20.976750,ABT,36.35,31.65,34,31.7,30,31.75,30,32.1,10,35,"7,00",1.00,2.9%,34.9,"1,00",35,"1,90",35.9,"1,10","9,30",36,35,N,N,"6,657,01"
2021-10-30 17:05:21.775332,ABT,36.35,31.65,34,31.7,30,31.75,30,32.1,10,35,"7,00",1.00,2.9%,34.9,"1,00",35,"1,90",35.9,"1,10","9,30",36,35,N,N,"6,657,01"
2021-10-30 17:05:23.008349,ABT,36.35,31.65,34,31.7,30,31.75,30,32.1,10,35,"7,00",1.00,2.9%,34.9,"1,00",35,"1,90",35.9,"1,10","9,30",36,35,N,N,"6,657,01"
2021-10-30 17:05:24.190075,ABT,36.35,31.65,34,31.7,30,31.75,30,32.1,10,35,"7,00",1.00,2.9%,34.9,"1,00",35,"1,90",35.9,"1,10","9,30",36,35,N,N,"6,657,01"
2021-10-30 17:05:25.128404,ABT,36.35,31.65,34,31.7,30,31.75,30,32.1,10,35,"7,00",1.00,2.9%,34.9,"1,00",35,"1,90",35.9,"1,10","9,30",36,35,N,N,"6,657,01"
2021-10-30 17:05:25.931856,ABT,36.35,31.65,34,31.7,30,31.75,30,32.1,10,35,"7,00",1.00,2.9%,34.9,"1,00",35,"1,90",35.9,"1,10","9,30",36,35,N,N,"6,657,01"
2021-10-30 17:05:26.678784,ABT,36.35,31.65,34,31.7,30,31.75,30,32.1,10,35,"7,00",1.00,2.9%,34.9,"1,00",35,"1,90",35.9,"1,10","9,30",36,35,N,N,"6,657,01"
2021-10-30 17:05:27.561064,ABT,36.35,31.65,34,31.7,30,31.75,30,32.1,10,35,"7,00",1.00,2.9%,34.9,"1,00",35,"1,90",35.9,"1,10","9,30",36,35,N,N,"6,657,01"
2021-10-30 17:05:28.321140,ABT,36.35,31.65,34,31.7,30,31.75,30,32.1,10,35,"7,00",1.00,2.9%,34.9,"1,00",35,"1,90",35.9,"1,10","9,30",36,35,N,N,"6,657,01"
2021-10-30 17:05:29.128847,ABT,36.35,31.65,34,31.7,30,31.75,30,32.1,10,35,"7,00",1.00,2.9%,34.9,"1,00",35,"1,90",35.9,"1,10","9,30",36,35,N,N,"6,657,01"
2021-10-30 17:05:29.922573,ABT,36.35,31.65,34,31.7,30,31.75,30,32.1,10,35,"7,00",1.00,2.9%,34.9,"1,00",35,"1,90",35.9,"1,10","9,30",36,35,N,N,"6,657,01"
2021-10-30 17:05:30.728920,ABT,36.35,31.65,34,31.7,30,31.75,30,32.1,10,35,"7,00",1.00,2.9%,34.9,"1,00",35,"1,90",35.9,"1,10","9,30",36,35,N,N,"6,657,01"
2021-10-30 17:05:31.778920,ABT,36.35,31.65,34,31.7,30,31.75,30,32.1,10,35,"7,00",1.00,2.9%,34.9,"1,00",35,"1,90",35.9,"1,10","9,30",36,35,N,N,"6,657,01"
2021-10-30 17:05:32.840647,ABT,36.35,31.65,34,31.7,30,31.75,30,32.1,10,35,"7,00",1.00,2.9%,34.9,"1,00",35,"1,90",35.9,"1,10","9,30",36,35,N,N,"6,657,01"
2021-10-30 17:05:33.749650,ABT,36.35,31.65,34,31.7,30,31.75,30,32.1,10,35,"7,00",1.00,2.9%,34.9,"1,00",35,"1,90",35.9,"1,10","9,30",36,35,N,N,"6,657,01"
2021-10-30 17:05:34.519518,ABT,36.35,31.65,34,31.7,30,31.75,30,32.1,10,35,"7,00",1.00,2.9%,34.9,"1,00",35,"1,90",35.9,"1,10","9,30",36,35,N,N,"6,657,01"
2021-10-30 17:05:35.456709,ABT,36.35,31.65,34,31.7,30,31.75,30,32.1,10,35,"7,00",1.00,2.9%,34.9,"1,00",35,"1,90",35.9,"1,10","9,30",36,35,N,N,"6,657,01"
2021-10-30 17:05:36.232164,ABT,36.35,31.65,34,31.7,30,31.75,30,32.1,10,35,"7,00",1.00,2.9%,34.9,"1,00",35,"1,90",35.9,"1,10","9,30",36,35,N,N,"6,657,01"
2021-10-30 17:05:37.051447,ABT,36.35,31.65,34,31.7,30,31.75,30,32.1,10,35,"7,00",1.00,2.9%,34.9,"1,00",35,"1,90",35.9,"1,10","9,30",36,35,N,N,"6,657,01"
2021-10-30 17:05:37.880432,ABT,36.35,31.65,34,31.7,30,31.75,30,32.1,10,35,"7,00",1.00,2.9%,34.9,"1,00",35,"1,90",35.9,"1,10","9,30",36,35,N,N,"6,657,01"
2021-10-30 17:05:38.637800,ABT,36.35,31.65,34,31.7,30,31.75,30,32.1,10,35,"7,00",1.00,2.9%,34.9,"1,00",35,"1,90",35.9,"1,10","9,30",36,35,N,N,"6,657,01"
2021-10-30 17:05:39.429133,ABT,36.35,31.65,34,31.7,30,31.75,30,32.1,10,35,"7,00",1.00,2.9%,34.9,"1,00",35,"1,90",35.9,"1,10","9,30",36,35,N,N,"6,657,01"
2021-10-30 17:05:40.879390,ABT,36.35,31.65,34,31.7,30,31.75,30,32.1,10,35,"7,00",1.00,2.9%,34.9,"1,00",35,"1,90",35.9,"1,10","9,30",36,35,N,N,"6,657,01"
2021-10-30 17:05:42.065862,ABT,36.35,31.65,34,31.7,30,31.75,30,32.1,10,35,"7,00",1.00,2.9%,34.9,"1,00",35,"1,90",35.9,"1,10","9,30",36,35,N,N,"6,657,01"
2021-10-30 17:05:42.923846,ABT,36.35,31.65,34,31.7,30,31.75,30,32.1,10,35,"7,00",1.00,2.9%,34.9,"1,00",35,"1,90",35.9,"1,10","9,30",36,35,N,N,"6,657,01"
2021-10-30 17:05:43.803445,ABT,36.35,31.65,34,31.7,30,31.75,30,32.1,10,35,"7,00",1.00,2.9%,34.9,"1,00",35,"1,90",35.9,"1,10","9,30",36,35,N,N,"6,657,01"
2021-10-30 17:05:44.587945,ABT,36.35,31.65,34,31.7,30,31.75,30,32.1,10,35,"7,00",1.00,2.9%,34.9,"1,00",35,"1,90",35.9,"1,10","9,30",36,35,N,N,"6,657,01"
2021-10-30 17:05:45.407949,ABT,36.35,31.65,34,31.7,30,31.75,30,32.1,10,35,"7,00",1.00,2.9%,34.9,"1,00",35,"1,90",35.9,"1,10","9,30",36,35,N,N,"6,657,01"
2021-10-30 17:05:46.224658,ABT,36.35,31.65,34,31.7,30,31.75,30,32.1,10,35,"7,00",1.00,2.9%,34.9,"1,00",35,"1,90",35.9,"1,10","9,30",36,35,N,N,"6,657,01"
2021-10-30 17:05:47.057619,ABT,36.35,31.65,34,31.7,30,31.75,30,32.1,10,35,"7,00",1.00,2.9%,34.9,"1,00",35,"1,90",35.9,"1,10","9,30",36,35,N,N,"6,657,01"
2021-10-30 17:05:47.892451,ABT,36.35,31.65,34,31.7,30,31.75,30,32.1,10,35,"7,00",1.00,2.9%,34.9,"1,00",35,"1,90",35.9,"1,10","9,30",36,35,N,N,"6,657,01"
2021-10-30 17:05:48.716028,ABT,36.35,31.65,34,31.7,30,31.75,30,32.1,10,35,"7,00",1.00,2.9%,34.9,"1,00",35,"1,90",35.9,"1,10","9,30",36,35,N,N,"6,657,01"
2021-10-30 17:05:49.620077,ABT,36.35,31.65,34,31.7,30,31.75,30,32.1,10,35,"7,00",1.00,2.9%,34.9,"1,00",35,"1,90",35.9,"1,10","9,30",36,35,N,N,"6,657,01"
2021-10-30 17:05:50.659117,ABT,36.35,31.65,34,31.7,30,31.75,30,32.1,10,35,"7,00",1.00,2.9%,34.9,"1,00",35,"1,90",35.9,"1,10","9,30",36,35,N,N,"6,657,01"
2021-10-30 17:05:51.875118,ABT,36.35,31.65,34,31.7,30,31.75,30,32.1,10,35,"7,00",1.00,2.9%,34.9,"1,00",35,"1,90",35.9,"1,10","9,30",36,35,N,N,"6,657,01"
2021-10-30 17:05:52.904159,ABT,36.35,31.65,34,31.7,30,31.75,30,32.1,10,35,"7,00",1.00,2.9%,34.9,"1,00",35,"1,90",35.9,"1,10","9,30",36,35,N,N,"6,657,01"
2021-10-30 17:05:53.827171,ABT,36.35,31.65,34,31.7,30,31.75,30,32.1,10,35,"7,00",1.00,2.9%,34.9,"1,00",35,"1,90",35.9,"1,10","9,30",36,35,N,N,"6,657,01"
2021-10-30 17:05:54.729571,ABT,36.35,31.65,34,31.7,30,31.75,30,32.1,10,35,"7,00",1.00,2.9%,34.9,"1,00",35,"1,90",35.9,"1,10","9,30",36,35,N,N,"6,657,01"
2021-10-30 17:05:55.529596,ABT,36.35,31.65,34,31.7,30,31.75,30,32.1,10,35,"7,00",1.00,2.9%,34.9,"1,00",35,"1,90",35.9,"1,10","9,30",36,35,N,N,"6,657,01"
2021-10-30 17:05:56.327245,ABT,36.35,31.65,34,31.7,30,31.75,30,32.1,10,35,"7,00",1.00,2.9%,34.9,"1,00",35,"1,90",35.9,"1,10","9,30",36,35,N,N,"6,657,01"
2021-10-30 17:05:57.266826,ABT,36.35,31.65,34,31.7,30,31.75,30,32.1,10,35,"7,00",1.00,2.9%,34.9,"1,00",35,"1,90",35.9,"1,10","9,30",36,35,N,N,"6,657,01"
2021-10-30 17:05:58.063330,ABT,36.35,31.65,34,31.7,30,31.75,30,32.1,10,35,"7,00",1.00,2.9%,34.9,"1,00",35,"1,90",35.9,"1,10","9,30",36,35,N,N,"6,657,01"
2021-10-30 17:05:58.873300,ABT,36.35,31.65,34,31.7,30,31.75,30,32.1,10,35,"7,00",1.00,2.9%,34.9,"1,00",35,"1,90",35.9,"1,10","9,30",36,35,N,N,"6,657,01"
2021-10-30 17:05:59.726318,ABT,36.35,31.65,34,31.7,30,31.75,30,32.1,10,35,"7,00",1.00,2.9%,34.9,"1,00",35,"1,90",35.9,"1,10","9,30",36,35,N,N,"6,657,01"
2021-10-30 17:06:00.617376,ABT,36.35,31.65,34,31.7,30,31.75,30,32.1,10,35,"7,00",1.00,2.9%,34.9,"1,00",35,"1,90",35.9,"1,10","9,30",36,35,N,N,"6,657,01"
2021-10-30 17:06:01.442797,ABT,36.35,31.65,34,31.7,30,31.75,30,32.1,10,35,"7,00",1.00,2.9%,34.9,"1,00",35,"1,90",35.9,"1,10","9,30",36,35,N,N,"6,657,01"
2021-10-30 17:06:02.296507,ABT,36.35,31.65,34,31.7,30,31.75,30,32.1,10,35,"7,00",1.00,2.9%,34.9,"1,00",35,"1,90",35.9,"1,10","9,30",36,35,N,N,"6,657,01"
2021-10-30 17:06:03.078842,ABT,36.35,31.65,34,31.7,30,31.75,30,32.1,10,35,"7,00",1.00,2.9%,34.9,"1,00",35,"1,90",35.9,"1,10","9,30",36,35,N,N,"6,657,01"
2021-10-30 17:06:03.905478,ABT,36.35,31.65,34,31.7,30,31.75,30,32.1,10,35,"7,00",1.00,2.9%,34.9,"1,00",35,"1,90",35.9,"1,10","9,30",36,35,N,N,"6,657,01"
2021-10-30 17:06:04.757485,ABT,36.35,31.65,34,31.7,30,31.75,30,32.1,10,35,"7,00",1.00,2.9%,34.9,"1,00",35,"1,90",35.9,"1,10","9,30",36,35,N,N,"6,657,01"
2021-10-30 17:06:05.611386,ABT,36.35,31.65,34,31.7,30,31.75,30,32.1,10,35,"7,00",1.00,2.9%,34.9,"1,00",35,"1,90",35.9,"1,10","9,30",36,35,N,N,"6,657,01"
2021-10-30 17:06:06.424473,ABT,36.35,31.65,34,31.7,30,31.75,30,32.1,10,35,"7,00",1.00,2.9%,34.9,"1,00",35,"1,90",35.9,"1,10","9,30",36,35,N,N,"6,657,01"
2021-10-30 17:06:07.205570,ABT,36.35,31.65,34,31.7,30,31.75,30,32.1,10,35,"7,00",1.00,2.9%,34.9,"1,00",35,"1,90",35.9,"1,10","9,30",36,35,N,N,"6,657,01"
2021-10-30 17:06:08.129899,ABT,36.35,31.65,34,31.7,30,31.75,30,32.1,10,35,"7,00",1.00,2.9%,34.9,"1,00",35,"1,90",35.9,"1,10","9,30",36,35,N,N,"6,657,01"
2021-10-30 17:06:08.952544,ABT,36.35,31.65,34,31.7,30,31.75,30,32.1,10,35,"7,00",1.00,2.9%,34.9,"1,00",35,"1,90",35.9,"1,10","9,30",36,35,N,N,"6,657,01"
2021-10-30 17:06:09.829857,ABT,36.35,31.65,34,31.7,30,31.75,30,32.1,10,35,"7,00",1.00,2.9%,34.9,"1,00",35,"1,90",35.9,"1,10","9,30",36,35,N,N,"6,657,01"
2021-10-30 17:06:11.103922,ABT,36.35,31.65,34,31.7,30,31.75,30,32.1,10,35,"7,00",1.00,2.9%,34.9,"1,00",35,"1,90",35.9,"1,10","9,30",36,35,N,N,"6,657,01"
2021-10-30 17:06:12.348658,ABT,36.35,31.65,34,31.7,30,31.75,30,32.1,10,35,"7,00",1.00,2.9%,34.9,"1,00",35,"1,90",35.9,"1,10","9,30",36,35,N,N,"6,657,01"
2021-10-30 17:06:13.268732,ABT,36.35,31.65,34,31.7,30,31.75,30,32.1,10,35,"7,00",1.00,2.9%,34.9,"1,00",35,"1,90",35.9,"1,10","9,30",36,35,N,N,"6,657,01"
2021-10-30 17:06:14.120617,ABT,36.35,31.65,34,31.7,30,31.75,30,32.1,10,35,"7,00",1.00,2.9%,34.9,"1,00",35,"1,90",35.9,"1,10","9,30",36,35,N,N,"6,657,01"
2021-10-30 17:06:15.389212,ABT,36.35,31.65,34,31.7,30,31.75,30,32.1,10,35,"7,00",1.00,2.9%,34.9,"1,00",35,"1,90",35.9,"1,10","9,30",36,35,N,N,"6,657,01"
2021-10-30 17:06:16.517398,ABT,36.35,31.65,34,31.7,30,31.75,30,32.1,10,35,"7,00",1.00,2.9%,34.9,"1,00",35,"1,90",35.9,"1,10","9,30",36,35,N,N,"6,657,01"
2021-10-30 17:06:18.155584,ABT,36.35,31.65,34,31.7,30,31.75,30,32.1,10,35,"7,00",1.00,2.9%,34.9,"1,00",35,"1,90",35.9,"1,10","9,30",36,35,N,N,"6,657,01"
2021-10-30 17:06:19.216888,ABT,36.35,31.65,34,31.7,30,31.75,30,32.1,10,35,"7,00",1.00,2.9%,34.9,"1,00",35,"1,90",35.9,"1,10","9,30",36,35,N,N,"6,657,01"
2021-10-30 17:06:20.078763,ABT,36.35,31.65,34,31.7,30,31.75,30,32.1,10,35,"7,00",1.00,2.9%,34.9,"1,00",35,"1,90",35.9,"1,10","9,30",36,35,N,N,"6,657,01"
2021-10-30 17:06:20.967894,ABT,36.35,31.65,34,31.7,30,31.75,30,32.1,10,35,"7,00",1.00,2.9%,34.9,"1,00",35,"1,90",35.9,"1,10","9,30",36,35,N,N,"6,657,01"
2021-10-30 17:06:21.780559,ABT,36.35,31.65,34,31.7,30,31.75,30,32.1,10,35,"7,00",1.00,2.9%,34.9,"1,00",35,"1,90",35.9,"1,10","9,30",36,35,N,N,"6,657,01"
2021-10-30 17:06:22.931644,ABT,36.35,31.65,34,31.7,30,31.75,30,32.1,10,35,"7,00",1.00,2.9%,34.9,"1,00",35,"1,90",35.9,"1,10","9,30",36,35,N,N,"6,657,01"
2021-10-30 17:06:23.935013,ABT,36.35,31.65,34,31.7,30,31.75,30,32.1,10,35,"7,00",1.00,2.9%,34.9,"1,00",35,"1,90",35.9,"1,10","9,30",36,35,N,N,"6,657,01"
2021-10-30 17:06:24.730355,ABT,36.35,31.65,34,31.7,30,31.75,30,32.1,10,35,"7,00",1.00,2.9%,34.9,"1,00",35,"1,90",35.9,"1,10","9,30",36,35,N,N,"6,657,01"
2021-10-30 17:06:25.573045,ABT,36.35,31.65,34,31.7,30,31.75,30,32.1,10,35,"7,00",1.00,2.9%,34.9,"1,00",35,"1,90",35.9,"1,10","9,30",36,35,N,N,"6,657,01"
2021-10-30 17:06:26.345553,ABT,36.35,31.65,34,31.7,30,31.75,30,32.1,10,35,"7,00",1.00,2.9%,34.9,"1,00",35,"1,90",35.9,"1,10","9,30",36,35,N,N,"6,657,01"
2021-10-30 17:06:27.210134,ABT,36.35,31.65,34,31.7,30,31.75,30,32.1,10,35,"7,00",1.00,2.9%,34.9,"1,00",35,"1,90",35.9,"1,10","9,30",36,35,N,N,"6,657,01"
2021-10-30 17:06:28.002103,ABT,36.35,31.65,34,31.7,30,31.75,30,32.1,10,35,"7,00",1.00,2.9%,34.9,"1,00",35,"1,90",35.9,"1,10","9,30",36,35,N,N,"6,657,01"
2021-10-30 17:06:29.130773,ABT,36.35,31.65,34,31.7,30,31.75,30,32.1,10,35,"7,00",1.00,2.9%,34.9,"1,00",35,"1,90",35.9,"1,10","9,30",36,35,N,N,"6,657,01"
2021-10-30 17:06:29.930487,ABT,36.35,31.65,34,31.7,30,31.75,30,32.1,10,35,"7,00",1.00,2.9%,34.9,"1,00",35,"1,90",35.9,"1,10","9,30",36,35,N,N,"6,657,01"
2021-10-30 17:06:30.777171,ABT,36.35,31.65,34,31.7,30,31.75,30,32.1,10,35,"7,00",1.00,2.9%,34.9,"1,00",35,"1,90",35.9,"1,10","9,30",36,35,N,N,"6,657,01"
2021-10-30 17:06:31.614190,ABT,36.35,31.65,34,31.7,30,31.75,30,32.1,10,35,"7,00",1.00,2.9%,34.9,"1,00",35,"1,90",35.9,"1,10","9,30",36,35,N,N,"6,657,01"
2021-10-30 17:06:32.380532,ABT,36.35,31.65,34,31.7,30,31.75,30,32.1,10,35,"7,00",1.00,2.9%,34.9,"1,00",35,"1,90",35.9,"1,10","9,30",36,35,N,N,"6,657,01"
2021-10-30 17:06:33.207829,ABT,36.35,31.65,34,31.7,30,31.75,30,32.1,10,35,"7,00",1.00,2.9%,34.9,"1,00",35,"1,90",35.9,"1,10","9,30",36,35,N,N,"6,657,01"
2021-10-30 17:06:34.229277,ABT,36.35,31.65,34,31.7,30,31.75,30,32.1,10,35,"7,00",1.00,2.9%,34.9,"1,00",35,"1,90",35.9,"1,10","9,30",36,35,N,N,"6,657,01"
2021-10-30 17:06:35.198835,ABT,36.35,31.65,34,31.7,30,31.75,30,32.1,10,35,"7,00",1.00,2.9%,34.9,"1,00",35,"1,90",35.9,"1,10","9,30",36,35,N,N,"6,657,01"
2021-10-30 17:06:35.995340,ABT,36.35,31.65,34,31.7,30,31.75,30,32.1,10,35,"7,00",1.00,2.9%,34.9,"1,00",35,"1,90",35.9,"1,10","9,30",36,35,N,N,"6,657,01"
2021-10-30 17:06:36.770317,ABT,36.35,31.65,34,31.7,30,31.75,30,32.1,10,35,"7,00",1.00,2.9%,34.9,"1,00",35,"1,90",35.9,"1,10","9,30",36,35,N,N,"6,657,01"
2021-10-30 17:06:37.620335,ABT,36.35,31.65,34,31.7,30,31.75,30,32.1,10,35,"7,00",1.00,2.9%,34.9,"1,00",35,"1,90",35.9,"1,10","9,30",36,35,N,N,"6,657,01"
2021-10-30 17:06:38.422413,ABT,36.35,31.65,34,31.7,30,31.75,30,32.1,10,35,"7,00",1.00,2.9%,34.9,"1,00",35,"1,90",35.9,"1,10","9,30",36,35,N,N,"6,657,01"
2021-10-30 17:06:39.230730,ABT,36.35,31.65,34,31.7,30,31.75,30,32.1,10,35,"7,00",1.00,2.9%,34.9,"1,00",35,"1,90",35.9,"1,10","9,30",36,35,N,N,"6,657,01"
2021-10-30 17:06:40.911280,ABT,36.35,31.65,34,31.7,30,31.75,30,32.1,10,35,"7,00",1.00,2.9%,34.9,"1,00",35,"1,90",35.9,"1,10","9,30",36,35,N,N,"6,657,01"
2021-10-30 17:06:41.901508,ABT,36.35,31.65,34,31.7,30,31.75,30,32.1,10,35,"7,00",1.00,2.9%,34.9,"1,00",35,"1,90",35.9,"1,10","9,30",36,35,N,N,"6,657,01"
2021-10-30 17:06:42.687491,ABT,36.35,31.65,34,31.7,30,31.75,30,32.1,10,35,"7,00",1.00,2.9%,34.9,"1,00",35,"1,90",35.9,"1,10","9,30",36,35,N,N,"6,657,01"
2021-10-30 17:06:43.521570,ABT,36.35,31.65,34,31.7,30,31.75,30,32.1,10,35,"7,00",1.00,2.9%,34.9,"1,00",35,"1,90",35.9,"1,10","9,30",36,35,N,N,"6,657,01"
2021-10-30 17:06:44.342940,ABT,36.35,31.65,34,31.7,30,31.75,30,32.1,10,35,"7,00",1.00,2.9%,34.9,"1,00",35,"1,90",35.9,"1,10","9,30",36,35,N,N,"6,657,01"
2021-10-30 17:06:45.135041,ABT,36.35,31.65,34,31.7,30,31.75,30,32.1,10,35,"7,00",1.00,2.9%,34.9,"1,00",35,"1,90",35.9,"1,10","9,30",36,35,N,N,"6,657,01"
2021-10-30 17:06:46.246543,ABT,36.35,31.65,34,31.7,30,31.75,30,32.1,10,35,"7,00",1.00,2.9%,34.9,"1,00",35,"1,90",35.9,"1,10","9,30",36,35,N,N,"6,657,01"
2021-10-30 17:06:47.019616,ABT,36.35,31.65,34,31.7,30,31.75,30,32.1,10,35,"7,00",1.00,2.9%,34.9,"1,00",35,"1,90",35.9,"1,10","9,30",36,35,N,N,"6,657,01"
2021-10-30 17:06:48.110664,ABT,36.35,31.65,34,31.7,30,31.75,30,32.1,10,35,"7,00",1.00,2.9%,34.9,"1,00",35,"1,90",35.9,"1,10","9,30",36,35,N,N,"6,657,01"
2021-10-30 17:06:48.910689,ABT,36.35,31.65,34,31.7,30,31.75,30,32.1,10,35,"7,00",1.00,2.9%,34.9,"1,00",35,"1,90",35.9,"1,10","9,30",36,35,N,N,"6,657,01"
2021-10-30 17:06:49.779737,ABT,36.35,31.65,34,31.7,30,31.75,30,32.1,10,35,"7,00",1.00,2.9%,34.9,"1,00",35,"1,90",35.9,"1,10","9,30",36,35,N,N,"6,657,01"
2021-10-30 17:06:50.534134,ABT,36.35,31.65,34,31.7,30,31.75,30,32.1,10,35,"7,00",1.00,2.9%,34.9,"1,00",35,"1,90",35.9,"1,10","9,30",36,35,N,N,"6,657,01"
2021-10-30 17:06:51.714758,ABT,36.35,31.65,34,31.7,30,31.75,30,32.1,10,35,"7,00",1.00,2.9%,34.9,"1,00",35,"1,90",35.9,"1,10","9,30",36,35,N,N,"6,657,01"
2021-10-30 17:06:52.631105,ABT,36.35,31.65,34,31.7,30,31.75,30,32.1,10,35,"7,00",1.00,2.9%,34.9,"1,00",35,"1,90",35.9,"1,10","9,30",36,35,N,N,"6,657,01"
2021-10-30 17:06:53.549337,ABT,36.35,31.65,34,31.7,30,31.75,30,32.1,10,35,"7,00",1.00,2.9%,34.9,"1,00",35,"1,90",35.9,"1,10","9,30",36,35,N,N,"6,657,01"
2021-10-30 17:06:54.480492,ABT,36.35,31.65,34,31.7,30,31.75,30,32.1,10,35,"7,00",1.00,2.9%,34.9,"1,00",35,"1,90",35.9,"1,10","9,30",36,35,N,N,"6,657,01"
2021-10-30 17:06:55.250888,ABT,36.35,31.65,34,31.7,30,31.75,30,32.1,10,35,"7,00",1.00,2.9%,34.9,"1,00",35,"1,90",35.9,"1,10","9,30",36,35,N,N,"6,657,01"
2021-10-30 17:06:56.253869,ABT,36.35,31.65,34,31.7,30,31.75,30,32.1,10,35,"7,00",1.00,2.9%,34.9,"1,00",35,"1,90",35.9,"1,10","9,30",36,35,N,N,"6,657,01"
2021-10-30 17:06:57.556573,ABT,36.35,31.65,34,31.7,30,31.75,30,32.1,10,35,"7,00",1.00,2.9%,34.9,"1,00",35,"1,90",35.9,"1,10","9,30",36,35,N,N,"6,657,01"
2021-10-30 17:06:58.719915,ABT,36.35,31.65,34,31.7,30,31.75,30,32.1,10,35,"7,00",1.00,2.9%,34.9,"1,00",35,"1,90",35.9,"1,10","9,30",36,35,N,N,"6,657,01"
2021-10-30 17:06:59.717968,ABT,36.35,31.65,34,31.7,30,31.75,30,32.1,10,35,"7,00",1.00,2.9%,34.9,"1,00",35,"1,90",35.9,"1,10","9,30",36,35,N,N,"6,657,01"
2021-10-30 17:07:00.648985,ABT,36.35,31.65,34,31.7,30,31.75,30,32.1,10,35,"7,00",1.00,2.9%,34.9,"1,00",35,"1,90",35.9,"1,10","9,30",36,35,N,N,"6,657,01"
2021-10-30 17:07:01.665046,ABT,36.35,31.65,34,31.7,30,31.75,30,32.1,10,35,"7,00",1.00,2.9%,34.9,"1,00",35,"1,90",35.9,"1,10","9,30",36,35,N,N,"6,657,01"
2021-10-30 17:07:02.819072,ABT,36.35,31.65,34,31.7,30,31.75,30,32.1,10,35,"7,00",1.00,2.9%,34.9,"1,00",35,"1,90",35.9,"1,10","9,30",36,35,N,N,"6,657,01"
2021-10-30 17:07:03.745117,ABT,36.35,31.65,34,31.7,30,31.75,30,32.1,10,35,"7,00",1.00,2.9%,34.9,"1,00",35,"1,90",35.9,"1,10","9,30",36,35,N,N,"6,657,01"
2021-10-30 17:07:04.513074,ABT,36.35,31.65,34,31.7,30,31.75,30,32.1,10,35,"7,00",1.00,2.9%,34.9,"1,00",35,"1,90",35.9,"1,10","9,30",36,35,N,N,"6,657,01"
2021-10-30 17:07:05.381446,ABT,36.35,31.65,34,31.7,30,31.75,30,32.1,10,35,"7,00",1.00,2.9%,34.9,"1,00",35,"1,90",35.9,"1,10","9,30",36,35,N,N,"6,657,01"
2021-10-30 17:07:06.255653,ABT,36.35,31.65,34,31.7,30,31.75,30,32.1,10,35,"7,00",1.00,2.9%,34.9,"1,00",35,"1,90",35.9,"1,10","9,30",36,35,N,N,"6,657,01"
2021-10-30 17:07:07.053168,ABT,36.35,31.65,34,31.7,30,31.75,30,32.1,10,35,"7,00",1.00,2.9%,34.9,"1,00",35,"1,90",35.9,"1,10","9,30",36,35,N,N,"6,657,01"
2021-10-30 17:07:08.054232,ABT,36.35,31.65,34,31.7,30,31.75,30,32.1,10,35,"7,00",1.00,2.9%,34.9,"1,00",35,"1,90",35.9,"1,10","9,30",36,35,N,N,"6,657,01"
2021-10-30 17:07:08.823199,ABT,36.35,31.65,34,31.7,30,31.75,30,32.1,10,35,"7,00",1.00,2.9%,34.9,"1,00",35,"1,90",35.9,"1,10","9,30",36,35,N,N,"6,657,01"
2021-10-30 17:07:09.673045,ABT,36.35,31.65,34,31.7,30,31.75,30,32.1,10,35,"7,00",1.00,2.9%,34.9,"1,00",35,"1,90",35.9,"1,10","9,30",36,35,N,N,"6,657,01"
2021-10-30 17:07:10.426266,ABT,36.35,31.65,34,31.7,30,31.75,30,32.1,10,35,"7,00",1.00,2.9%,34.9,"1,00",35,"1,90",35.9,"1,10","9,30",36,35,N,N,"6,657,01"
2021-10-30 17:07:12.296299,ABT,36.35,31.65,34,31.7,30,31.75,30,32.1,10,35,"7,00",1.00,2.9%,34.9,"1,00",35,"1,90",35.9,"1,10","9,30",36,35,N,N,"6,657,01"
2021-10-30 17:07:13.410030,ABT,36.35,31.65,34,31.7,30,31.75,30,32.1,10,35,"7,00",1.00,2.9%,34.9,"1,00",35,"1,90",35.9,"1,10","9,30",36,35,N,N,"6,657,01"
2021-10-30 17:07:14.341326,ABT,36.35,31.65,34,31.7,30,31.75,30,32.1,10,35,"7,00",1.00,2.9%,34.9,"1,00",35,"1,90",35.9,"1,10","9,30",36,35,N,N,"6,657,01"
2021-10-30 17:07:15.350106,ABT,36.35,31.65,34,31.7,30,31.75,30,32.1,10,35,"7,00",1.00,2.9%,34.9,"1,00",35,"1,90",35.9,"1,10","9,30",36,35,N,N,"6,657,01"
2021-10-30 17:07:16.387816,ABT,36.35,31.65,34,31.7,30,31.75,30,32.1,10,35,"7,00",1.00,2.9%,34.9,"1,00",35,"1,90",35.9,"1,10","9,30",36,35,N,N,"6,657,01"
2021-10-30 17:07:17.347443,ABT,36.35,31.65,34,31.7,30,31.75,30,32.1,10,35,"7,00",1.00,2.9%,34.9,"1,00",35,"1,90",35.9,"1,10","9,30",36,35,N,N,"6,657,01"
2021-10-30 17:07:18.184448,ABT,36.35,31.65,34,31.7,30,31.75,30,32.1,10,35,"7,00",1.00,2.9%,34.9,"1,00",35,"1,90",35.9,"1,10","9,30",36,35,N,N,"6,657,01"
2021-10-30 17:07:18.968443,ABT,36.35,31.65,34,31.7,30,31.75,30,32.1,10,35,"7,00",1.00,2.9%,34.9,"1,00",35,"1,90",35.9,"1,10","9,30",36,35,N,N,"6,657,01"
2021-10-30 17:07:19.814497,ABT,36.35,31.65,34,31.7,30,31.75,30,32.1,10,35,"7,00",1.00,2.9%,34.9,"1,00",35,"1,90",35.9,"1,10","9,30",36,35,N,N,"6,657,01"
2021-10-30 17:07:20.671510,ABT,36.35,31.65,34,31.7,30,31.75,30,32.1,10,35,"7,00",1.00,2.9%,34.9,"1,00",35,"1,90",35.9,"1,10","9,30",36,35,N,N,"6,657,01"
2021-10-30 17:07:21.626628,ABT,36.35,31.65,34,31.7,30,31.75,30,32.1,10,35,"7,00",1.00,2.9%,34.9,"1,00",35,"1,90",35.9,"1,10","9,30",36,35,N,N,"6,657,01"
2021-10-30 17:07:22.401596,ABT,36.35,31.65,34,31.7,30,31.75,30,32.1,10,35,"7,00",1.00,2.9%,34.9,"1,00",35,"1,90",35.9,"1,10","9,30",36,35,N,N,"6,657,01"
2021-10-30 17:07:23.231939,ABT,36.35,31.65,34,31.7,30,31.75,30,32.1,10,35,"7,00",1.00,2.9%,34.9,"1,00",35,"1,90",35.9,"1,10","9,30",36,35,N,N,"6,657,01"
2021-10-30 17:07:24.038615,ABT,36.35,31.65,34,31.7,30,31.75,30,32.1,10,35,"7,00",1.00,2.9%,34.9,"1,00",35,"1,90",35.9,"1,10","9,30",36,35,N,N,"6,657,01"
2021-10-30 17:07:24.885597,ABT,36.35,31.65,34,31.7,30,31.75,30,32.1,10,35,"7,00",1.00,2.9%,34.9,"1,00",35,"1,90",35.9,"1,10","9,30",36,35,N,N,"6,657,01"
2021-10-30 17:07:25.760647,ABT,36.35,31.65,34,31.7,30,31.75,30,32.1,10,35,"7,00",1.00,2.9%,34.9,"1,00",35,"1,90",35.9,"1,10","9,30",36,35,N,N,"6,657,01"
2021-10-30 17:07:26.528676,ABT,36.35,31.65,34,31.7,30,31.75,30,32.1,10,35,"7,00",1.00,2.9%,34.9,"1,00",35,"1,90",35.9,"1,10","9,30",36,35,N,N,"6,657,01"
2021-10-30 17:07:27.361678,ABT,36.35,31.65,34,31.7,30,31.75,30,32.1,10,35,"7,00",1.00,2.9%,34.9,"1,00",35,"1,90",35.9,"1,10","9,30",36,35,N,N,"6,657,01"
2021-10-30 17:07:28.159712,ABT,36.35,31.65,34,31.7,30,31.75,30,32.1,10,35,"7,00",1.00,2.9%,34.9,"1,00",35,"1,90",35.9,"1,10","9,30",36,35,N,N,"6,657,01"
2021-10-30 17:07:29.597711,ABT,36.35,31.65,34,31.7,30,31.75,30,32.1,10,35,"7,00",1.00,2.9%,34.9,"1,00",35,"1,90",35.9,"1,10","9,30",36,35,N,N,"6,657,01"
2021-10-30 17:07:30.568765,ABT,36.35,31.65,34,31.7,30,31.75,30,32.1,10,35,"7,00",1.00,2.9%,34.9,"1,00",35,"1,90",35.9,"1,10","9,30",36,35,N,N,"6,657,01"
2021-10-30 17:07:31.409754,ABT,36.35,31.65,34,31.7,30,31.75,30,32.1,10,35,"7,00",1.00,2.9%,34.9,"1,00",35,"1,90",35.9,"1,10","9,30",36,35,N,N,"6,657,01"
2021-10-30 17:07:32.299927,ABT,36.35,31.65,34,31.7,30,31.75,30,32.1,10,35,"7,00",1.00,2.9%,34.9,"1,00",35,"1,90",35.9,"1,10","9,30",36,35,N,N,"6,657,01"
2021-10-30 17:07:33.074841,ABT,36.35,31.65,34,31.7,30,31.75,30,32.1,10,35,"7,00",1.00,2.9%,34.9,"1,00",35,"1,90",35.9,"1,10","9,30",36,35,N,N,"6,657,01"
2021-10-30 17:07:33.934884,ABT,36.35,31.65,34,31.7,30,31.75,30,32.1,10,35,"7,00",1.00,2.9%,34.9,"1,00",35,"1,90",35.9,"1,10","9,30",36,35,N,N,"6,657,01"
2021-10-30 17:07:34.711874,ABT,36.35,31.65,34,31.7,30,31.75,30,32.1,10,35,"7,00",1.00,2.9%,34.9,"1,00",35,"1,90",35.9,"1,10","9,30",36,35,N,N,"6,657,01"
2021-10-30 17:07:35.554912,ABT,36.35,31.65,34,31.7,30,31.75,30,32.1,10,35,"7,00",1.00,2.9%,34.9,"1,00",35,"1,90",35.9,"1,10","9,30",36,35,N,N,"6,657,01"
2021-10-30 17:07:36.391364,ABT,36.35,31.65,34,31.7,30,31.75,30,32.1,10,35,"7,00",1.00,2.9%,34.9,"1,00",35,"1,90",35.9,"1,10","9,30",36,35,N,N,"6,657,01"
2021-10-30 17:07:37.282290,ABT,36.35,31.65,34,31.7,30,31.75,30,32.1,10,35,"7,00",1.00,2.9%,34.9,"1,00",35,"1,90",35.9,"1,10","9,30",36,35,N,N,"6,657,01"
2021-10-30 17:07:38.123007,ABT,36.35,31.65,34,31.7,30,31.75,30,32.1,10,35,"7,00",1.00,2.9%,34.9,"1,00",35,"1,90",35.9,"1,10","9,30",36,35,N,N,"6,657,01"
2021-10-30 17:07:38.918610,ABT,36.35,31.65,34,31.7,30,31.75,30,32.1,10,35,"7,00",1.00,2.9%,34.9,"1,00",35,"1,90",35.9,"1,10","9,30",36,35,N,N,"6,657,01"
2021-10-30 17:07:39.809080,ABT,36.35,31.65,34,31.7,30,31.75,30,32.1,10,35,"7,00",1.00,2.9%,34.9,"1,00",35,"1,90",35.9,"1,10","9,30",36,35,N,N,"6,657,01"
2021-10-30 17:07:40.579043,ABT,36.35,31.65,34,31.7,30,31.75,30,32.1,10,35,"7,00",1.00,2.9%,34.9,"1,00",35,"1,90",35.9,"1,10","9,30",36,35,N,N,"6,657,01"
2021-10-30 17:07:41.430097,ABT,36.35,31.65,34,31.7,30,31.75,30,32.1,10,35,"7,00",1.00,2.9%,34.9,"1,00",35,"1,90",35.9,"1,10","9,30",36,35,N,N,"6,657,01"
2021-10-30 17:07:43.621898,ABT,36.35,31.65,34,31.7,30,31.75,30,32.1,10,35,"7,00",1.00,2.9%,34.9,"1,00",35,"1,90",35.9,"1,10","9,30",36,35,N,N,"6,657,01"
2021-10-30 17:07:44.604717,ABT,36.35,31.65,34,31.7,30,31.75,30,32.1,10,35,"7,00",1.00,2.9%,34.9,"1,00",35,"1,90",35.9,"1,10","9,30",36,35,N,N,"6,657,01"
2021-10-30 17:07:45.532512,ABT,36.35,31.65,34,31.7,30,31.75,30,32.1,10,35,"7,00",1.00,2.9%,34.9,"1,00",35,"1,90",35.9,"1,10","9,30",36,35,N,N,"6,657,01"
2021-10-30 17:07:46.319234,ABT,36.35,31.65,34,31.7,30,31.75,30,32.1,10,35,"7,00",1.00,2.9%,34.9,"1,00",35,"1,90",35.9,"1,10","9,30",36,35,N,N,"6,657,01"
2021-10-30 17:07:47.220626,ABT,36.35,31.65,34,31.7,30,31.75,30,32.1,10,35,"7,00",1.00,2.9%,34.9,"1,00",35,"1,90",35.9,"1,10","9,30",36,35,N,N,"6,657,01"
2021-10-30 17:07:48.207252,ABT,36.35,31.65,34,31.7,30,31.75,30,32.1,10,35,"7,00",1.00,2.9%,34.9,"1,00",35,"1,90",35.9,"1,10","9,30",36,35,N,N,"6,657,01"
2021-10-30 17:07:49.082634,ABT,36.35,31.65,34,31.7,30,31.75,30,32.1,10,35,"7,00",1.00,2.9%,34.9,"1,00",35,"1,90",35.9,"1,10","9,30",36,35,N,N,"6,657,01"
2021-10-30 17:07:50.078000,ABT,36.35,31.65,34,31.7,30,31.75,30,32.1,10,35,"7,00",1.00,2.9%,34.9,"1,00",35,"1,90",35.9,"1,10","9,30",36,35,N,N,"6,657,01"
2021-10-30 17:07:51.206384,ABT,36.35,31.65,34,31.7,30,31.75,30,32.1,10,35,"7,00",1.00,2.9%,34.9,"1,00",35,"1,90",35.9,"1,10","9,30",36,35,N,N,"6,657,01"
2021-10-30 17:07:52.129359,ABT,36.35,31.65,34,31.7,30,31.75,30,32.1,10,35,"7,00",1.00,2.9%,34.9,"1,00",35,"1,90",35.9,"1,10","9,30",36,35,N,N,"6,657,01"
2021-10-30 17:07:52.902378,ABT,36.35,31.65,34,31.7,30,31.75,30,32.1,10,35,"7,00",1.00,2.9%,34.9,"1,00",35,"1,90",35.9,"1,10","9,30",36,35,N,N,"6,657,01"
2021-10-30 17:07:53.861432,ABT,36.35,31.65,34,31.7,30,31.75,30,32.1,10,35,"7,00",1.00,2.9%,34.9,"1,00",35,"1,90",35.9,"1,10","9,30",36,35,N,N,"6,657,01"
2021-10-30 17:07:54.770422,ABT,36.35,31.65,34,31.7,30,31.75,30,32.1,10,35,"7,00",1.00,2.9%,34.9,"1,00",35,"1,90",35.9,"1,10","9,30",36,35,N,N,"6,657,01"
2021-10-30 17:07:55.678475,ABT,36.35,31.65,34,31.7,30,31.75,30,32.1,10,35,"7,00",1.00,2.9%,34.9,"1,00",35,"1,90",35.9,"1,10","9,30",36,35,N,N,"6,657,01"
2021-10-30 17:07:56.473311,ABT,36.35,31.65,34,31.7,30,31.75,30,32.1,10,35,"7,00",1.00,2.9%,34.9,"1,00",35,"1,90",35.9,"1,10","9,30",36,35,N,N,"6,657,01"
2021-10-30 17:07:57.261504,ABT,36.35,31.65,34,31.7,30,31.75,30,32.1,10,35,"7,00",1.00,2.9%,34.9,"1,00",35,"1,90",35.9,"1,10","9,30",36,35,N,N,"6,657,01"
2021-10-30 17:07:58.107099,ABT,36.35,31.65,34,31.7,30,31.75,30,32.1,10,35,"7,00",1.00,2.9%,34.9,"1,00",35,"1,90",35.9,"1,10","9,30",36,35,N,N,"6,657,01"
2021-10-30 17:07:58.878576,ABT,36.35,31.65,34,31.7,30,31.75,30,32.1,10,35,"7,00",1.00,2.9%,34.9,"1,00",35,"1,90",35.9,"1,10","9,30",36,35,N,N,"6,657,01"
2021-10-30 17:07:59.909493,ABT,36.35,31.65,34,31.7,30,31.75,30,32.1,10,35,"7,00",1.00,2.9%,34.9,"1,00",35,"1,90",35.9,"1,10","9,30",36,35,N,N,"6,657,01"
2021-10-30 17:08:01.255427,ABT,36.35,31.65,34,31.7,30,31.75,30,32.1,10,35,"7,00",1.00,2.9%,34.9,"1,00",35,"1,90",35.9,"1,10","9,30",36,35,N,N,"6,657,01"
2021-10-30 17:08:02.279322,ABT,36.35,31.65,34,31.7,30,31.75,30,32.1,10,35,"7,00",1.00,2.9%,34.9,"1,00",35,"1,90",35.9,"1,10","9,30",36,35,N,N,"6,657,01"
2021-10-30 17:08:03.327648,ABT,36.35,31.65,34,31.7,30,31.75,30,32.1,10,35,"7,00",1.00,2.9%,34.9,"1,00",35,"1,90",35.9,"1,10","9,30",36,35,N,N,"6,657,01"
2021-10-30 17:08:04.329695,ABT,36.35,31.65,34,31.7,30,31.75,30,32.1,10,35,"7,00",1.00,2.9%,34.9,"1,00",35,"1,90",35.9,"1,10","9,30",36,35,N,N,"6,657,01"
2021-10-30 17:08:05.269718,ABT,36.35,31.65,34,31.7,30,31.75,30,32.1,10,35,"7,00",1.00,2.9%,34.9,"1,00",35,"1,90",35.9,"1,10","9,30",36,35,N,N,"6,657,01"
2021-10-30 17:08:06.303414,ABT,36.35,31.65,34,31.7,30,31.75,30,32.1,10,35,"7,00",1.00,2.9%,34.9,"1,00",35,"1,90",35.9,"1,10","9,30",36,35,N,N,"6,657,01"
2021-10-30 17:08:07.218798,ABT,36.35,31.65,34,31.7,30,31.75,30,32.1,10,35,"7,00",1.00,2.9%,34.9,"1,00",35,"1,90",35.9,"1,10","9,30",36,35,N,N,"6,657,01"
2021-10-30 17:08:08.080787,ABT,36.35,31.65,34,31.7,30,31.75,30,32.1,10,35,"7,00",1.00,2.9%,34.9,"1,00",35,"1,90",35.9,"1,10","9,30",36,35,N,N,"6,657,01"
2021-10-30 17:08:08.901860,ABT,36.35,31.65,34,31.7,30,31.75,30,32.1,10,35,"7,00",1.00,2.9%,34.9,"1,00",35,"1,90",35.9,"1,10","9,30",36,35,N,N,"6,657,01"
2021-10-30 17:08:09.687273,ABT,36.35,31.65,34,31.7,30,31.75,30,32.1,10,35,"7,00",1.00,2.9%,34.9,"1,00",35,"1,90",35.9,"1,10","9,30",36,35,N,N,"6,657,01"
2021-10-30 17:08:10.463566,ABT,36.35,31.65,34,31.7,30,31.75,30,32.1,10,35,"7,00",1.00,2.9%,34.9,"1,00",35,"1,90",35.9,"1,10","9,30",36,35,N,N,"6,657,01"
2021-10-30 17:08:11.333684,ABT,36.35,31.65,34,31.7,30,31.75,30,32.1,10,35,"7,00",1.00,2.9%,34.9,"1,00",35,"1,90",35.9,"1,10","9,30",36,35,N,N,"6,657,01"
2021-10-30 17:08:13.117499,ABT,36.35,31.65,34,31.7,30,31.75,30,32.1,10,35,"7,00",1.00,2.9%,34.9,"1,00",35,"1,90",35.9,"1,10","9,30",36,35,N,N,"6,657,01"
2021-10-30 17:08:13.980949,ABT,36.35,31.65,34,31.7,30,31.75,30,32.1,10,35,"7,00",1.00,2.9%,34.9,"1,00",35,"1,90",35.9,"1,10","9,30",36,35,N,N,"6,657,01"
2021-10-30 17:08:14.760373,ABT,36.35,31.65,34,31.7,30,31.75,30,32.1,10,35,"7,00",1.00,2.9%,34.9,"1,00",35,"1,90",35.9,"1,10","9,30",36,35,N,N,"6,657,01"
2021-10-30 17:08:15.657038,ABT,36.35,31.65,34,31.7,30,31.75,30,32.1,10,35,"7,00",1.00,2.9%,34.9,"1,00",35,"1,90",35.9,"1,10","9,30",36,35,N,N,"6,657,01"
2021-10-30 17:08:16.433356,ABT,36.35,31.65,34,31.7,30,31.75,30,32.1,10,35,"7,00",1.00,2.9%,34.9,"1,00",35,"1,90",35.9,"1,10","9,30",36,35,N,N,"6,657,01"
2021-10-30 17:08:17.306049,ABT,36.35,31.65,34,31.7,30,31.75,30,32.1,10,35,"7,00",1.00,2.9%,34.9,"1,00",35,"1,90",35.9,"1,10","9,30",36,35,N,N,"6,657,01"
2021-10-30 17:08:18.133402,ABT,36.35,31.65,34,31.7,30,31.75,30,32.1,10,35,"7,00",1.00,2.9%,34.9,"1,00",35,"1,90",35.9,"1,10","9,30",36,35,N,N,"6,657,01"
2021-10-30 17:08:18.928113,ABT,36.35,31.65,34,31.7,30,31.75,30,32.1,10,35,"7,00",1.00,2.9%,34.9,"1,00",35,"1,90",35.9,"1,10","9,30",36,35,N,N,"6,657,01"
2021-10-30 17:08:19.809832,ABT,36.35,31.65,34,31.7,30,31.75,30,32.1,10,35,"7,00",1.00,2.9%,34.9,"1,00",35,"1,90",35.9,"1,10","9,30",36,35,N,N,"6,657,01"
2021-10-30 17:08:20.583469,ABT,36.35,31.65,34,31.7,30,31.75,30,32.1,10,35,"7,00",1.00,2.9%,34.9,"1,00",35,"1,90",35.9,"1,10","9,30",36,35,N,N,"6,657,01"
2021-10-30 17:08:21.632174,ABT,36.35,31.65,34,31.7,30,31.75,30,32.1,10,35,"7,00",1.00,2.9%,34.9,"1,00",35,"1,90",35.9,"1,10","9,30",36,35,N,N,"6,657,01"
2021-10-30 17:08:22.728932,ABT,36.35,31.65,34,31.7,30,31.75,30,32.1,10,35,"7,00",1.00,2.9%,34.9,"1,00",35,"1,90",35.9,"1,10","9,30",36,35,N,N,"6,657,01"
2021-10-30 17:08:23.705251,ABT,36.35,31.65,34,31.7,30,31.75,30,32.1,10,35,"7,00",1.00,2.9%,34.9,"1,00",35,"1,90",35.9,"1,10","9,30",36,35,N,N,"6,657,01"
2021-10-30 17:08:24.733562,ABT,36.35,31.65,34,31.7,30,31.75,30,32.1,10,35,"7,00",1.00,2.9%,34.9,"1,00",35,"1,90",35.9,"1,10","9,30",36,35,N,N,"6,657,01"
2021-10-30 17:08:25.742715,ABT,36.35,31.65,34,31.7,30,31.75,30,32.1,10,35,"7,00",1.00,2.9%,34.9,"1,00",35,"1,90",35.9,"1,10","9,30",36,35,N,N,"6,657,01"
2021-10-30 17:08:26.683641,ABT,36.35,31.65,34,31.7,30,31.75,30,32.1,10,35,"7,00",1.00,2.9%,34.9,"1,00",35,"1,90",35.9,"1,10","9,30",36,35,N,N,"6,657,01"
2021-10-30 17:08:27.720234,ABT,36.35,31.65,34,31.7,30,31.75,30,32.1,10,35,"7,00",1.00,2.9%,34.9,"1,00",35,"1,90",35.9,"1,10","9,30",36,35,N,N,"6,657,01"
2021-10-30 17:08:28.699324,ABT,36.35,31.65,34,31.7,30,31.75,30,32.1,10,35,"7,00",1.00,2.9%,34.9,"1,00",35,"1,90",35.9,"1,10","9,30",36,35,N,N,"6,657,01"
2021-10-30 17:08:29.555391,ABT,36.35,31.65,34,31.7,30,31.75,30,32.1,10,35,"7,00",1.00,2.9%,34.9,"1,00",35,"1,90",35.9,"1,10","9,30",36,35,N,N,"6,657,01"
2021-10-30 17:08:30.354649,ABT,36.35,31.65,34,31.7,30,31.75,30,32.1,10,35,"7,00",1.00,2.9%,34.9,"1,00",35,"1,90",35.9,"1,10","9,30",36,35,N,N,"6,657,01"
2021-10-30 17:08:31.185439,ABT,36.35,31.65,34,31.7,30,31.75,30,32.1,10,35,"7,00",1.00,2.9%,34.9,"1,00",35,"1,90",35.9,"1,10","9,30",36,35,N,N,"6,657,01"
2021-10-30 17:08:32.015478,ABT,36.35,31.65,34,31.7,30,31.75,30,32.1,10,35,"7,00",1.00,2.9%,34.9,"1,00",35,"1,90",35.9,"1,10","9,30",36,35,N,N,"6,657,01"
2021-10-30 17:08:33.390488,ABT,36.35,31.65,34,31.7,30,31.75,30,32.1,10,35,"7,00",1.00,2.9%,34.9,"1,00",35,"1,90",35.9,"1,10","9,30",36,35,N,N,"6,657,01"
2021-10-30 17:08:34.483827,ABT,36.35,31.65,34,31.7,30,31.75,30,32.1,10,35,"7,00",1.00,2.9%,34.9,"1,00",35,"1,90",35.9,"1,10","9,30",36,35,N,N,"6,657,01"
2021-10-30 17:08:35.373518,ABT,36.35,31.65,34,31.7,30,31.75,30,32.1,10,35,"7,00",1.00,2.9%,34.9,"1,00",35,"1,90",35.9,"1,10","9,30",36,35,N,N,"6,657,01"
2021-10-30 17:08:36.191960,ABT,36.35,31.65,34,31.7,30,31.75,30,32.1,10,35,"7,00",1.00,2.9%,34.9,"1,00",35,"1,90",35.9,"1,10","9,30",36,35,N,N,"6,657,01"
2021-10-30 17:08:36.979112,ABT,36.35,31.65,34,31.7,30,31.75,30,32.1,10,35,"7,00",1.00,2.9%,34.9,"1,00",35,"1,90",35.9,"1,10","9,30",36,35,N,N,"6,657,01"
2021-10-30 17:08:37.815023,ABT,36.35,31.65,34,31.7,30,31.75,30,32.1,10,35,"7,00",1.00,2.9%,34.9,"1,00",35,"1,90",35.9,"1,10","9,30",36,35,N,N,"6,657,01"
2021-10-30 17:08:38.586066,ABT,36.35,31.65,34,31.7,30,31.75,30,32.1,10,35,"7,00",1.00,2.9%,34.9,"1,00",35,"1,90",35.9,"1,10","9,30",36,35,N,N,"6,657,01"
2021-10-30 17:08:39.781711,ABT,36.35,31.65,34,31.7,30,31.75,30,32.1,10,35,"7,00",1.00,2.9%,34.9,"1,00",35,"1,90",35.9,"1,10","9,30",36,35,N,N,"6,657,01"
2021-10-30 17:08:40.557214,ABT,36.35,31.65,34,31.7,30,31.75,30,32.1,10,35,"7,00",1.00,2.9%,34.9,"1,00",35,"1,90",35.9,"1,10","9,30",36,35,N,N,"6,657,01"
2021-10-30 17:08:41.679625,ABT,36.35,31.65,34,31.7,30,31.75,30,32.1,10,35,"7,00",1.00,2.9%,34.9,"1,00",35,"1,90",35.9,"1,10","9,30",36,35,N,N,"6,657,01"
2021-10-30 17:08:42.723733,ABT,36.35,31.65,34,31.7,30,31.75,30,32.1,10,35,"7,00",1.00,2.9%,34.9,"1,00",35,"1,90",35.9,"1,10","9,30",36,35,N,N,"6,657,01"
2021-10-30 17:08:43.679708,ABT,36.35,31.65,34,31.7,30,31.75,30,32.1,10,35,"7,00",1.00,2.9%,34.9,"1,00",35,"1,90",35.9,"1,10","9,30",36,35,N,N,"6,657,01"
2021-10-30 17:08:44.534129,ABT,36.35,31.65,34,31.7,30,31.75,30,32.1,10,35,"7,00",1.00,2.9%,34.9,"1,00",35,"1,90",35.9,"1,10","9,30",36,35,N,N,"6,657,01"
2021-10-30 17:08:45.584121,ABT,36.35,31.65,34,31.7,30,31.75,30,32.1,10,35,"7,00",1.00,2.9%,34.9,"1,00",35,"1,90",35.9,"1,10","9,30",36,35,N,N,"6,657,01"
2021-10-30 17:08:46.434143,ABT,36.35,31.65,34,31.7,30,31.75,30,32.1,10,35,"7,00",1.00,2.9%,34.9,"1,00",35,"1,90",35.9,"1,10","9,30",36,35,N,N,"6,657,01"
2021-10-30 17:08:47.333841,ABT,36.35,31.65,34,31.7,30,31.75,30,32.1,10,35,"7,00",1.00,2.9%,34.9,"1,00",35,"1,90",35.9,"1,10","9,30",36,35,N,N,"6,657,01"
2021-10-30 17:08:48.266679,ABT,36.35,31.65,34,31.7,30,31.75,30,32.1,10,35,"7,00",1.00,2.9%,34.9,"1,00",35,"1,90",35.9,"1,10","9,30",36,35,N,N,"6,657,01"
2021-10-30 17:08:49.080916,ABT,36.35,31.65,34,31.7,30,31.75,30,32.1,10,35,"7,00",1.00,2.9%,34.9,"1,00",35,"1,90",35.9,"1,10","9,30",36,35,N,N,"6,657,01"
2021-10-30 17:08:49.955661,ABT,36.35,31.65,34,31.7,30,31.75,30,32.1,10,35,"7,00",1.00,2.9%,34.9,"1,00",35,"1,90",35.9,"1,10","9,30",36,35,N,N,"6,657,01"
2021-10-30 17:08:51.034278,ABT,36.35,31.65,34,31.7,30,31.75,30,32.1,10,35,"7,00",1.00,2.9%,34.9,"1,00",35,"1,90",35.9,"1,10","9,30",36,35,N,N,"6,657,01"
2021-10-30 17:08:51.878954,ABT,36.35,31.65,34,31.7,30,31.75,30,32.1,10,35,"7,00",1.00,2.9%,34.9,"1,00",35,"1,90",35.9,"1,10","9,30",36,35,N,N,"6,657,01"
2021-10-30 17:08:52.702968,ABT,36.35,31.65,34,31.7,30,31.75,30,32.1,10,35,"7,00",1.00,2.9%,34.9,"1,00",35,"1,90",35.9,"1,10","9,30",36,35,N,N,"6,657,01"
2021-10-30 17:08:53.518583,ABT,36.35,31.65,34,31.7,30,31.75,30,32.1,10,35,"7,00",1.00,2.9%,34.9,"1,00",35,"1,90",35.9,"1,10","9,30",36,35,N,N,"6,657,01"
2021-10-30 17:08:54.370042,ABT,36.35,31.65,34,31.7,30,31.75,30,32.1,10,35,"7,00",1.00,2.9%,34.9,"1,00",35,"1,90",35.9,"1,10","9,30",36,35,N,N,"6,657,01"
2021-10-30 17:08:55.174070,ABT,36.35,31.65,34,31.7,30,31.75,30,32.1,10,35,"7,00",1.00,2.9%,34.9,"1,00",35,"1,90",35.9,"1,10","9,30",36,35,N,N,"6,657,01"
2021-10-30 17:08:56.358658,ABT,36.35,31.65,34,31.7,30,31.75,30,32.1,10,35,"7,00",1.00,2.9%,34.9,"1,00",35,"1,90",35.9,"1,10","9,30",36,35,N,N,"6,657,01"
2021-10-30 17:08:57.245553,ABT,36.35,31.65,34,31.7,30,31.75,30,32.1,10,35,"7,00",1.00,2.9%,34.9,"1,00",35,"1,90",35.9,"1,10","9,30",36,35,N,N,"6,657,01"
2021-10-30 17:08:58.106544,ABT,36.35,31.65,34,31.7,30,31.75,30,32.1,10,35,"7,00",1.00,2.9%,34.9,"1,00",35,"1,90",35.9,"1,10","9,30",36,35,N,N,"6,657,01"
2021-10-30 17:08:58.910187,ABT,36.35,31.65,34,31.7,30,31.75,30,32.1,10,35,"7,00",1.00,2.9%,34.9,"1,00",35,"1,90",35.9,"1,10","9,30",36,35,N,N,"6,657,01"
2021-10-30 17:08:59.677200,ABT,36.35,31.65,34,31.7,30,31.75,30,32.1,10,35,"7,00",1.00,2.9%,34.9,"1,00",35,"1,90",35.9,"1,10","9,30",36,35,N,N,"6,657,01"
2021-10-30 17:09:00.658234,ABT,36.35,31.65,34,31.7,30,31.75,30,32.1,10,35,"7,00",1.00,2.9%,34.9,"1,00",35,"1,90",35.9,"1,10","9,30",36,35,N,N,"6,657,01"
2021-10-30 17:09:01.684618,ABT,36.35,31.65,34,31.7,30,31.75,30,32.1,10,35,"7,00",1.00,2.9%,34.9,"1,00",35,"1,90",35.9,"1,10","9,30",36,35,N,N,"6,657,01"
2021-10-30 17:09:02.673292,ABT,36.35,31.65,34,31.7,30,31.75,30,32.1,10,35,"7,00",1.00,2.9%,34.9,"1,00",35,"1,90",35.9,"1,10","9,30",36,35,N,N,"6,657,01"
2021-10-30 17:09:03.484595,ABT,36.35,31.65,34,31.7,30,31.75,30,32.1,10,35,"7,00",1.00,2.9%,34.9,"1,00",35,"1,90",35.9,"1,10","9,30",36,35,N,N,"6,657,01"
2021-10-30 17:09:04.306274,ABT,36.35,31.65,34,31.7,30,31.75,30,32.1,10,35,"7,00",1.00,2.9%,34.9,"1,00",35,"1,90",35.9,"1,10","9,30",36,35,N,N,"6,657,01"
2021-10-30 17:09:05.127357,ABT,36.35,31.65,34,31.7,30,31.75,30,32.1,10,35,"7,00",1.00,2.9%,34.9,"1,00",35,"1,90",35.9,"1,10","9,30",36,35,N,N,"6,657,01"
2021-10-30 17:09:05.933358,ABT,36.35,31.65,34,31.7,30,31.75,30,32.1,10,35,"7,00",1.00,2.9%,34.9,"1,00",35,"1,90",35.9,"1,10","9,30",36,35,N,N,"6,657,01"
2021-10-30 17:09:06.782779,ABT,36.35,31.65,34,31.7,30,31.75,30,32.1,10,35,"7,00",1.00,2.9%,34.9,"1,00",35,"1,90",35.9,"1,10","9,30",36,35,N,N,"6,657,01"
2021-10-30 17:09:07.907421,ABT,36.35,31.65,34,31.7,30,31.75,30,32.1,10,35,"7,00",1.00,2.9%,34.9,"1,00",35,"1,90",35.9,"1,10","9,30",36,35,N,N,"6,657,01"
2021-10-30 17:09:08.984454,ABT,36.35,31.65,34,31.7,30,31.75,30,32.1,10,35,"7,00",1.00,2.9%,34.9,"1,00",35,"1,90",35.9,"1,10","9,30",36,35,N,N,"6,657,01"
2021-10-30 17:09:09.965445,ABT,36.35,31.65,34,31.7,30,31.75,30,32.1,10,35,"7,00",1.00,2.9%,34.9,"1,00",35,"1,90",35.9,"1,10","9,30",36,35,N,N,"6,657,01"
2021-10-30 17:09:10.920407,ABT,36.35,31.65,34,31.7,30,31.75,30,32.1,10,35,"7,00",1.00,2.9%,34.9,"1,00",35,"1,90",35.9,"1,10","9,30",36,35,N,N,"6,657,01"
2021-10-30 17:09:12.497521,ABT,36.35,31.65,34,31.7,30,31.75,30,32.1,10,35,"7,00",1.00,2.9%,34.9,"1,00",35,"1,90",35.9,"1,10","9,30",36,35,N,N,"6,657,01"
2021-10-30 17:09:13.693140,ABT,36.35,31.65,34,31.7,30,31.75,30,32.1,10,35,"7,00",1.00,2.9%,34.9,"1,00",35,"1,90",35.9,"1,10","9,30",36,35,N,N,"6,657,01"
2021-10-30 17:09:14.536995,ABT,36.35,31.65,34,31.7,30,31.75,30,32.1,10,35,"7,00",1.00,2.9%,34.9,"1,00",35,"1,90",35.9,"1,10","9,30",36,35,N,N,"6,657,01"
2021-10-30 17:09:15.332589,ABT,36.35,31.65,34,31.7,30,31.75,30,32.1,10,35,"7,00",1.00,2.9%,34.9,"1,00",35,"1,90",35.9,"1,10","9,30",36,35,N,N,"6,657,01"
2021-10-30 17:09:16.184990,ABT,36.35,31.65,34,31.7,30,31.75,30,32.1,10,35,"7,00",1.00,2.9%,34.9,"1,00",35,"1,90",35.9,"1,10","9,30",36,35,N,N,"6,657,01"
2021-10-30 17:09:16.969646,ABT,36.35,31.65,34,31.7,30,31.75,30,32.1,10,35,"7,00",1.00,2.9%,34.9,"1,00",35,"1,90",35.9,"1,10","9,30",36,35,N,N,"6,657,01"
2021-10-30 17:09:17.804671,ABT,36.35,31.65,34,31.7,30,31.75,30,32.1,10,35,"7,00",1.00,2.9%,34.9,"1,00",35,"1,90",35.9,"1,10","9,30",36,35,N,N,"6,657,01"
2021-10-30 17:09:19.114714,ABT,36.35,31.65,34,31.7,30,31.75,30,32.1,10,35,"7,00",1.00,2.9%,34.9,"1,00",35,"1,90",35.9,"1,10","9,30",36,35,N,N,"6,657,01"
2021-10-30 17:09:19.969734,ABT,36.35,31.65,34,31.7,30,31.75,30,32.1,10,35,"7,00",1.00,2.9%,34.9,"1,00",35,"1,90",35.9,"1,10","9,30",36,35,N,N,"6,657,01"
2021-10-30 17:09:20.881772,ABT,36.35,31.65,34,31.7,30,31.75,30,32.1,10,35,"7,00",1.00,2.9%,34.9,"1,00",35,"1,90",35.9,"1,10","9,30",36,35,N,N,"6,657,01"
2021-10-30 17:09:21.679178,ABT,36.35,31.65,34,31.7,30,31.75,30,32.1,10,35,"7,00",1.00,2.9%,34.9,"1,00",35,"1,90",35.9,"1,10","9,30",36,35,N,N,"6,657,01"
2021-10-30 17:09:22.618810,ABT,36.35,31.65,34,31.7,30,31.75,30,32.1,10,35,"7,00",1.00,2.9%,34.9,"1,00",35,"1,90",35.9,"1,10","9,30",36,35,N,N,"6,657,01"
2021-10-30 17:09:23.422761,ABT,36.35,31.65,34,31.7,30,31.75,30,32.1,10,35,"7,00",1.00,2.9%,34.9,"1,00",35,"1,90",35.9,"1,10","9,30",36,35,N,N,"6,657,01"
2021-10-30 17:09:24.455845,ABT,36.35,31.65,34,31.7,30,31.75,30,32.1,10,35,"7,00",1.00,2.9%,34.9,"1,00",35,"1,90",35.9,"1,10","9,30",36,35,N,N,"6,657,01"
2021-10-30 17:09:25.389275,ABT,36.35,31.65,34,31.7,30,31.75,30,32.1,10,35,"7,00",1.00,2.9%,34.9,"1,00",35,"1,90",35.9,"1,10","9,30",36,35,N,N,"6,657,01"
2021-10-30 17:09:26.185231,ABT,36.35,31.65,34,31.7,30,31.75,30,32.1,10,35,"7,00",1.00,2.9%,34.9,"1,00",35,"1,90",35.9,"1,10","9,30",36,35,N,N,"6,657,01"
2021-10-30 17:09:27.030930,ABT,36.35,31.65,34,31.7,30,31.75,30,32.1,10,35,"7,00",1.00,2.9%,34.9,"1,00",35,"1,90",35.9,"1,10","9,30",36,35,N,N,"6,657,01"
2021-10-30 17:09:27.870474,ABT,36.35,31.65,34,31.7,30,31.75,30,32.1,10,35,"7,00",1.00,2.9%,34.9,"1,00",35,"1,90",35.9,"1,10","9,30",36,35,N,N,"6,657,01"
2021-10-30 17:09:28.695000,ABT,36.35,31.65,34,31.7,30,31.75,30,32.1,10,35,"7,00",1.00,2.9%,34.9,"1,00",35,"1,90",35.9,"1,10","9,30",36,35,N,N,"6,657,01"
2021-10-30 17:09:29.506009,ABT,36.35,31.65,34,31.7,30,31.75,30,32.1,10,35,"7,00",1.00,2.9%,34.9,"1,00",35,"1,90",35.9,"1,10","9,30",36,35,N,N,"6,657,01"
2021-10-30 17:09:30.623941,ABT,36.35,31.65,34,31.7,30,31.75,30,32.1,10,35,"7,00",1.00,2.9%,34.9,"1,00",35,"1,90",35.9,"1,10","9,30",36,35,N,N,"6,657,01"
2021-10-30 17:09:31.472003,ABT,36.35,31.65,34,31.7,30,31.75,30,32.1,10,35,"7,00",1.00,2.9%,34.9,"1,00",35,"1,90",35.9,"1,10","9,30",36,35,N,N,"6,657,01"
2021-10-30 17:09:32.300055,ABT,36.35,31.65,34,31.7,30,31.75,30,32.1,10,35,"7,00",1.00,2.9%,34.9,"1,00",35,"1,90",35.9,"1,10","9,30",36,35,N,N,"6,657,01"
2021-10-30 17:09:33.122080,ABT,36.35,31.65,34,31.7,30,31.75,30,32.1,10,35,"7,00",1.00,2.9%,34.9,"1,00",35,"1,90",35.9,"1,10","9,30",36,35,N,N,"6,657,01"
2021-10-30 17:09:33.924012,ABT,36.35,31.65,34,31.7,30,31.75,30,32.1,10,35,"7,00",1.00,2.9%,34.9,"1,00",35,"1,90",35.9,"1,10","9,30",36,35,N,N,"6,657,01"
2021-10-30 17:09:34.723153,ABT,36.35,31.65,34,31.7,30,31.75,30,32.1,10,35,"7,00",1.00,2.9%,34.9,"1,00",35,"1,90",35.9,"1,10","9,30",36,35,N,N,"6,657,01"
2021-10-30 17:09:35.871173,ABT,36.35,31.65,34,31.7,30,31.75,30,32.1,10,35,"7,00",1.00,2.9%,34.9,"1,00",35,"1,90",35.9,"1,10","9,30",36,35,N,N,"6,657,01"
2021-10-30 17:09:36.715126,ABT,36.35,31.65,34,31.7,30,31.75,30,32.1,10,35,"7,00",1.00,2.9%,34.9,"1,00",35,"1,90",35.9,"1,10","9,30",36,35,N,N,"6,657,01"
2021-10-30 17:09:37.562212,ABT,36.35,31.65,34,31.7,30,31.75,30,32.1,10,35,"7,00",1.00,2.9%,34.9,"1,00",35,"1,90",35.9,"1,10","9,30",36,35,N,N,"6,657,01"
2021-10-30 17:09:38.354822,ABT,36.35,31.65,34,31.7,30,31.75,30,32.1,10,35,"7,00",1.00,2.9%,34.9,"1,00",35,"1,90",35.9,"1,10","9,30",36,35,N,N,"6,657,01"
2021-10-30 17:09:39.172236,ABT,36.35,31.65,34,31.7,30,31.75,30,32.1,10,35,"7,00",1.00,2.9%,34.9,"1,00",35,"1,90",35.9,"1,10","9,30",36,35,N,N,"6,657,01"
2021-10-30 17:09:40.035599,ABT,36.35,31.65,34,31.7,30,31.75,30,32.1,10,35,"7,00",1.00,2.9%,34.9,"1,00",35,"1,90",35.9,"1,10","9,30",36,35,N,N,"6,657,01"
2021-10-30 17:09:40.860311,ABT,36.35,31.65,34,31.7,30,31.75,30,32.1,10,35,"7,00",1.00,2.9%,34.9,"1,00",35,"1,90",35.9,"1,10","9,30",36,35,N,N,"6,657,01"
2021-10-30 17:09:42.465268,ABT,36.35,31.65,34,31.7,30,31.75,30,32.1,10,35,"7,00",1.00,2.9%,34.9,"1,00",35,"1,90",35.9,"1,10","9,30",36,35,N,N,"6,657,01"
2021-10-30 17:09:43.410980,ABT,36.35,31.65,34,31.7,30,31.75,30,32.1,10,35,"7,00",1.00,2.9%,34.9,"1,00",35,"1,90",35.9,"1,10","9,30",36,35,N,N,"6,657,01"
2021-10-30 17:09:44.235721,ABT,36.35,31.65,34,31.7,30,31.75,30,32.1,10,35,"7,00",1.00,2.9%,34.9,"1,00",35,"1,90",35.9,"1,10","9,30",36,35,N,N,"6,657,01"
2021-10-30 17:09:45.139399,ABT,36.35,31.65,34,31.7,30,31.75,30,32.1,10,35,"7,00",1.00,2.9%,34.9,"1,00",35,"1,90",35.9,"1,10","9,30",36,35,N,N,"6,657,01"
2021-10-30 17:09:46.032422,ABT,36.35,31.65,34,31.7,30,31.75,30,32.1,10,35,"7,00",1.00,2.9%,34.9,"1,00",35,"1,90",35.9,"1,10","9,30",36,35,N,N,"6,657,01"
2021-10-30 17:09:47.084902,ABT,36.35,31.65,34,31.7,30,31.75,30,32.1,10,35,"7,00",1.00,2.9%,34.9,"1,00",35,"1,90",35.9,"1,10","9,30",36,35,N,N,"6,657,01"
2021-10-30 17:09:47.985803,ABT,36.35,31.65,34,31.7,30,31.75,30,32.1,10,35,"7,00",1.00,2.9%,34.9,"1,00",35,"1,90",35.9,"1,10","9,30",36,35,N,N,"6,657,01"
2021-10-30 17:09:48.749952,ABT,36.35,31.65,34,31.7,30,31.75,30,32.1,10,35,"7,00",1.00,2.9%,34.9,"1,00",35,"1,90",35.9,"1,10","9,30",36,35,N,N,"6,657,01"
2021-10-30 17:09:49.581518,ABT,36.35,31.65,34,31.7,30,31.75,30,32.1,10,35,"7,00",1.00,2.9%,34.9,"1,00",35,"1,90",35.9,"1,10","9,30",36,35,N,N,"6,657,01"
2021-10-30 17:09:50.406163,ABT,36.35,31.65,34,31.7,30,31.75,30,32.1,10,35,"7,00",1.00,2.9%,34.9,"1,00",35,"1,90",35.9,"1,10","9,30",36,35,N,N,"6,657,01"
2021-10-30 17:09:51.185870,ABT,36.35,31.65,34,31.7,30,31.75,30,32.1,10,35,"7,00",1.00,2.9%,34.9,"1,00",35,"1,90",35.9,"1,10","9,30",36,35,N,N,"6,657,01"
2021-10-30 17:09:52.035925,ABT,36.35,31.65,34,31.7,30,31.75,30,32.1,10,35,"7,00",1.00,2.9%,34.9,"1,00",35,"1,90",35.9,"1,10","9,30",36,35,N,N,"6,657,01"
2021-10-30 17:09:53.150010,ABT,36.35,31.65,34,31.7,30,31.75,30,32.1,10,35,"7,00",1.00,2.9%,34.9,"1,00",35,"1,90",35.9,"1,10","9,30",36,35,N,N,"6,657,01"
2021-10-30 17:09:54.074666,ABT,36.35,31.65,34,31.7,30,31.75,30,32.1,10,35,"7,00",1.00,2.9%,34.9,"1,00",35,"1,90",35.9,"1,10","9,30",36,35,N,N,"6,657,01"
2021-10-30 17:09:54.834683,ABT,36.35,31.65,34,31.7,30,31.75,30,32.1,10,35,"7,00",1.00,2.9%,34.9,"1,00",35,"1,90",35.9,"1,10","9,30",36,35,N,N,"6,657,01"
2021-10-30 17:09:55.636033,ABT,36.35,31.65,34,31.7,30,31.75,30,32.1,10,35,"7,00",1.00,2.9%,34.9,"1,00",35,"1,90",35.9,"1,10","9,30",36,35,N,N,"6,657,01"
2021-10-30 17:09:56.476681,ABT,36.35,31.65,34,31.7,30,31.75,30,32.1,10,35,"7,00",1.00,2.9%,34.9,"1,00",35,"1,90",35.9,"1,10","9,30",36,35,N,N,"6,657,01"
2021-10-30 17:09:57.266706,ABT,36.35,31.65,34,31.7,30,31.75,30,32.1,10,35,"7,00",1.00,2.9%,34.9,"1,00",35,"1,90",35.9,"1,10","9,30",36,35,N,N,"6,657,01"
2021-10-30 17:09:58.427767,ABT,36.35,31.65,34,31.7,30,31.75,30,32.1,10,35,"7,00",1.00,2.9%,34.9,"1,00",35,"1,90",35.9,"1,10","9,30",36,35,N,N,"6,657,01"
2021-10-30 17:09:59.313349,ABT,36.35,31.65,34,31.7,30,31.75,30,32.1,10,35,"7,00",1.00,2.9%,34.9,"1,00",35,"1,90",35.9,"1,10","9,30",36,35,N,N,"6,657,01"
2021-10-30 17:10:00.179754,ABT,36.35,31.65,34,31.7,30,31.75,30,32.1,10,35,"7,00",1.00,2.9%,34.9,"1,00",35,"1,90",35.9,"1,10","9,30",36,35,N,N,"6,657,01"
2021-10-30 17:10:01.430837,ABT,36.35,31.65,34,31.7,30,31.75,30,32.1,10,35,"7,00",1.00,2.9%,34.9,"1,00",35,"1,90",35.9,"1,10","9,30",36,35,N,N,"6,657,01"
2021-10-30 17:10:02.229833,ABT,36.35,31.65,34,31.7,30,31.75,30,32.1,10,35,"7,00",1.00,2.9%,34.9,"1,00",35,"1,90",35.9,"1,10","9,30",36,35,N,N,"6,657,01"
2021-10-30 17:10:03.067585,ABT,36.35,31.65,34,31.7,30,31.75,30,32.1,10,35,"7,00",1.00,2.9%,34.9,"1,00",35,"1,90",35.9,"1,10","9,30",36,35,N,N,"6,657,01"
2021-10-30 17:10:04.436291,ABT,36.35,31.65,34,31.7,30,31.75,30,32.1,10,35,"7,00",1.00,2.9%,34.9,"1,00",35,"1,90",35.9,"1,10","9,30",36,35,N,N,"6,657,01"
2021-10-30 17:10:05.330942,ABT,36.35,31.65,34,31.7,30,31.75,30,32.1,10,35,"7,00",1.00,2.9%,34.9,"1,00",35,"1,90",35.9,"1,10","9,30",36,35,N,N,"6,657,01"
2021-10-30 17:10:06.123536,ABT,36.35,31.65,34,31.7,30,31.75,30,32.1,10,35,"7,00",1.00,2.9%,34.9,"1,00",35,"1,90",35.9,"1,10","9,30",36,35,N,N,"6,657,01"
2021-10-30 17:10:06.978505,ABT,36.35,31.65,34,31.7,30,31.75,30,32.1,10,35,"7,00",1.00,2.9%,34.9,"1,00",35,"1,90",35.9,"1,10","9,30",36,35,N,N,"6,657,01"
2021-10-30 17:10:07.767023,ABT,36.35,31.65,34,31.7,30,31.75,30,32.1,10,35,"7,00",1.00,2.9%,34.9,"1,00",35,"1,90",35.9,"1,10","9,30",36,35,N,N,"6,657,01"
2021-10-30 17:10:08.571601,ABT,36.35,31.65,34,31.7,30,31.75,30,32.1,10,35,"7,00",1.00,2.9%,34.9,"1,00",35,"1,90",35.9,"1,10","9,30",36,35,N,N,"6,657,01"
2021-10-30 17:10:09.902076,ABT,36.35,31.65,34,31.7,30,31.75,30,32.1,10,35,"7,00",1.00,2.9%,34.9,"1,00",35,"1,90",35.9,"1,10","9,30",36,35,N,N,"6,657,01"
2021-10-30 17:10:10.889093,ABT,36.35,31.65,34,31.7,30,31.75,30,32.1,10,35,"7,00",1.00,2.9%,34.9,"1,00",35,"1,90",35.9,"1,10","9,30",36,35,N,N,"6,657,01"
2021-10-30 17:10:12.329090,ABT,36.35,31.65,34,31.7,30,31.75,30,32.1,10,35,"7,00",1.00,2.9%,34.9,"1,00",35,"1,90",35.9,"1,10","9,30",36,35,N,N,"6,657,01"
2021-10-30 17:10:13.124155,ABT,36.35,31.65,34,31.7,30,31.75,30,32.1,10,35,"7,00",1.00,2.9%,34.9,"1,00",35,"1,90",35.9,"1,10","9,30",36,35,N,N,"6,657,01"
2021-10-30 17:10:14.136490,ABT,36.35,31.65,34,31.7,30,31.75,30,32.1,10,35,"7,00",1.00,2.9%,34.9,"1,00",35,"1,90",35.9,"1,10","9,30",36,35,N,N,"6,657,01"
2021-10-30 17:10:15.365144,ABT,36.35,31.65,34,31.7,30,31.75,30,32.1,10,35,"7,00",1.00,2.9%,34.9,"1,00",35,"1,90",35.9,"1,10","9,30",36,35,N,N,"6,657,01"
2021-10-30 17:10:16.409230,ABT,36.35,31.65,34,31.7,30,31.75,30,32.1,10,35,"7,00",1.00,2.9%,34.9,"1,00",35,"1,90",35.9,"1,10","9,30",36,35,N,N,"6,657,01"
2021-10-30 17:10:17.329235,ABT,36.35,31.65,34,31.7,30,31.75,30,32.1,10,35,"7,00",1.00,2.9%,34.9,"1,00",35,"1,90",35.9,"1,10","9,30",36,35,N,N,"6,657,01"
2021-10-30 17:10:18.450698,ABT,36.35,31.65,34,31.7,30,31.75,30,32.1,10,35,"7,00",1.00,2.9%,34.9,"1,00",35,"1,90",35.9,"1,10","9,30",36,35,N,N,"6,657,01"
2021-10-30 17:10:19.326889,ABT,36.35,31.65,34,31.7,30,31.75,30,32.1,10,35,"7,00",1.00,2.9%,34.9,"1,00",35,"1,90",35.9,"1,10","9,30",36,35,N,N,"6,657,01"
2021-10-30 17:10:20.123993,ABT,36.35,31.65,34,31.7,30,31.75,30,32.1,10,35,"7,00",1.00,2.9%,34.9,"1,00",35,"1,90",35.9,"1,10","9,30",36,35,N,N,"6,657,01"
2021-10-30 17:10:21.281392,ABT,36.35,31.65,34,31.7,30,31.75,30,32.1,10,35,"7,00",1.00,2.9%,34.9,"1,00",35,"1,90",35.9,"1,10","9,30",36,35,N,N,"6,657,01"
2021-10-30 17:10:22.127331,ABT,36.35,31.65,34,31.7,30,31.75,30,32.1,10,35,"7,00",1.00,2.9%,34.9,"1,00",35,"1,90",35.9,"1,10","9,30",36,35,N,N,"6,657,01"
2021-10-30 17:10:23.122448,ABT,36.35,31.65,34,31.7,30,31.75,30,32.1,10,35,"7,00",1.00,2.9%,34.9,"1,00",35,"1,90",35.9,"1,10","9,30",36,35,N,N,"6,657,01"
2021-10-30 17:10:24.078431,ABT,36.35,31.65,34,31.7,30,31.75,30,32.1,10,35,"7,00",1.00,2.9%,34.9,"1,00",35,"1,90",35.9,"1,10","9,30",36,35,N,N,"6,657,01"
2021-10-30 17:10:24.856887,ABT,36.35,31.65,34,31.7,30,31.75,30,32.1,10,35,"7,00",1.00,2.9%,34.9,"1,00",35,"1,90",35.9,"1,10","9,30",36,35,N,N,"6,657,01"
2021-10-30 17:10:25.686838,ABT,36.35,31.65,34,31.7,30,31.75,30,32.1,10,35,"7,00",1.00,2.9%,34.9,"1,00",35,"1,90",35.9,"1,10","9,30",36,35,N,N,"6,657,01"
2021-10-30 17:10:26.797527,ABT,36.35,31.65,34,31.7,30,31.75,30,32.1,10,35,"7,00",1.00,2.9%,34.9,"1,00",35,"1,90",35.9,"1,10","9,30",36,35,N,N,"6,657,01"
2021-10-30 17:10:27.719557,ABT,36.35,31.65,34,31.7,30,31.75,30,32.1,10,35,"7,00",1.00,2.9%,34.9,"1,00",35,"1,90",35.9,"1,10","9,30",36,35,N,N,"6,657,01"
2021-10-30 17:10:28.505599,ABT,36.35,31.65,34,31.7,30,31.75,30,32.1,10,35,"7,00",1.00,2.9%,34.9,"1,00",35,"1,90",35.9,"1,10","9,30",36,35,N,N,"6,657,01"
2021-10-30 17:10:29.286914,ABT,36.35,31.65,34,31.7,30,31.75,30,32.1,10,35,"7,00",1.00,2.9%,34.9,"1,00",35,"1,90",35.9,"1,10","9,30",36,35,N,N,"6,657,01"
2021-10-30 17:10:30.225685,ABT,36.35,31.65,34,31.7,30,31.75,30,32.1,10,35,"7,00",1.00,2.9%,34.9,"1,00",35,"1,90",35.9,"1,10","9,30",36,35,N,N,"6,657,01"
2021-10-30 17:10:31.026633,ABT,36.35,31.65,34,31.7,30,31.75,30,32.1,10,35,"7,00",1.00,2.9%,34.9,"1,00",35,"1,90",35.9,"1,10","9,30",36,35,N,N,"6,657,01"
2021-10-30 17:10:31.973675,ABT,36.35,31.65,34,31.7,30,31.75,30,32.1,10,35,"7,00",1.00,2.9%,34.9,"1,00",35,"1,90",35.9,"1,10","9,30",36,35,N,N,"6,657,01"
2021-10-30 17:10:32.987026,ABT,36.35,31.65,34,31.7,30,31.75,30,32.1,10,35,"7,00",1.00,2.9%,34.9,"1,00",35,"1,90",35.9,"1,10","9,30",36,35,N,N,"6,657,01"
2021-10-30 17:10:33.847161,ABT,36.35,31.65,34,31.7,30,31.75,30,32.1,10,35,"7,00",1.00,2.9%,34.9,"1,00",35,"1,90",35.9,"1,10","9,30",36,35,N,N,"6,657,01"
2021-10-30 17:10:34.627740,ABT,36.35,31.65,34,31.7,30,31.75,30,32.1,10,35,"7,00",1.00,2.9%,34.9,"1,00",35,"1,90",35.9,"1,10","9,30",36,35,N,N,"6,657,01"
2021-10-30 17:10:35.426145,ABT,36.35,31.65,34,31.7,30,31.75,30,32.1,10,35,"7,00",1.00,2.9%,34.9,"1,00",35,"1,90",35.9,"1,10","9,30",36,35,N,N,"6,657,01"
2021-10-30 17:10:36.240294,ABT,36.35,31.65,34,31.7,30,31.75,30,32.1,10,35,"7,00",1.00,2.9%,34.9,"1,00",35,"1,90",35.9,"1,10","9,30",36,35,N,N,"6,657,01"
2021-10-30 17:10:37.035760,ABT,36.35,31.65,34,31.7,30,31.75,30,32.1,10,35,"7,00",1.00,2.9%,34.9,"1,00",35,"1,90",35.9,"1,10","9,30",36,35,N,N,"6,657,01"
2021-10-30 17:10:38.217334,ABT,36.35,31.65,34,31.7,30,31.75,30,32.1,10,35,"7,00",1.00,2.9%,34.9,"1,00",35,"1,90",35.9,"1,10","9,30",36,35,N,N,"6,657,01"
2021-10-30 17:10:39.005847,ABT,36.35,31.65,34,31.7,30,31.75,30,32.1,10,35,"7,00",1.00,2.9%,34.9,"1,00",35,"1,90",35.9,"1,10","9,30",36,35,N,N,"6,657,01"
2021-10-30 17:10:39.937187,ABT,36.35,31.65,34,31.7,30,31.75,30,32.1,10,35,"7,00",1.00,2.9%,34.9,"1,00",35,"1,90",35.9,"1,10","9,30",36,35,N,N,"6,657,01"
2021-10-30 17:10:40.721436,ABT,36.35,31.65,34,31.7,30,31.75,30,32.1,10,35,"7,00",1.00,2.9%,34.9,"1,00",35,"1,90",35.9,"1,10","9,30",36,35,N,N,"6,657,01"
2021-10-30 17:10:42.022889,ABT,36.35,31.65,34,31.7,30,31.75,30,32.1,10,35,"7,00",1.00,2.9%,34.9,"1,00",35,"1,90",35.9,"1,10","9,30",36,35,N,N,"6,657,01"
2021-10-30 17:10:42.909581,ABT,36.35,31.65,34,31.7,30,31.75,30,32.1,10,35,"7,00",1.00,2.9%,34.9,"1,00",35,"1,90",35.9,"1,10","9,30",36,35,N,N,"6,657,01"
2021-10-30 17:10:44.027607,ABT,36.35,31.65,34,31.7,30,31.75,30,32.1,10,35,"7,00",1.00,2.9%,34.9,"1,00",35,"1,90",35.9,"1,10","9,30",36,35,N,N,"6,657,01"
2021-10-30 17:10:44.895444,ABT,36.35,31.65,34,31.7,30,31.75,30,32.1,10,35,"7,00",1.00,2.9%,34.9,"1,00",35,"1,90",35.9,"1,10","9,30",36,35,N,N,"6,657,01"
2021-10-30 17:10:45.687353,ABT,36.35,31.65,34,31.7,30,31.75,30,32.1,10,35,"7,00",1.00,2.9%,34.9,"1,00",35,"1,90",35.9,"1,10","9,30",36,35,N,N,"6,657,01"
2021-10-30 17:10:46.521040,ABT,36.35,31.65,34,31.7,30,31.75,30,32.1,10,35,"7,00",1.00,2.9%,34.9,"1,00",35,"1,90",35.9,"1,10","9,30",36,35,N,N,"6,657,01"
2021-10-30 17:10:47.319078,ABT,36.35,31.65,34,31.7,30,31.75,30,32.1,10,35,"7,00",1.00,2.9%,34.9,"1,00",35,"1,90",35.9,"1,10","9,30",36,35,N,N,"6,657,01"
2021-10-30 17:10:48.186119,ABT,36.35,31.65,34,31.7,30,31.75,30,32.1,10,35,"7,00",1.00,2.9%,34.9,"1,00",35,"1,90",35.9,"1,10","9,30",36,35,N,N,"6,657,01"
2021-10-30 17:10:49.234090,ABT,36.35,31.65,34,31.7,30,31.75,30,32.1,10,35,"7,00",1.00,2.9%,34.9,"1,00",35,"1,90",35.9,"1,10","9,30",36,35,N,N,"6,657,01"
2021-10-30 17:10:50.085120,ABT,36.35,31.65,34,31.7,30,31.75,30,32.1,10,35,"7,00",1.00,2.9%,34.9,"1,00",35,"1,90",35.9,"1,10","9,30",36,35,N,N,"6,657,01"
2021-10-30 17:10:50.910175,ABT,36.35,31.65,34,31.7,30,31.75,30,32.1,10,35,"7,00",1.00,2.9%,34.9,"1,00",35,"1,90",35.9,"1,10","9,30",36,35,N,N,"6,657,01"
2021-10-30 17:10:51.720199,ABT,36.35,31.65,34,31.7,30,31.75,30,32.1,10,35,"7,00",1.00,2.9%,34.9,"1,00",35,"1,90",35.9,"1,10","9,30",36,35,N,N,"6,657,01"
2021-10-30 17:10:52.587553,ABT,36.35,31.65,34,31.7,30,31.75,30,32.1,10,35,"7,00",1.00,2.9%,34.9,"1,00",35,"1,90",35.9,"1,10","9,30",36,35,N,N,"6,657,01"
2021-10-30 17:10:53.436198,ABT,36.35,31.65,34,31.7,30,31.75,30,32.1,10,35,"7,00",1.00,2.9%,34.9,"1,00",35,"1,90",35.9,"1,10","9,30",36,35,N,N,"6,657,01"
2021-10-30 17:10:54.461287,ABT,36.35,31.65,34,31.7,30,31.75,30,32.1,10,35,"7,00",1.00,2.9%,34.9,"1,00",35,"1,90",35.9,"1,10","9,30",36,35,N,N,"6,657,01"
2021-10-30 17:10:55.529313,ABT,36.35,31.65,34,31.7,30,31.75,30,32.1,10,35,"7,00",1.00,2.9%,34.9,"1,00",35,"1,90",35.9,"1,10","9,30",36,35,N,N,"6,657,01"
2021-10-30 17:10:56.324700,ABT,36.35,31.65,34,31.7,30,31.75,30,32.1,10,35,"7,00",1.00,2.9%,34.9,"1,00",35,"1,90",35.9,"1,10","9,30",36,35,N,N,"6,657,01"
2021-10-30 17:10:57.137655,ABT,36.35,31.65,34,31.7,30,31.75,30,32.1,10,35,"7,00",1.00,2.9%,34.9,"1,00",35,"1,90",35.9,"1,10","9,30",36,35,N,N,"6,657,01"
2021-10-30 17:10:58.053412,ABT,36.35,31.65,34,31.7,30,31.75,30,32.1,10,35,"7,00",1.00,2.9%,34.9,"1,00",35,"1,90",35.9,"1,10","9,30",36,35,N,N,"6,657,01"
2021-10-30 17:10:58.896860,ABT,36.35,31.65,34,31.7,30,31.75,30,32.1,10,35,"7,00",1.00,2.9%,34.9,"1,00",35,"1,90",35.9,"1,10","9,30",36,35,N,N,"6,657,01"
2021-10-30 17:10:59.687732,ABT,36.35,31.65,34,31.7,30,31.75,30,32.1,10,35,"7,00",1.00,2.9%,34.9,"1,00",35,"1,90",35.9,"1,10","9,30",36,35,N,N,"6,657,01"
2021-10-30 17:11:00.873997,ABT,36.35,31.65,34,31.7,30,31.75,30,32.1,10,35,"7,00",1.00,2.9%,34.9,"1,00",35,"1,90",35.9,"1,10","9,30",36,35,N,N,"6,657,01"
2021-10-30 17:11:01.684140,ABT,36.35,31.65,34,31.7,30,31.75,30,32.1,10,35,"7,00",1.00,2.9%,34.9,"1,00",35,"1,90",35.9,"1,10","9,30",36,35,N,N,"6,657,01"
2021-10-30 17:11:02.616516,ABT,36.35,31.65,34,31.7,30,31.75,30,32.1,10,35,"7,00",1.00,2.9%,34.9,"1,00",35,"1,90",35.9,"1,10","9,30",36,35,N,N,"6,657,01"
2021-10-30 17:11:03.584525,ABT,36.35,31.65,34,31.7,30,31.75,30,32.1,10,35,"7,00",1.00,2.9%,34.9,"1,00",35,"1,90",35.9,"1,10","9,30",36,35,N,N,"6,657,01"
2021-10-30 17:11:04.365504,ABT,36.35,31.65,34,31.7,30,31.75,30,32.1,10,35,"7,00",1.00,2.9%,34.9,"1,00",35,"1,90",35.9,"1,10","9,30",36,35,N,N,"6,657,01"
2021-10-30 17:11:05.187862,ABT,36.35,31.65,34,31.7,30,31.75,30,32.1,10,35,"7,00",1.00,2.9%,34.9,"1,00",35,"1,90",35.9,"1,10","9,30",36,35,N,N,"6,657,01"
2021-10-30 17:11:06.295020,ABT,36.35,31.65,34,31.7,30,31.75,30,32.1,10,35,"7,00",1.00,2.9%,34.9,"1,00",35,"1,90",35.9,"1,10","9,30",36,35,N,N,"6,657,01"
2021-10-30 17:11:07.150045,ABT,36.35,31.65,34,31.7,30,31.75,30,32.1,10,35,"7,00",1.00,2.9%,34.9,"1,00",35,"1,90",35.9,"1,10","9,30",36,35,N,N,"6,657,01"
2021-10-30 17:11:08.069660,ABT,36.35,31.65,34,31.7,30,31.75,30,32.1,10,35,"7,00",1.00,2.9%,34.9,"1,00",35,"1,90",35.9,"1,10","9,30",36,35,N,N,"6,657,01"
2021-10-30 17:11:08.873688,ABT,36.35,31.65,34,31.7,30,31.75,30,32.1,10,35,"7,00",1.00,2.9%,34.9,"1,00",35,"1,90",35.9,"1,10","9,30",36,35,N,N,"6,657,01"
2021-10-30 17:11:09.731672,ABT,36.35,31.65,34,31.7,30,31.75,30,32.1,10,35,"7,00",1.00,2.9%,34.9,"1,00",35,"1,90",35.9,"1,10","9,30",36,35,N,N,"6,657,01"
2021-10-30 17:11:10.562742,ABT,36.35,31.65,34,31.7,30,31.75,30,32.1,10,35,"7,00",1.00,2.9%,34.9,"1,00",35,"1,90",35.9,"1,10","9,30",36,35,N,N,"6,657,01"
2021-10-30 17:11:12.292581,ABT,36.35,31.65,34,31.7,30,31.75,30,32.1,10,35,"7,00",1.00,2.9%,34.9,"1,00",35,"1,90",35.9,"1,10","9,30",36,35,N,N,"6,657,01"
2021-10-30 17:11:13.132769,ABT,36.35,31.65,34,31.7,30,31.75,30,32.1,10,35,"7,00",1.00,2.9%,34.9,"1,00",35,"1,90",35.9,"1,10","9,30",36,35,N,N,"6,657,01"
2021-10-30 17:11:13.998265,ABT,36.35,31.65,34,31.7,30,31.75,30,32.1,10,35,"7,00",1.00,2.9%,34.9,"1,00",35,"1,90",35.9,"1,10","9,30",36,35,N,N,"6,657,01"
2021-10-30 17:11:14.790288,ABT,36.35,31.65,34,31.7,30,31.75,30,32.1,10,35,"7,00",1.00,2.9%,34.9,"1,00",35,"1,90",35.9,"1,10","9,30",36,35,N,N,"6,657,01"
2021-10-30 17:11:15.634322,ABT,36.35,31.65,34,31.7,30,31.75,30,32.1,10,35,"7,00",1.00,2.9%,34.9,"1,00",35,"1,90",35.9,"1,10","9,30",36,35,N,N,"6,657,01"
2021-10-30 17:11:16.461890,ABT,36.35,31.65,34,31.7,30,31.75,30,32.1,10,35,"7,00",1.00,2.9%,34.9,"1,00",35,"1,90",35.9,"1,10","9,30",36,35,N,N,"6,657,01"
2021-10-30 17:11:17.250879,ABT,36.35,31.65,34,31.7,30,31.75,30,32.1,10,35,"7,00",1.00,2.9%,34.9,"1,00",35,"1,90",35.9,"1,10","9,30",36,35,N,N,"6,657,01"
2021-10-30 17:11:18.519946,ABT,36.35,31.65,34,31.7,30,31.75,30,32.1,10,35,"7,00",1.00,2.9%,34.9,"1,00",35,"1,90",35.9,"1,10","9,30",36,35,N,N,"6,657,01"
2021-10-30 17:11:19.442928,ABT,36.35,31.65,34,31.7,30,31.75,30,32.1,10,35,"7,00",1.00,2.9%,34.9,"1,00",35,"1,90",35.9,"1,10","9,30",36,35,N,N,"6,657,01"
2021-10-30 17:11:20.738347,ABT,36.35,31.65,34,31.7,30,31.75,30,32.1,10,35,"7,00",1.00,2.9%,34.9,"1,00",35,"1,90",35.9,"1,10","9,30",36,35,N,N,"6,657,01"
2021-10-30 17:11:21.738327,ABT,36.35,31.65,34,31.7,30,31.75,30,32.1,10,35,"7,00",1.00,2.9%,34.9,"1,00",35,"1,90",35.9,"1,10","9,30",36,35,N,N,"6,657,01"
2021-10-30 17:11:22.716021,ABT,36.35,31.65,34,31.7,30,31.75,30,32.1,10,35,"7,00",1.00,2.9%,34.9,"1,00",35,"1,90",35.9,"1,10","9,30",36,35,N,N,"6,657,01"
2021-10-30 17:11:24.186327,ABT,36.35,31.65,34,31.7,30,31.75,30,32.1,10,35,"7,00",1.00,2.9%,34.9,"1,00",35,"1,90",35.9,"1,10","9,30",36,35,N,N,"6,657,01"
2021-10-30 17:11:24.949295,ABT,36.35,31.65,34,31.7,30,31.75,30,32.1,10,35,"7,00",1.00,2.9%,34.9,"1,00",35,"1,90",35.9,"1,10","9,30",36,35,N,N,"6,657,01"
2021-10-30 17:11:25.882760,ABT,36.35,31.65,34,31.7,30,31.75,30,32.1,10,35,"7,00",1.00,2.9%,34.9,"1,00",35,"1,90",35.9,"1,10","9,30",36,35,N,N,"6,657,01"
2021-10-30 17:11:26.687432,ABT,36.35,31.65,34,31.7,30,31.75,30,32.1,10,35,"7,00",1.00,2.9%,34.9,"1,00",35,"1,90",35.9,"1,10","9,30",36,35,N,N,"6,657,01"
2021-10-30 17:11:27.530509,ABT,36.35,31.65,34,31.7,30,31.75,30,32.1,10,35,"7,00",1.00,2.9%,34.9,"1,00",35,"1,90",35.9,"1,10","9,30",36,35,N,N,"6,657,01"
2021-10-30 17:11:28.289583,ABT,36.35,31.65,34,31.7,30,31.75,30,32.1,10,35,"7,00",1.00,2.9%,34.9,"1,00",35,"1,90",35.9,"1,10","9,30",36,35,N,N,"6,657,01"
2021-10-30 17:11:29.404199,ABT,36.35,31.65,34,31.7,30,31.75,30,32.1,10,35,"7,00",1.00,2.9%,34.9,"1,00",35,"1,90",35.9,"1,10","9,30",36,35,N,N,"6,657,01"
2021-10-30 17:11:30.235914,ABT,36.35,31.65,34,31.7,30,31.75,30,32.1,10,35,"7,00",1.00,2.9%,34.9,"1,00",35,"1,90",35.9,"1,10","9,30",36,35,N,N,"6,657,01"
2021-10-30 17:11:30.985923,ABT,36.35,31.65,34,31.7,30,31.75,30,32.1,10,35,"7,00",1.00,2.9%,34.9,"1,00",35,"1,90",35.9,"1,10","9,30",36,35,N,N,"6,657,01"
2021-10-30 17:11:31.826275,ABT,36.35,31.65,34,31.7,30,31.75,30,32.1,10,35,"7,00",1.00,2.9%,34.9,"1,00",35,"1,90",35.9,"1,10","9,30",36,35,N,N,"6,657,01"
2021-10-30 17:11:32.769177,ABT,36.35,31.65,34,31.7,30,31.75,30,32.1,10,35,"7,00",1.00,2.9%,34.9,"1,00",35,"1,90",35.9,"1,10","9,30",36,35,N,N,"6,657,01"
2021-10-30 17:11:33.884355,ABT,36.35,31.65,34,31.7,30,31.75,30,32.1,10,35,"7,00",1.00,2.9%,34.9,"1,00",35,"1,90",35.9,"1,10","9,30",36,35,N,N,"6,657,01"
2021-10-30 17:11:35.419793,ABT,36.35,31.65,34,31.7,30,31.75,30,32.1,10,35,"7,00",1.00,2.9%,34.9,"1,00",35,"1,90",35.9,"1,10","9,30",36,35,N,N,"6,657,01"
2021-10-30 17:11:36.414407,ABT,36.35,31.65,34,31.7,30,31.75,30,32.1,10,35,"7,00",1.00,2.9%,34.9,"1,00",35,"1,90",35.9,"1,10","9,30",36,35,N,N,"6,657,01"
2021-10-30 17:11:37.489915,ABT,36.35,31.65,34,31.7,30,31.75,30,32.1,10,35,"7,00",1.00,2.9%,34.9,"1,00",35,"1,90",35.9,"1,10","9,30",36,35,N,N,"6,657,01"
2021-10-30 17:11:38.344069,ABT,36.35,31.65,34,31.7,30,31.75,30,32.1,10,35,"7,00",1.00,2.9%,34.9,"1,00",35,"1,90",35.9,"1,10","9,30",36,35,N,N,"6,657,01"
2021-10-30 17:11:39.219805,ABT,36.35,31.65,34,31.7,30,31.75,30,32.1,10,35,"7,00",1.00,2.9%,34.9,"1,00",35,"1,90",35.9,"1,10","9,30",36,35,N,N,"6,657,01"
2021-10-30 17:11:40.184347,ABT,36.35,31.65,34,31.7,30,31.75,30,32.1,10,35,"7,00",1.00,2.9%,34.9,"1,00",35,"1,90",35.9,"1,10","9,30",36,35,N,N,"6,657,01"
2021-10-30 17:11:42.049835,ABT,36.35,31.65,34,31.7,30,31.75,30,32.1,10,35,"7,00",1.00,2.9%,34.9,"1,00",35,"1,90",35.9,"1,10","9,30",36,35,N,N,"6,657,01"
2021-10-30 17:11:42.895965,ABT,36.35,31.65,34,31.7,30,31.75,30,32.1,10,35,"7,00",1.00,2.9%,34.9,"1,00",35,"1,90",35.9,"1,10","9,30",36,35,N,N,"6,657,01"
2021-10-30 17:11:43.845137,ABT,36.35,31.65,34,31.7,30,31.75,30,32.1,10,35,"7,00",1.00,2.9%,34.9,"1,00",35,"1,90",35.9,"1,10","9,30",36,35,N,N,"6,657,01"
2021-10-30 17:11:44.718496,ABT,36.35,31.65,34,31.7,30,31.75,30,32.1,10,35,"7,00",1.00,2.9%,34.9,"1,00",35,"1,90",35.9,"1,10","9,30",36,35,N,N,"6,657,01"
2021-10-30 17:11:45.707867,ABT,36.35,31.65,34,31.7,30,31.75,30,32.1,10,35,"7,00",1.00,2.9%,34.9,"1,00",35,"1,90",35.9,"1,10","9,30",36,35,N,N,"6,657,01"
2021-10-30 17:11:47.095404,ABT,36.35,31.65,34,31.7,30,31.75,30,32.1,10,35,"7,00",1.00,2.9%,34.9,"1,00",35,"1,90",35.9,"1,10","9,30",36,35,N,N,"6,657,01"
2021-10-30 17:11:48.010594,ABT,36.35,31.65,34,31.7,30,31.75,30,32.1,10,35,"7,00",1.00,2.9%,34.9,"1,00",35,"1,90",35.9,"1,10","9,30",36,35,N,N,"6,657,01"
2021-10-30 17:11:49.184814,ABT,36.35,31.65,34,31.7,30,31.75,30,32.1,10,35,"7,00",1.00,2.9%,34.9,"1,00",35,"1,90",35.9,"1,10","9,30",36,35,N,N,"6,657,01"
2021-10-30 17:11:50.119726,ABT,36.35,31.65,34,31.7,30,31.75,30,32.1,10,35,"7,00",1.00,2.9%,34.9,"1,00",35,"1,90",35.9,"1,10","9,30",36,35,N,N,"6,657,01"
2021-10-30 17:11:50.943563,ABT,36.35,31.65,34,31.7,30,31.75,30,32.1,10,35,"7,00",1.00,2.9%,34.9,"1,00",35,"1,90",35.9,"1,10","9,30",36,35,N,N,"6,657,01"
2021-10-30 17:11:52.013846,ABT,36.35,31.65,34,31.7,30,31.75,30,32.1,10,35,"7,00",1.00,2.9%,34.9,"1,00",35,"1,90",35.9,"1,10","9,30",36,35,N,N,"6,657,01"
2021-10-30 17:11:53.811005,ABT,36.35,31.65,34,31.7,30,31.75,30,32.1,10,35,"7,00",1.00,2.9%,34.9,"1,00",35,"1,90",35.9,"1,10","9,30",36,35,N,N,"6,657,01"
2021-10-30 17:11:55.211165,ABT,36.35,31.65,34,31.7,30,31.75,30,32.1,10,35,"7,00",1.00,2.9%,34.9,"1,00",35,"1,90",35.9,"1,10","9,30",36,35,N,N,"6,657,01"
2021-10-30 17:11:56.740314,ABT,36.35,31.65,34,31.7,30,31.75,30,32.1,10,35,"7,00",1.00,2.9%,34.9,"1,00",35,"1,90",35.9,"1,10","9,30",36,35,N,N,"6,657,01"
2021-10-30 17:11:58.109215,ABT,36.35,31.65,34,31.7,30,31.75,30,32.1,10,35,"7,00",1.00,2.9%,34.9,"1,00",35,"1,90",35.9,"1,10","9,30",36,35,N,N,"6,657,01"
2021-10-30 17:12:00.138529,ABT,36.35,31.65,34,31.7,30,31.75,30,32.1,10,35,"7,00",1.00,2.9%,34.9,"1,00",35,"1,90",35.9,"1,10","9,30",36,35,N,N,"6,657,01"
2021-10-30 17:12:01.460327,ABT,36.35,31.65,34,31.7,30,31.75,30,32.1,10,35,"7,00",1.00,2.9%,34.9,"1,00",35,"1,90",35.9,"1,10","9,30",36,35,N,N,"6,657,01"
